week_ending_date,date,Large_Spec_Net,Commercial_Net,open_interest,fedwatch_dovish_prob,central_bank_bias,SDI,Commercial_Net_52w_Low,Commercial_Net_52w_High,MACRO_GATE,source
1986-01-15,1986-01-15,10883.0,-9028.0,148186.0,,,,,,CLOSED,CFTC_COT+FRED
1986-01-31,1986-01-31,6061.0,-2988.0,144149.0,,,,,,CLOSED,CFTC_COT+FRED
1986-02-14,1986-02-14,-6772.0,18095.0,139995.0,,,,,,CLOSED,CFTC_COT+FRED
1986-02-28,1986-02-28,-4231.0,17926.0,143752.0,,,,,,CLOSED,CFTC_COT+FRED
1986-03-14,1986-03-14,1622.0,7272.0,142868.0,,,,,,CLOSED,CFTC_COT+FRED
1986-03-31,1986-03-31,-1589.0,21726.0,136568.0,,,,,,CLOSED,CFTC_COT+FRED
1986-04-15,1986-04-15,-13611.0,31643.0,138825.0,,,,,,CLOSED,CFTC_COT+FRED
1986-04-30,1986-04-30,-2360.0,15959.0,132088.0,,,,,,CLOSED,CFTC_COT+FRED
1986-05-15,1986-05-15,-5726.0,23284.0,132147.0,,,,,,CLOSED,CFTC_COT+FRED
1986-05-30,1986-05-30,-8701.0,21760.0,115038.0,,,,,,CLOSED,CFTC_COT+FRED
1986-06-13,1986-06-13,818.0,2616.0,115960.0,,,,,,CLOSED,CFTC_COT+FRED
1986-06-30,1986-06-30,-8270.0,26010.0,120954.0,,,,,,CLOSED,CFTC_COT+FRED
1986-07-15,1986-07-15,-5248.0,18403.0,121925.0,,,,,,CLOSED,CFTC_COT+FRED
1986-07-31,1986-07-31,9077.0,-2043.0,125988.0,,,,,,CLOSED,CFTC_COT+FRED
1986-08-15,1986-08-15,12645.0,-15120.0,134903.0,,,,,,CLOSED,CFTC_COT+FRED
1986-08-29,1986-08-29,12938.0,-14969.0,136959.0,,,,,,CLOSED,CFTC_COT+FRED
1986-09-15,1986-09-15,14384.0,-26409.0,149809.0,,,,,,CLOSED,CFTC_COT+FRED
1986-09-30,1986-09-30,14581.0,-27726.0,136574.0,,,,,,CLOSED,CFTC_COT+FRED
1986-10-15,1986-10-15,11035.0,-18928.0,147411.0,,,,,,CLOSED,CFTC_COT+FRED
1986-10-31,1986-10-31,3300.0,-11235.0,146778.0,,,,,,CLOSED,CFTC_COT+FRED
1986-11-14,1986-11-14,3911.0,-7996.0,150800.0,,,,,,CLOSED,CFTC_COT+FRED
1986-11-28,1986-11-28,1299.0,-2135.0,131679.0,,,,,,CLOSED,CFTC_COT+FRED
1986-12-15,1986-12-15,2062.0,-3250.0,134005.0,,,,,,CLOSED,CFTC_COT+FRED
1986-12-31,1986-12-31,1058.0,-4699.0,140744.0,,,,,,CLOSED,CFTC_COT+FRED
1987-01-15,1987-01-15,5916.0,-19558.0,139318.0,,,,,,CLOSED,CFTC_COT+FRED
1987-01-30,1987-01-30,4431.0,-15202.0,130078.0,,,,,,CLOSED,CFTC_COT+FRED
1987-02-13,1987-02-13,-6319.0,4494.0,138130.0,,,,,,CLOSED,CFTC_COT+FRED
1987-02-27,1987-02-27,-4924.0,-3765.0,140016.0,,,,,,CLOSED,CFTC_COT+FRED
1987-03-13,1987-03-13,389.0,-8049.0,145109.0,,,,,,CLOSED,CFTC_COT+FRED
1987-03-31,1987-03-31,8388.0,-29207.0,156832.0,,,,,,CLOSED,CFTC_COT+FRED
1987-04-15,1987-04-15,18254.0,-44082.0,171395.0,,,,,,CLOSED,CFTC_COT+FRED
1987-04-30,1987-04-30,11751.0,-39705.0,175437.0,,,,,,CLOSED,CFTC_COT+FRED
1987-05-15,1987-05-15,26703.0,-70342.0,170819.0,,,,,,CLOSED,CFTC_COT+FRED
1987-05-29,1987-05-29,15562.0,-30398.0,150964.0,,,,,,CLOSED,CFTC_COT+FRED
1987-06-15,1987-06-15,8481.0,-25730.0,149219.0,,,,,,CLOSED,CFTC_COT+FRED
1987-06-30,1987-06-30,3855.0,-14303.0,146960.0,,,,,,CLOSED,CFTC_COT+FRED
1987-07-15,1987-07-15,8618.0,-24967.0,146076.0,,,,,,CLOSED,CFTC_COT+FRED
1987-07-31,1987-07-31,17088.0,-42660.0,150523.0,,,,,,CLOSED,CFTC_COT+FRED
1987-08-14,1987-08-14,8210.0,-31407.0,150693.0,,,,,,CLOSED,CFTC_COT+FRED
1987-08-31,1987-08-31,524.0,-16518.0,148815.0,,,,,,CLOSED,CFTC_COT+FRED
1987-09-15,1987-09-15,3947.0,-23095.0,146895.0,,,,,,CLOSED,CFTC_COT+FRED
1987-09-30,1987-09-30,7102.0,-22116.0,142634.0,,,,,,CLOSED,CFTC_COT+FRED
1987-10-15,1987-10-15,12747.0,-29874.0,143498.0,,,,,,CLOSED,CFTC_COT+FRED
1987-10-30,1987-10-30,5827.0,-14442.0,133422.0,,,,,,CLOSED,CFTC_COT+FRED
1987-11-13,1987-11-13,1440.0,1433.0,132803.0,,,,,,CLOSED,CFTC_COT+FRED
1987-11-30,1987-11-30,15817.0,-19898.0,152206.0,,,,,,CLOSED,CFTC_COT+FRED
1987-12-15,1987-12-15,11621.0,-14661.0,158831.0,,,,,,CLOSED,CFTC_COT+FRED
1987-12-31,1987-12-31,5169.0,-3639.0,150106.0,,,,,,CLOSED,CFTC_COT+FRED
1988-01-15,1988-01-15,3481.0,1728.0,146350.0,,,,,,CLOSED,CFTC_COT+FRED
1988-01-29,1988-01-29,-9234.0,24328.0,146192.0,,,,,,CLOSED,CFTC_COT+FRED
1988-02-12,1988-02-12,-22871.0,37038.0,150569.0,,,,,,CLOSED,CFTC_COT+FRED
1988-02-29,1988-02-29,-25740.0,15718.0,158223.0,,,0.8015,-70342.0,37038.0,CLOSED,CFTC_COT+FRED
1988-03-15,1988-03-15,-17447.0,9258.0,161792.0,,,0.7413,-70342.0,37038.0,CLOSED,CFTC_COT+FRED
1988-03-31,1988-03-31,-18622.0,4187.0,148310.0,,,0.6941,-70342.0,37038.0,CLOSED,CFTC_COT+FRED
1988-04-15,1988-04-15,-18950.0,5046.0,156961.0,,,0.7021,-70342.0,37038.0,CLOSED,CFTC_COT+FRED
1988-04-29,1988-04-29,-17099.0,33107.0,154184.0,,,0.9634,-70342.0,37038.0,CLOSED,CFTC_COT+FRED
1988-05-13,1988-05-13,-8567.0,26893.0,153681.0,,,0.9055,-70342.0,37038.0,CLOSED,CFTC_COT+FRED
1988-05-31,1988-05-31,-2747.0,7050.0,146461.0,,,0.7207,-70342.0,37038.0,CLOSED,CFTC_COT+FRED
1988-06-15,1988-06-15,-3270.0,7024.0,142022.0,,,0.7205,-70342.0,37038.0,CLOSED,CFTC_COT+FRED
1988-06-30,1988-06-30,-18368.0,30527.0,151645.0,,,0.9394,-70342.0,37038.0,CLOSED,CFTC_COT+FRED
1988-07-15,1988-07-15,-14092.0,24912.0,149809.0,,,0.8871,-70342.0,37038.0,CLOSED,CFTC_COT+FRED
1988-07-29,1988-07-29,-14919.0,30559.0,139382.0,,,0.9397,-70342.0,37038.0,CLOSED,CFTC_COT+FRED
1988-08-15,1988-08-15,-13787.0,24059.0,139252.0,,,0.8791,-70342.0,37038.0,CLOSED,CFTC_COT+FRED
1988-08-31,1988-08-31,-13510.0,24559.0,142631.0,,,0.8838,-70342.0,37038.0,CLOSED,CFTC_COT+FRED
1988-09-15,1988-09-15,-23935.0,42979.0,155243.0,,,1.0,-70342.0,42979.0,CLOSED,CFTC_COT+FRED
1988-09-30,1988-09-30,-28637.0,40012.0,156546.0,,,0.9738,-70342.0,42979.0,CLOSED,CFTC_COT+FRED
1988-10-14,1988-10-14,-29270.0,37114.0,159467.0,,,0.9482,-70342.0,42979.0,CLOSED,CFTC_COT+FRED
1988-10-31,1988-10-31,-26977.0,38213.0,160894.0,,,0.9579,-70342.0,42979.0,CLOSED,CFTC_COT+FRED
1988-11-15,1988-11-15,-7771.0,16958.0,148897.0,,,0.7704,-70342.0,42979.0,CLOSED,CFTC_COT+FRED
1988-11-30,1988-11-30,-11746.0,23638.0,148286.0,,,0.8293,-70342.0,42979.0,CLOSED,CFTC_COT+FRED
1988-12-15,1988-12-15,-12203.0,28696.0,145811.0,,,0.874,-70342.0,42979.0,CLOSED,CFTC_COT+FRED
1988-12-30,1988-12-30,-14963.0,33809.0,152731.0,,,0.9191,-70342.0,42979.0,CLOSED,CFTC_COT+FRED
1989-01-13,1989-01-13,-24161.0,44739.0,163937.0,,,1.0,-70342.0,44739.0,CLOSED,CFTC_COT+FRED
1989-01-31,1989-01-31,-32902.0,57851.0,170221.0,,,1.0,-70342.0,57851.0,CLOSED,CFTC_COT+FRED
1989-02-15,1989-02-15,-27002.0,44998.0,168943.0,,,0.8997,-70342.0,57851.0,CLOSED,CFTC_COT+FRED
1989-02-28,1989-02-28,-28038.0,44222.0,165774.0,,,0.8937,-70342.0,57851.0,CLOSED,CFTC_COT+FRED
1989-03-15,1989-03-15,-19328.0,27073.0,165615.0,,,0.7599,-70342.0,57851.0,CLOSED,CFTC_COT+FRED
1989-03-31,1989-03-31,-30525.0,49040.0,163649.0,,,0.9313,-70342.0,57851.0,CLOSED,CFTC_COT+FRED
1989-04-14,1989-04-14,-22922.0,37709.0,158340.0,,,0.8429,-70342.0,57851.0,CLOSED,CFTC_COT+FRED
1989-04-28,1989-04-28,-30472.0,51545.0,168488.0,,,0.9508,-70342.0,57851.0,CLOSED,CFTC_COT+FRED
1989-05-15,1989-05-15,-24235.0,49403.0,188114.0,,,0.9341,-70342.0,57851.0,CLOSED,CFTC_COT+FRED
1989-05-31,1989-05-31,-25471.0,52297.0,179513.0,,,0.9567,-70342.0,57851.0,CLOSED,CFTC_COT+FRED
1989-06-15,1989-06-15,-18132.0,35948.0,163699.0,,,0.8291,-70342.0,57851.0,CLOSED,CFTC_COT+FRED
1989-06-30,1989-06-30,-13081.0,25238.0,157858.0,,,0.7456,-70342.0,57851.0,CLOSED,CFTC_COT+FRED
1989-07-14,1989-07-14,-11791.0,23680.0,154241.0,,,0.66,-42660.0,57851.0,CLOSED,CFTC_COT+FRED
1989-07-31,1989-07-31,-14891.0,36157.0,148279.0,,,0.7842,-42660.0,57851.0,CLOSED,CFTC_COT+FRED
1989-08-15,1989-08-15,-14197.0,29262.0,147488.0,,,0.7156,-42660.0,57851.0,CLOSED,CFTC_COT+FRED
1989-08-31,1989-08-31,-25374.0,45469.0,156595.0,,,0.8768,-42660.0,57851.0,CLOSED,CFTC_COT+FRED
1989-09-15,1989-09-15,-13811.0,31653.0,154493.0,,,0.7394,-42660.0,57851.0,CLOSED,CFTC_COT+FRED
1989-09-29,1989-09-29,-11668.0,15100.0,147468.0,,,0.521,-31407.0,57851.0,CLOSED,CFTC_COT+FRED
1989-10-13,1989-10-13,-16561.0,28065.0,143681.0,,,0.6605,-29874.0,57851.0,CLOSED,CFTC_COT+FRED
1989-10-31,1989-10-31,2799.0,-5456.0,151142.0,,,0.2783,-29874.0,57851.0,CLOSED,CFTC_COT+FRED
1989-11-15,1989-11-15,13236.0,-24321.0,153379.0,,,0.0633,-29874.0,57851.0,CLOSED,CFTC_COT+FRED
1989-11-30,1989-11-30,17936.0,-30706.0,147759.0,,,0.0,-30706.0,57851.0,CLOSED,CFTC_COT+FRED
1989-12-15,1989-12-15,21925.0,-35350.0,156019.0,,,0.0,-35350.0,57851.0,CLOSED,CFTC_COT+FRED
1989-12-29,1989-12-29,14401.0,-16708.0,150931.0,,,0.2,-35350.0,57851.0,CLOSED,CFTC_COT+FRED
1990-01-15,1990-01-15,16544.0,-28156.0,149393.0,,,0.0772,-35350.0,57851.0,CLOSED,CFTC_COT+FRED
1990-01-31,1990-01-31,6373.0,-18120.0,131994.0,,,0.1849,-35350.0,57851.0,CLOSED,CFTC_COT+FRED
1990-02-15,1990-02-15,14750.0,-22412.0,130564.0,,,0.1388,-35350.0,57851.0,CLOSED,CFTC_COT+FRED
1990-02-28,1990-02-28,2976.0,-6211.0,121920.0,,,0.3126,-35350.0,57851.0,CLOSED,CFTC_COT+FRED
1990-03-15,1990-03-15,-4336.0,-821.0,132871.0,,,0.3705,-35350.0,57851.0,CLOSED,CFTC_COT+FRED
1990-03-30,1990-03-30,-12049.0,15981.0,116812.0,,,0.5508,-35350.0,57851.0,CLOSED,CFTC_COT+FRED
1990-04-12,1990-04-12,-14071.0,17322.0,118177.0,,,0.5651,-35350.0,57851.0,CLOSED,CFTC_COT+FRED
1990-04-30,1990-04-30,-14268.0,21843.0,123601.0,,,0.6137,-35350.0,57851.0,CLOSED,CFTC_COT+FRED
1990-05-15,1990-05-15,-14106.0,22934.0,118492.0,,,0.6254,-35350.0,57851.0,CLOSED,CFTC_COT+FRED
1990-05-31,1990-05-31,-13477.0,19018.0,104625.0,,,0.5833,-35350.0,57851.0,CLOSED,CFTC_COT+FRED
1990-06-15,1990-06-15,-22342.0,33925.0,117247.0,,,0.7433,-35350.0,57851.0,CLOSED,CFTC_COT+FRED
1990-06-29,1990-06-29,-15874.0,22603.0,112142.0,,,0.6218,-35350.0,57851.0,CLOSED,CFTC_COT+FRED
1990-07-13,1990-07-13,-9336.0,11683.0,107275.0,,,0.5046,-35350.0,57851.0,CLOSED,CFTC_COT+FRED
1990-07-31,1990-07-31,2141.0,-6494.0,98923.0,,,0.3096,-35350.0,57851.0,CLOSED,CFTC_COT+FRED
1990-08-15,1990-08-15,16308.0,-32490.0,125895.0,,,0.0307,-35350.0,57851.0,CLOSED,CFTC_COT+FRED
1990-08-31,1990-08-31,10295.0,-24045.0,123147.0,,,0.1213,-35350.0,57851.0,CLOSED,CFTC_COT+FRED
1990-09-14,1990-09-14,6057.0,-11381.0,113077.0,,,0.2572,-35350.0,57851.0,CLOSED,CFTC_COT+FRED
1990-09-28,1990-09-28,21497.0,-38508.0,116620.0,,,0.0,-38508.0,57851.0,CLOSED,CFTC_COT+FRED
1990-10-15,1990-10-15,8731.0,-6558.0,116656.0,,,0.3316,-38508.0,57851.0,CLOSED,CFTC_COT+FRED
1990-10-31,1990-10-31,1582.0,405.0,114534.0,,,0.4038,-38508.0,57851.0,CLOSED,CFTC_COT+FRED
1990-11-15,1990-11-15,-2311.0,5002.0,111194.0,,,0.4515,-38508.0,57851.0,CLOSED,CFTC_COT+FRED
1990-11-30,1990-11-30,1129.0,-1266.0,101946.0,,,0.3865,-38508.0,57851.0,CLOSED,CFTC_COT+FRED
1990-12-14,1990-12-14,-5751.0,15475.0,111586.0,,,0.5602,-38508.0,57851.0,CLOSED,CFTC_COT+FRED
1990-12-31,1990-12-31,4802.0,-10181.0,107610.0,,,0.294,-38508.0,57851.0,CLOSED,CFTC_COT+FRED
1991-01-15,1991-01-15,11526.0,-24703.0,118173.0,,,0.1433,-38508.0,57851.0,CLOSED,CFTC_COT+FRED
1991-01-31,1991-01-31,-12258.0,18276.0,93496.0,,,0.5893,-38508.0,57851.0,CLOSED,CFTC_COT+FRED
1991-02-15,1991-02-15,-14365.0,24123.0,95750.0,,,0.65,-38508.0,57851.0,CLOSED,CFTC_COT+FRED
1991-02-28,1991-02-28,-14835.0,25298.0,98025.0,,,0.6622,-38508.0,57851.0,CLOSED,CFTC_COT+FRED
1991-03-15,1991-03-15,-11757.0,15243.0,98708.0,,,0.5578,-38508.0,57851.0,CLOSED,CFTC_COT+FRED
1991-03-28,1991-03-28,-19484.0,32408.0,102541.0,,,0.781,-38508.0,52297.0,CLOSED,CFTC_COT+FRED
1991-04-15,1991-04-15,-14161.0,21696.0,97290.0,,,0.663,-38508.0,52297.0,CLOSED,CFTC_COT+FRED
1991-04-30,1991-04-30,-21410.0,31892.0,108217.0,,,0.7753,-38508.0,52297.0,CLOSED,CFTC_COT+FRED
1991-05-15,1991-05-15,-10501.0,14680.0,99903.0,,,0.5857,-38508.0,52297.0,CLOSED,CFTC_COT+FRED
1991-05-31,1991-05-31,-9315.0,10394.0,91485.0,,,0.5385,-38508.0,52297.0,CLOSED,CFTC_COT+FRED
1991-06-14,1991-06-14,7867.0,-18153.0,91953.0,,,0.2242,-38508.0,52297.0,CLOSED,CFTC_COT+FRED
1991-06-28,1991-06-28,9293.0,-13419.0,87349.0,,,0.2763,-38508.0,52297.0,CLOSED,CFTC_COT+FRED
1991-07-15,1991-07-15,10568.0,-18137.0,95164.0,,,0.2243,-38508.0,52297.0,CLOSED,CFTC_COT+FRED
1991-07-31,1991-07-31,-2805.0,6038.0,87490.0,,,0.5305,-38508.0,45469.0,CLOSED,CFTC_COT+FRED
1991-08-15,1991-08-15,-14900.0,28166.0,101756.0,,,0.794,-38508.0,45469.0,CLOSED,CFTC_COT+FRED
1991-08-30,1991-08-30,-24627.0,39703.0,107993.0,,,0.9313,-38508.0,45469.0,CLOSED,CFTC_COT+FRED
1991-09-16,1991-09-16,-22133.0,34329.0,107449.0,,,0.8673,-38508.0,45469.0,CLOSED,CFTC_COT+FRED
1991-09-30,1991-09-30,-11352.0,15122.0,97904.0,,,0.6386,-38508.0,45469.0,CLOSED,CFTC_COT+FRED
1991-10-15,1991-10-15,1630.0,-4129.0,92152.0,,,0.4094,-38508.0,45469.0,CLOSED,CFTC_COT+FRED
1991-10-31,1991-10-31,3563.0,-7020.0,100311.0,,,0.4026,-38508.0,39703.0,CLOSED,CFTC_COT+FRED
1991-11-15,1991-11-15,-2940.0,5364.0,103034.0,,,0.5609,-38508.0,39703.0,CLOSED,CFTC_COT+FRED
1991-11-29,1991-11-29,28240.0,-40730.0,115496.0,,,0.0,-40730.0,39703.0,CLOSED,CFTC_COT+FRED
1991-12-13,1991-12-13,10479.0,-15050.0,103659.0,,,0.3193,-40730.0,39703.0,CLOSED,CFTC_COT+FRED
1991-12-31,1991-12-31,-4602.0,13180.0,114144.0,,,0.6702,-40730.0,39703.0,CLOSED,CFTC_COT+FRED
1992-01-15,1992-01-15,-4495.0,11772.0,104052.0,,,0.6527,-40730.0,39703.0,CLOSED,CFTC_COT+FRED
1992-01-31,1992-01-31,913.0,1271.0,102940.0,,,0.5222,-40730.0,39703.0,CLOSED,CFTC_COT+FRED
1992-02-14,1992-02-14,488.0,1968.0,100473.0,,,0.5309,-40730.0,39703.0,CLOSED,CFTC_COT+FRED
1992-02-28,1992-02-28,-6227.0,8329.0,102931.0,,,0.6099,-40730.0,39703.0,CLOSED,CFTC_COT+FRED
1992-03-13,1992-03-13,-14555.0,13803.0,113645.0,,,0.678,-40730.0,39703.0,CLOSED,CFTC_COT+FRED
1992-03-31,1992-03-31,-12612.0,18127.0,103658.0,,,0.7318,-40730.0,39703.0,CLOSED,CFTC_COT+FRED
1992-04-15,1992-04-15,-25112.0,30572.0,109312.0,,,0.8865,-40730.0,39703.0,CLOSED,CFTC_COT+FRED
1992-04-30,1992-04-30,-17979.0,22002.0,113724.0,,,0.7799,-40730.0,39703.0,CLOSED,CFTC_COT+FRED
1992-05-15,1992-05-15,-8315.0,9307.0,109747.0,,,0.6221,-40730.0,39703.0,CLOSED,CFTC_COT+FRED
1992-05-29,1992-05-29,-15869.0,16015.0,102788.0,,,0.7055,-40730.0,39703.0,CLOSED,CFTC_COT+FRED
1992-06-15,1992-06-15,6388.0,-15811.0,103229.0,,,0.3098,-40730.0,39703.0,CLOSED,CFTC_COT+FRED
1992-06-30,1992-06-30,3661.0,-14723.0,91162.0,,,0.3233,-40730.0,39703.0,CLOSED,CFTC_COT+FRED
1992-07-15,1992-07-15,24150.0,-42480.0,111763.0,,,0.0,-42480.0,39703.0,CLOSED,CFTC_COT+FRED
1992-07-31,1992-07-31,25413.0,-44018.0,112384.0,,,0.0,-44018.0,39703.0,CLOSED,CFTC_COT+FRED
1992-08-14,1992-08-14,-13219.0,16349.0,102784.0,,,0.721,-44018.0,39703.0,CLOSED,CFTC_COT+FRED
1992-08-31,1992-08-31,-13651.0,16459.0,99349.0,,,0.7224,-44018.0,39703.0,CLOSED,CFTC_COT+FRED
1992-09-15,1992-09-15,-8425.0,6667.0,100717.0,,,0.6054,-44018.0,39703.0,CLOSED,CFTC_COT+FRED
1992-09-30,1992-09-30,-2500.0,416.0,99191.0,,,0.5307,-44018.0,39703.0,CLOSED,CFTC_COT+FRED
1992-10-06,1992-10-06,-1977.0,-4041.0,101946.0,,,0.4775,-44018.0,39703.0,CLOSED,CFTC_COT+FRED
1992-10-13,1992-10-13,-4698.0,6804.0,101717.0,,,0.607,-44018.0,39703.0,CLOSED,CFTC_COT+FRED
1992-10-20,1992-10-20,-8436.0,11977.0,99420.0,,,0.6688,-44018.0,39703.0,CLOSED,CFTC_COT+FRED
1992-10-27,1992-10-27,-15305.0,23185.0,108776.0,,,0.8027,-44018.0,39703.0,CLOSED,CFTC_COT+FRED
1992-11-03,1992-11-03,-17428.0,23155.0,106734.0,,,0.8023,-44018.0,39703.0,CLOSED,CFTC_COT+FRED
1992-11-10,1992-11-10,-22040.0,25925.0,116747.0,,,0.8354,-44018.0,39703.0,CLOSED,CFTC_COT+FRED
1992-11-17,1992-11-17,-21220.0,25810.0,112935.0,,,0.8341,-44018.0,39703.0,CLOSED,CFTC_COT+FRED
1992-11-24,1992-11-24,-20429.0,23542.0,108774.0,,,0.807,-44018.0,39703.0,CLOSED,CFTC_COT+FRED
1992-12-01,1992-12-01,-22163.0,25588.0,98384.0,,,0.8314,-44018.0,39703.0,CLOSED,CFTC_COT+FRED
1992-12-08,1992-12-08,-18698.0,19200.0,96886.0,,,0.7551,-44018.0,39703.0,CLOSED,CFTC_COT+FRED
1992-12-15,1992-12-15,-18879.0,20273.0,99913.0,,,0.7679,-44018.0,39703.0,CLOSED,CFTC_COT+FRED
1992-12-22,1992-12-22,-14903.0,17085.0,103836.0,,,0.7298,-44018.0,39703.0,CLOSED,CFTC_COT+FRED
1992-12-29,1992-12-29,-18845.0,22500.0,107682.0,,,0.7945,-44018.0,39703.0,CLOSED,CFTC_COT+FRED
1993-01-05,1993-01-05,-21721.0,27337.0,113329.0,,,0.8523,-44018.0,39703.0,CLOSED,CFTC_COT+FRED
1993-01-12,1993-01-12,-27867.0,34536.0,113657.0,,,0.9383,-44018.0,39703.0,CLOSED,CFTC_COT+FRED
1993-01-19,1993-01-19,-28045.0,33551.0,115828.0,,,0.9265,-44018.0,39703.0,CLOSED,CFTC_COT+FRED
1993-01-26,1993-01-26,-21268.0,24361.0,109548.0,,,0.8167,-44018.0,39703.0,CLOSED,CFTC_COT+FRED
1993-02-02,1993-02-02,-18545.0,23654.0,104396.0,,,0.8083,-44018.0,39703.0,CLOSED,CFTC_COT+FRED
1993-02-09,1993-02-09,-18586.0,25456.0,113003.0,,,0.8298,-44018.0,39703.0,CLOSED,CFTC_COT+FRED
1993-02-16,1993-02-16,-10652.0,3936.0,111624.0,,,0.5728,-44018.0,39703.0,CLOSED,CFTC_COT+FRED
1993-02-23,1993-02-23,-8802.0,7583.0,108001.0,,,0.6163,-44018.0,39703.0,CLOSED,CFTC_COT+FRED
1993-03-02,1993-03-02,-13382.0,12941.0,109864.0,,,0.6803,-44018.0,39703.0,CLOSED,CFTC_COT+FRED
1993-03-09,1993-03-09,-24263.0,30584.0,118364.0,,,0.8911,-44018.0,39703.0,CLOSED,CFTC_COT+FRED
1993-03-16,1993-03-16,-15140.0,19752.0,118169.0,,,0.7617,-44018.0,39703.0,CLOSED,CFTC_COT+FRED
1993-03-23,1993-03-23,2461.0,-11767.0,112481.0,,,0.3852,-44018.0,39703.0,CLOSED,CFTC_COT+FRED
1993-03-30,1993-03-30,22718.0,-41270.0,127614.0,,,0.035,-44018.0,34536.0,CLOSED,CFTC_COT+FRED
1993-04-06,1993-04-06,40108.0,-59801.0,134202.0,,,0.0,-59801.0,34536.0,CLOSED,CFTC_COT+FRED
1993-04-13,1993-04-13,41010.0,-61004.0,134188.0,,,0.0,-61004.0,34536.0,CLOSED,CFTC_COT+FRED
1993-04-20,1993-04-20,36493.0,-57351.0,137431.0,,,0.0382,-61004.0,34536.0,CLOSED,CFTC_COT+FRED
1993-04-27,1993-04-27,50165.0,-72069.0,156996.0,,,0.0,-72069.0,34536.0,CLOSED,CFTC_COT+FRED
1993-05-04,1993-05-04,56598.0,-80148.0,164403.0,,,0.0,-80148.0,34536.0,CLOSED,CFTC_COT+FRED
1993-05-11,1993-05-11,54568.0,-81601.0,167088.0,,,0.0,-81601.0,34536.0,CLOSED,CFTC_COT+FRED
1993-05-18,1993-05-18,67273.0,-98442.0,178417.0,,,0.0,-98442.0,34536.0,CLOSED,CFTC_COT+FRED
1993-05-25,1993-05-25,53165.0,-87575.0,174530.0,,,0.0817,-98442.0,34536.0,CLOSED,CFTC_COT+FRED
1993-06-01,1993-06-01,51017.0,-80385.0,175145.0,,,0.1358,-98442.0,34536.0,CLOSED,CFTC_COT+FRED
1993-06-08,1993-06-08,46979.0,-74571.0,171089.0,,,0.1795,-98442.0,34536.0,CLOSED,CFTC_COT+FRED
1993-06-15,1993-06-15,38569.0,-57371.0,164461.0,,,0.3089,-98442.0,34536.0,CLOSED,CFTC_COT+FRED
1993-06-22,1993-06-22,43309.0,-61776.0,167368.0,,,0.2757,-98442.0,34536.0,CLOSED,CFTC_COT+FRED
1993-06-29,1993-06-29,48929.0,-76470.0,174697.0,,,0.1652,-98442.0,34536.0,CLOSED,CFTC_COT+FRED
1993-07-06,1993-07-06,56637.0,-89576.0,199471.0,,,0.0667,-98442.0,34536.0,CLOSED,CFTC_COT+FRED
1993-07-13,1993-07-13,63201.0,-93390.0,204057.0,,,0.038,-98442.0,34536.0,CLOSED,CFTC_COT+FRED
1993-07-20,1993-07-20,64482.0,-95498.0,204642.0,,,0.0221,-98442.0,34536.0,CLOSED,CFTC_COT+FRED
1993-07-27,1993-07-27,58849.0,-91638.0,197704.0,,,0.0512,-98442.0,34536.0,CLOSED,CFTC_COT+FRED
1993-08-03,1993-08-03,69597.0,-113071.0,206869.0,,,0.0,-113071.0,34536.0,CLOSED,CFTC_COT+FRED
1993-08-10,1993-08-10,42366.0,-64385.0,176847.0,,,0.3298,-113071.0,34536.0,CLOSED,CFTC_COT+FRED
1993-08-17,1993-08-17,28996.0,-52663.0,172814.0,,,0.4092,-113071.0,34536.0,CLOSED,CFTC_COT+FRED
1993-08-24,1993-08-24,32666.0,-56166.0,172556.0,,,0.3855,-113071.0,34536.0,CLOSED,CFTC_COT+FRED
1993-08-31,1993-08-31,36089.0,-56464.0,175913.0,,,0.3835,-113071.0,34536.0,CLOSED,CFTC_COT+FRED
1993-09-07,1993-09-07,26752.0,-35878.0,179032.0,,,0.523,-113071.0,34536.0,CLOSED,CFTC_COT+FRED
1993-09-14,1993-09-14,20520.0,-27034.0,171512.0,,,0.5829,-113071.0,34536.0,CLOSED,CFTC_COT+FRED
1993-09-21,1993-09-21,16570.0,-27719.0,159931.0,,,0.5782,-113071.0,34536.0,CLOSED,CFTC_COT+FRED
1993-09-28,1993-09-28,16135.0,-28063.0,154198.0,,,0.5759,-113071.0,34536.0,CLOSED,CFTC_COT+FRED
1993-10-05,1993-10-05,13227.0,-22167.0,151216.0,,,0.6159,-113071.0,34536.0,CLOSED,CFTC_COT+FRED
1993-10-12,1993-10-12,25891.0,-43835.0,151204.0,,,0.4691,-113071.0,34536.0,CLOSED,CFTC_COT+FRED
1993-10-19,1993-10-19,28138.0,-49343.0,149633.0,,,0.4317,-113071.0,34536.0,CLOSED,CFTC_COT+FRED
1993-10-26,1993-10-26,31044.0,-51854.0,154785.0,,,0.4147,-113071.0,34536.0,CLOSED,CFTC_COT+FRED
1993-11-02,1993-11-02,25134.0,-41148.0,146843.0,,,0.4873,-113071.0,34536.0,CLOSED,CFTC_COT+FRED
1993-11-09,1993-11-09,31416.0,-56797.0,154670.0,,,0.3812,-113071.0,34536.0,CLOSED,CFTC_COT+FRED
1993-11-16,1993-11-16,34752.0,-63951.0,151618.0,,,0.3328,-113071.0,34536.0,CLOSED,CFTC_COT+FRED
1993-11-23,1993-11-23,35913.0,-63066.0,154281.0,,,0.3388,-113071.0,34536.0,CLOSED,CFTC_COT+FRED
1993-11-30,1993-11-30,24551.0,-42809.0,147175.0,,,0.476,-113071.0,34536.0,CLOSED,CFTC_COT+FRED
1993-12-07,1993-12-07,32153.0,-57671.0,142524.0,,,0.3753,-113071.0,34536.0,CLOSED,CFTC_COT+FRED
1993-12-14,1993-12-14,44884.0,-73643.0,156428.0,,,0.2671,-113071.0,34536.0,CLOSED,CFTC_COT+FRED
1993-12-21,1993-12-21,45594.0,-74408.0,159335.0,,,0.2619,-113071.0,34536.0,CLOSED,CFTC_COT+FRED
1993-12-28,1993-12-28,45785.0,-73471.0,159847.0,,,0.2683,-113071.0,34536.0,CLOSED,CFTC_COT+FRED
1994-01-04,1994-01-04,49762.0,-83485.0,170497.0,,,0.2004,-113071.0,34536.0,CLOSED,CFTC_COT+FRED
1994-01-11,1994-01-11,41333.0,-63226.0,157271.0,,,0.34,-113071.0,33551.0,CLOSED,CFTC_COT+FRED
1994-01-18,1994-01-18,44728.0,-76460.0,159083.0,,,0.2549,-113071.0,30584.0,CLOSED,CFTC_COT+FRED
1994-01-25,1994-01-25,28503.0,-51813.0,147945.0,,,0.4264,-113071.0,30584.0,CLOSED,CFTC_COT+FRED
1994-02-01,1994-02-01,20778.0,-39845.0,134302.0,,,0.5097,-113071.0,30584.0,CLOSED,CFTC_COT+FRED
1994-02-08,1994-02-08,20471.0,-36859.0,136106.0,,,0.5305,-113071.0,30584.0,CLOSED,CFTC_COT+FRED
1994-02-15,1994-02-15,20610.0,-37907.0,140211.0,,,0.5232,-113071.0,30584.0,CLOSED,CFTC_COT+FRED
1994-02-22,1994-02-22,12180.0,-29851.0,139965.0,,,0.5793,-113071.0,30584.0,CLOSED,CFTC_COT+FRED
1994-03-01,1994-03-01,7476.0,-22080.0,148260.0,,,0.6334,-113071.0,30584.0,CLOSED,CFTC_COT+FRED
1994-03-08,1994-03-08,1064.0,-13992.0,146116.0,,,0.7459,-113071.0,19752.0,CLOSED,CFTC_COT+FRED
1994-03-15,1994-03-15,20738.0,-41472.0,142387.0,,,0.7068,-113071.0,-11767.0,CLOSED,CFTC_COT+FRED
1994-03-22,1994-03-22,22240.0,-48303.0,147001.0,,,0.6537,-113071.0,-13992.0,CLOSED,CFTC_COT+FRED
1994-03-29,1994-03-29,23715.0,-53193.0,147441.0,,,0.6043,-113071.0,-13992.0,CLOSED,CFTC_COT+FRED
1994-04-05,1994-04-05,17405.0,-46375.0,138683.0,,,0.6732,-113071.0,-13992.0,CLOSED,CFTC_COT+FRED
1994-04-12,1994-04-12,3038.0,-22186.0,140190.0,,,0.9173,-113071.0,-13992.0,CLOSED,CFTC_COT+FRED
1994-04-19,1994-04-19,-16821.0,4640.0,150065.0,,,1.0,-113071.0,4640.0,CLOSED,CFTC_COT+FRED
1994-04-26,1994-04-26,-26715.0,12318.0,149682.0,,,1.0,-113071.0,12318.0,CLOSED,CFTC_COT+FRED
1994-05-03,1994-05-03,-25375.0,13400.0,150507.0,,,1.0,-113071.0,13400.0,CLOSED,CFTC_COT+FRED
1994-05-10,1994-05-10,-8341.0,-7478.0,142039.0,,,0.8349,-113071.0,13400.0,CLOSED,CFTC_COT+FRED
1994-05-17,1994-05-17,-2182.0,-16807.0,144784.0,,,0.7612,-113071.0,13400.0,CLOSED,CFTC_COT+FRED
1994-05-24,1994-05-24,8291.0,-28212.0,154408.0,,,0.671,-113071.0,13400.0,CLOSED,CFTC_COT+FRED
1994-05-31,1994-05-31,21514.0,-38468.0,148143.0,,,0.5899,-113071.0,13400.0,CLOSED,CFTC_COT+FRED
1994-06-07,1994-06-07,5433.0,-20139.0,136615.0,,,0.7348,-113071.0,13400.0,CLOSED,CFTC_COT+FRED
1994-06-14,1994-06-14,10225.0,-25825.0,138822.0,,,0.6898,-113071.0,13400.0,CLOSED,CFTC_COT+FRED
1994-06-21,1994-06-21,33546.0,-61377.0,161383.0,,,0.4087,-113071.0,13400.0,CLOSED,CFTC_COT+FRED
1994-06-28,1994-06-28,15934.0,-37840.0,148851.0,,,0.5948,-113071.0,13400.0,CLOSED,CFTC_COT+FRED
1994-07-05,1994-07-05,13028.0,-35976.0,146005.0,,,0.6096,-113071.0,13400.0,CLOSED,CFTC_COT+FRED
1994-07-12,1994-07-12,9655.0,-31331.0,145019.0,,,0.6463,-113071.0,13400.0,CLOSED,CFTC_COT+FRED
1994-07-19,1994-07-19,10011.0,-26287.0,153041.0,,,0.6862,-113071.0,13400.0,CLOSED,CFTC_COT+FRED
1994-07-26,1994-07-26,11391.0,-30011.0,149109.0,,,0.6568,-113071.0,13400.0,CLOSED,CFTC_COT+FRED
1994-08-02,1994-08-02,-4901.0,-1400.0,145660.0,,,0.8472,-83485.0,13400.0,CLOSED,CFTC_COT+FRED
1994-08-09,1994-08-09,-13550.0,7440.0,155058.0,,,0.9385,-83485.0,13400.0,CLOSED,CFTC_COT+FRED
1994-08-16,1994-08-16,-17728.0,14907.0,160298.0,,,1.0,-83485.0,14907.0,CLOSED,CFTC_COT+FRED
1994-08-23,1994-08-23,-7901.0,1801.0,156684.0,,,0.8668,-83485.0,14907.0,CLOSED,CFTC_COT+FRED
1994-08-30,1994-08-30,15044.0,-29691.0,156676.0,,,0.5467,-83485.0,14907.0,CLOSED,CFTC_COT+FRED
1994-09-06,1994-09-06,18840.0,-37112.0,157364.0,,,0.4713,-83485.0,14907.0,CLOSED,CFTC_COT+FRED
1994-09-13,1994-09-13,31808.0,-52408.0,159123.0,,,0.3158,-83485.0,14907.0,CLOSED,CFTC_COT+FRED
1994-09-20,1994-09-20,47045.0,-76264.0,174646.0,,,0.0734,-83485.0,14907.0,CLOSED,CFTC_COT+FRED
1994-09-27,1994-09-27,58198.0,-84894.0,184697.0,,,0.0,-84894.0,14907.0,CLOSED,CFTC_COT+FRED
1994-10-04,1994-10-04,57440.0,-84664.0,188054.0,,,0.0023,-84894.0,14907.0,CLOSED,CFTC_COT+FRED
1994-10-11,1994-10-11,27284.0,-46359.0,164252.0,,,0.3861,-84894.0,14907.0,CLOSED,CFTC_COT+FRED
1994-10-18,1994-10-18,16986.0,-35804.0,156161.0,,,0.4919,-84894.0,14907.0,CLOSED,CFTC_COT+FRED
1994-10-25,1994-10-25,21671.0,-40185.0,157554.0,,,0.448,-84894.0,14907.0,CLOSED,CFTC_COT+FRED
1994-11-01,1994-11-01,-7664.0,-2631.0,163943.0,,,0.8243,-84894.0,14907.0,CLOSED,CFTC_COT+FRED
1994-11-08,1994-11-08,-10416.0,-1768.0,166608.0,,,0.8329,-84894.0,14907.0,CLOSED,CFTC_COT+FRED
1994-11-15,1994-11-15,-14600.0,3055.0,166090.0,,,0.8812,-84894.0,14907.0,CLOSED,CFTC_COT+FRED
1994-11-22,1994-11-22,-14099.0,7053.0,170691.0,,,0.9213,-84894.0,14907.0,CLOSED,CFTC_COT+FRED
1994-11-29,1994-11-29,-20400.0,15250.0,172690.0,,,1.0,-84894.0,15250.0,CLOSED,CFTC_COT+FRED
1994-12-06,1994-12-06,-45078.0,48754.0,180619.0,,,1.0,-84894.0,48754.0,CLOSED,CFTC_COT+FRED
1994-12-13,1994-12-13,-46879.0,47976.0,179346.0,,,0.9942,-84894.0,48754.0,CLOSED,CFTC_COT+FRED
1994-12-20,1994-12-20,-40107.0,38137.0,175686.0,,,0.9206,-84894.0,48754.0,CLOSED,CFTC_COT+FRED
1994-12-27,1994-12-27,-40228.0,38637.0,179759.0,,,0.9243,-84894.0,48754.0,CLOSED,CFTC_COT+FRED
1995-01-03,1995-01-03,-34066.0,31768.0,178399.0,,,0.8729,-84894.0,48754.0,CLOSED,CFTC_COT+FRED
1995-01-10,1995-01-10,-49579.0,56546.0,196271.0,,,1.0,-84894.0,56546.0,CLOSED,CFTC_COT+FRED
1995-01-17,1995-01-17,-37834.0,40948.0,188429.0,,,0.8897,-84894.0,56546.0,CLOSED,CFTC_COT+FRED
1995-01-24,1995-01-24,-21914.0,24387.0,175858.0,,,0.7726,-84894.0,56546.0,CLOSED,CFTC_COT+FRED
1995-01-31,1995-01-31,-30580.0,33225.0,171777.0,,,0.8351,-84894.0,56546.0,CLOSED,CFTC_COT+FRED
1995-02-07,1995-02-07,-31103.0,36209.0,172009.0,,,0.8562,-84894.0,56546.0,CLOSED,CFTC_COT+FRED
1995-02-14,1995-02-14,-29254.0,33652.0,171401.0,,,0.8381,-84894.0,56546.0,CLOSED,CFTC_COT+FRED
1995-02-21,1995-02-21,-23766.0,20967.0,169377.0,,,0.7485,-84894.0,56546.0,CLOSED,CFTC_COT+FRED
1995-02-28,1995-02-28,-29233.0,29426.0,174285.0,,,0.8083,-84894.0,56546.0,CLOSED,CFTC_COT+FRED
1995-03-07,1995-03-07,-9534.0,-1329.0,168151.0,,,0.5908,-84894.0,56546.0,CLOSED,CFTC_COT+FRED
1995-03-14,1995-03-14,6951.0,-18210.0,167938.0,,,0.4715,-84894.0,56546.0,CLOSED,CFTC_COT+FRED
1995-03-21,1995-03-21,3633.0,-14637.0,168138.0,,,0.4967,-84894.0,56546.0,CLOSED,CFTC_COT+FRED
1995-03-28,1995-03-28,841.0,-15416.0,162245.0,,,0.4912,-84894.0,56546.0,CLOSED,CFTC_COT+FRED
1995-04-04,1995-04-04,33691.0,-55256.0,187495.0,,,0.2095,-84894.0,56546.0,CLOSED,CFTC_COT+FRED
1995-04-11,1995-04-11,36445.0,-60838.0,191233.0,,,0.1701,-84894.0,56546.0,CLOSED,CFTC_COT+FRED
1995-04-18,1995-04-18,38686.0,-66611.0,198168.0,,,0.1293,-84894.0,56546.0,CLOSED,CFTC_COT+FRED
1995-04-25,1995-04-25,35873.0,-62588.0,196084.0,,,0.1577,-84894.0,56546.0,CLOSED,CFTC_COT+FRED
1995-05-02,1995-05-02,18691.0,-37149.0,177178.0,,,0.3376,-84894.0,56546.0,CLOSED,CFTC_COT+FRED
1995-05-09,1995-05-09,-1135.0,-7484.0,170206.0,,,0.5473,-84894.0,56546.0,CLOSED,CFTC_COT+FRED
1995-05-16,1995-05-16,-6041.0,1564.0,173860.0,,,0.6113,-84894.0,56546.0,CLOSED,CFTC_COT+FRED
1995-05-23,1995-05-23,-10517.0,7016.0,181812.0,,,0.6498,-84894.0,56546.0,CLOSED,CFTC_COT+FRED
1995-05-30,1995-05-30,-6054.0,946.0,159456.0,,,0.6069,-84894.0,56546.0,CLOSED,CFTC_COT+FRED
1995-06-06,1995-06-06,-4280.0,-1209.0,170887.0,,,0.5917,-84894.0,56546.0,CLOSED,CFTC_COT+FRED
1995-06-13,1995-06-13,4428.0,-13320.0,164848.0,,,0.506,-84894.0,56546.0,CLOSED,CFTC_COT+FRED
1995-06-20,1995-06-20,26167.0,-38185.0,183209.0,,,0.3302,-84894.0,56546.0,CLOSED,CFTC_COT+FRED
1995-06-27,1995-06-27,21441.0,-31775.0,177052.0,,,0.3756,-84894.0,56546.0,CLOSED,CFTC_COT+FRED
1995-07-03,1995-07-03,-3573.0,2116.0,175928.0,,,0.6152,-84894.0,56546.0,CLOSED,CFTC_COT+FRED
1995-07-11,1995-07-11,-12107.0,11334.0,184850.0,,,0.6803,-84894.0,56546.0,CLOSED,CFTC_COT+FRED
1995-07-18,1995-07-18,7880.0,-14040.0,171900.0,,,0.5009,-84894.0,56546.0,CLOSED,CFTC_COT+FRED
1995-07-25,1995-07-25,2003.0,-4311.0,168448.0,,,0.5697,-84894.0,56546.0,CLOSED,CFTC_COT+FRED
1995-08-01,1995-08-01,-27149.0,29919.0,170099.0,,,0.8117,-84894.0,56546.0,CLOSED,CFTC_COT+FRED
1995-08-08,1995-08-08,-30990.0,31362.0,177811.0,,,0.8219,-84894.0,56546.0,CLOSED,CFTC_COT+FRED
1995-08-15,1995-08-15,-17215.0,12842.0,173296.0,,,0.691,-84894.0,56546.0,CLOSED,CFTC_COT+FRED
1995-08-22,1995-08-22,-33118.0,31023.0,175852.0,,,0.8195,-84894.0,56546.0,CLOSED,CFTC_COT+FRED
1995-08-29,1995-08-29,-36327.0,34774.0,177422.0,,,0.8461,-84894.0,56546.0,CLOSED,CFTC_COT+FRED
1995-09-05,1995-09-05,-41350.0,42665.0,183988.0,,,0.9019,-84894.0,56546.0,CLOSED,CFTC_COT+FRED
1995-09-12,1995-09-12,-29034.0,26282.0,186741.0,,,0.786,-84894.0,56546.0,CLOSED,CFTC_COT+FRED
1995-09-19,1995-09-19,-21757.0,15981.0,188070.0,,,0.7132,-84894.0,56546.0,CLOSED,CFTC_COT+FRED
1995-09-26,1995-09-26,-26847.0,23033.0,184643.0,,,0.7627,-84664.0,56546.0,CLOSED,CFTC_COT+FRED
1995-10-03,1995-10-03,-31589.0,31087.0,180193.0,,,0.7933,-66611.0,56546.0,CLOSED,CFTC_COT+FRED
1995-10-10,1995-10-10,-25188.0,20451.0,180595.0,,,0.7069,-66611.0,56546.0,CLOSED,CFTC_COT+FRED
1995-10-17,1995-10-17,-28422.0,24814.0,181415.0,,,0.7423,-66611.0,56546.0,CLOSED,CFTC_COT+FRED
1995-10-24,1995-10-24,-41419.0,40820.0,191143.0,,,0.8723,-66611.0,56546.0,CLOSED,CFTC_COT+FRED
1995-10-31,1995-10-31,-38626.0,38409.0,192942.0,,,0.8527,-66611.0,56546.0,CLOSED,CFTC_COT+FRED
1995-11-07,1995-11-07,-26204.0,19861.0,187463.0,,,0.7021,-66611.0,56546.0,CLOSED,CFTC_COT+FRED
1995-11-14,1995-11-14,8237.0,-21238.0,172130.0,,,0.3684,-66611.0,56546.0,CLOSED,CFTC_COT+FRED
1995-11-21,1995-11-21,2900.0,-13662.0,155570.0,,,0.4299,-66611.0,56546.0,CLOSED,CFTC_COT+FRED
1995-11-28,1995-11-28,-2422.0,-4871.0,150937.0,,,0.5013,-66611.0,56546.0,CLOSED,CFTC_COT+FRED
1995-12-05,1995-12-05,-292.0,-10005.0,139049.0,,,0.4596,-66611.0,56546.0,CLOSED,CFTC_COT+FRED
1995-12-12,1995-12-12,11085.0,-26042.0,144601.0,,,0.3294,-66611.0,56546.0,CLOSED,CFTC_COT+FRED
1995-12-19,1995-12-19,3027.0,-16781.0,142709.0,,,0.4046,-66611.0,56546.0,CLOSED,CFTC_COT+FRED
1995-12-26,1995-12-26,2260.0,-16670.0,141213.0,,,0.4055,-66611.0,56546.0,CLOSED,CFTC_COT+FRED
1996-01-02,1996-01-02,10394.0,-26283.0,148656.0,,,0.3275,-66611.0,56546.0,CLOSED,CFTC_COT+FRED
1996-01-09,1996-01-09,49651.0,-71987.0,196205.0,,,0.0,-71987.0,42665.0,CLOSED,CFTC_COT+FRED
1996-01-16,1996-01-16,58136.0,-85489.0,213033.0,,,0.0,-85489.0,42665.0,CLOSED,CFTC_COT+FRED
1996-01-23,1996-01-23,69342.0,-98449.0,226823.0,,,0.0,-98449.0,42665.0,CLOSED,CFTC_COT+FRED
1996-01-30,1996-01-30,67694.0,-94207.0,223800.0,,,0.0301,-98449.0,42665.0,CLOSED,CFTC_COT+FRED
1996-02-06,1996-02-06,63845.0,-94308.0,235728.0,,,0.0293,-98449.0,42665.0,CLOSED,CFTC_COT+FRED
1996-02-13,1996-02-13,48593.0,-79046.0,224779.0,,,0.1375,-98449.0,42665.0,CLOSED,CFTC_COT+FRED
1996-02-20,1996-02-20,41110.0,-71786.0,221187.0,,,0.1889,-98449.0,42665.0,CLOSED,CFTC_COT+FRED
1996-02-27,1996-02-27,38276.0,-72747.0,220205.0,,,0.1821,-98449.0,42665.0,CLOSED,CFTC_COT+FRED
1996-03-05,1996-03-05,22290.0,-51941.0,206708.0,,,0.3296,-98449.0,42665.0,CLOSED,CFTC_COT+FRED
1996-03-12,1996-03-12,24809.0,-58432.0,208236.0,,,0.2836,-98449.0,42665.0,CLOSED,CFTC_COT+FRED
1996-03-19,1996-03-19,17064.0,-50205.0,197708.0,,,0.3419,-98449.0,42665.0,CLOSED,CFTC_COT+FRED
1996-03-26,1996-03-26,31701.0,-70124.0,201147.0,,,0.2007,-98449.0,42665.0,CLOSED,CFTC_COT+FRED
1996-04-02,1996-04-02,24805.0,-51568.0,189385.0,,,0.3322,-98449.0,42665.0,CLOSED,CFTC_COT+FRED
1996-04-09,1996-04-09,29963.0,-57657.0,202031.0,,,0.2891,-98449.0,42665.0,CLOSED,CFTC_COT+FRED
1996-04-16,1996-04-16,6590.0,-28945.0,201839.0,,,0.4925,-98449.0,42665.0,CLOSED,CFTC_COT+FRED
1996-04-23,1996-04-23,547.0,-22779.0,203351.0,,,0.5362,-98449.0,42665.0,CLOSED,CFTC_COT+FRED
1996-04-30,1996-04-30,-1038.0,-23781.0,206658.0,,,0.5291,-98449.0,42665.0,CLOSED,CFTC_COT+FRED
1996-05-07,1996-05-07,4824.0,-33380.0,201442.0,,,0.4611,-98449.0,42665.0,CLOSED,CFTC_COT+FRED
1996-05-14,1996-05-14,-5036.0,-22968.0,205744.0,,,0.5349,-98449.0,42665.0,CLOSED,CFTC_COT+FRED
1996-05-21,1996-05-21,-10903.0,-11952.0,205874.0,,,0.613,-98449.0,42665.0,CLOSED,CFTC_COT+FRED
1996-05-28,1996-05-28,-7966.0,-16263.0,202685.0,,,0.5824,-98449.0,42665.0,CLOSED,CFTC_COT+FRED
1996-06-04,1996-06-04,-12767.0,-5905.0,183865.0,,,0.6558,-98449.0,42665.0,CLOSED,CFTC_COT+FRED
1996-06-11,1996-06-11,-36559.0,21728.0,189544.0,,,0.8516,-98449.0,42665.0,CLOSED,CFTC_COT+FRED
1996-06-18,1996-06-18,-31956.0,19628.0,192486.0,,,0.8367,-98449.0,42665.0,CLOSED,CFTC_COT+FRED
1996-06-25,1996-06-25,-30030.0,19749.0,194460.0,,,0.8376,-98449.0,42665.0,CLOSED,CFTC_COT+FRED
1996-07-02,1996-07-02,-38811.0,31539.0,196152.0,,,0.9212,-98449.0,42665.0,CLOSED,CFTC_COT+FRED
1996-07-09,1996-07-09,-35774.0,27290.0,197471.0,,,0.891,-98449.0,42665.0,CLOSED,CFTC_COT+FRED
1996-07-16,1996-07-16,-32006.0,20417.0,187816.0,,,0.8423,-98449.0,42665.0,CLOSED,CFTC_COT+FRED
1996-07-23,1996-07-23,-28147.0,17853.0,176128.0,,,0.8242,-98449.0,42665.0,CLOSED,CFTC_COT+FRED
1996-07-30,1996-07-30,-23604.0,13698.0,169384.0,,,0.7947,-98449.0,42665.0,CLOSED,CFTC_COT+FRED
1996-08-06,1996-08-06,-3809.0,-12234.0,158371.0,,,0.611,-98449.0,42665.0,CLOSED,CFTC_COT+FRED
1996-08-13,1996-08-13,-3430.0,-13959.0,160705.0,,,0.5987,-98449.0,42665.0,CLOSED,CFTC_COT+FRED
1996-08-20,1996-08-20,-6404.0,-9599.0,157653.0,,,0.6296,-98449.0,42665.0,CLOSED,CFTC_COT+FRED
1996-08-27,1996-08-27,-2528.0,-14961.0,160819.0,,,0.5916,-98449.0,42665.0,CLOSED,CFTC_COT+FRED
1996-09-03,1996-09-03,-16603.0,2264.0,162775.0,,,0.7232,-98449.0,40820.0,CLOSED,CFTC_COT+FRED
1996-09-10,1996-09-10,-47032.0,36737.0,186183.0,,,0.9707,-98449.0,40820.0,CLOSED,CFTC_COT+FRED
1996-09-17,1996-09-17,-52246.0,44013.0,191988.0,,,1.0,-98449.0,44013.0,CLOSED,CFTC_COT+FRED
1996-09-24,1996-09-24,-55814.0,49539.0,189340.0,,,1.0,-98449.0,49539.0,CLOSED,CFTC_COT+FRED
1996-10-01,1996-10-01,-58264.0,56435.0,197398.0,,,1.0,-98449.0,56435.0,CLOSED,CFTC_COT+FRED
1996-10-08,1996-10-08,-54245.0,51359.0,193843.0,,,0.9672,-98449.0,56435.0,CLOSED,CFTC_COT+FRED
1996-10-15,1996-10-15,-50773.0,44452.0,196753.0,,,0.9226,-98449.0,56435.0,CLOSED,CFTC_COT+FRED
1996-10-22,1996-10-22,-36015.0,26678.0,187813.0,,,0.8079,-98449.0,56435.0,CLOSED,CFTC_COT+FRED
1996-10-29,1996-10-29,-44374.0,36786.0,187475.0,,,0.8731,-98449.0,56435.0,CLOSED,CFTC_COT+FRED
1996-11-05,1996-11-05,-53706.0,50315.0,193964.0,,,0.9605,-98449.0,56435.0,CLOSED,CFTC_COT+FRED
1996-11-12,1996-11-12,-40180.0,33997.0,189454.0,,,0.8551,-98449.0,56435.0,CLOSED,CFTC_COT+FRED
1996-11-19,1996-11-19,-40059.0,32022.0,175954.0,,,0.8424,-98449.0,56435.0,CLOSED,CFTC_COT+FRED
1996-11-26,1996-11-26,-54593.0,51990.0,191221.0,,,0.9713,-98449.0,56435.0,CLOSED,CFTC_COT+FRED
1996-12-03,1996-12-03,-53975.0,51081.0,188166.0,,,0.9654,-98449.0,56435.0,CLOSED,CFTC_COT+FRED
1996-12-10,1996-12-10,-37492.0,34985.0,185516.0,,,0.8615,-98449.0,56435.0,CLOSED,CFTC_COT+FRED
1996-12-17,1996-12-17,-37027.0,34372.0,185415.0,,,0.8576,-98449.0,56435.0,CLOSED,CFTC_COT+FRED
1996-12-24,1996-12-24,-37541.0,36619.0,186187.0,,,0.8721,-98449.0,56435.0,CLOSED,CFTC_COT+FRED
1996-12-31,1996-12-31,-41925.0,43433.0,189805.0,,,0.9161,-98449.0,56435.0,CLOSED,CFTC_COT+FRED
1997-01-07,1997-01-07,-48156.0,50349.0,201412.0,,,0.9607,-98449.0,56435.0,CLOSED,CFTC_COT+FRED
1997-01-14,1997-01-14,-52969.0,56598.0,204117.0,,,1.0,-98449.0,56598.0,CLOSED,CFTC_COT+FRED
1997-01-21,1997-01-21,-50270.0,53874.0,205471.0,,,0.9819,-94308.0,56598.0,CLOSED,CFTC_COT+FRED
1997-01-28,1997-01-28,-38956.0,41891.0,189160.0,,,0.9025,-94308.0,56598.0,CLOSED,CFTC_COT+FRED
1997-02-04,1997-02-04,-47783.0,46046.0,191347.0,,,0.9222,-79046.0,56598.0,CLOSED,CFTC_COT+FRED
1997-02-11,1997-02-11,-46650.0,44754.0,195275.0,,,0.9084,-72747.0,56598.0,CLOSED,CFTC_COT+FRED
1997-02-18,1997-02-18,-33861.0,31067.0,194794.0,,,0.8026,-72747.0,56598.0,CLOSED,CFTC_COT+FRED
1997-02-25,1997-02-25,-21241.0,18039.0,184459.0,,,0.6957,-70124.0,56598.0,CLOSED,CFTC_COT+FRED
1997-03-04,1997-03-04,2573.0,-11636.0,174030.0,,,0.4615,-70124.0,56598.0,CLOSED,CFTC_COT+FRED
1997-03-11,1997-03-11,-1213.0,-10837.0,170832.0,,,0.4679,-70124.0,56598.0,CLOSED,CFTC_COT+FRED
1997-03-18,1997-03-18,-10871.0,1892.0,172691.0,,,0.5683,-70124.0,56598.0,CLOSED,CFTC_COT+FRED
1997-03-25,1997-03-25,-6715.0,-1278.0,163639.0,,,0.4934,-57657.0,56598.0,CLOSED,CFTC_COT+FRED
1997-04-01,1997-04-01,-9462.0,2875.0,152107.0,,,0.5298,-57657.0,56598.0,CLOSED,CFTC_COT+FRED
1997-04-08,1997-04-08,-8863.0,2811.0,148359.0,,,0.4022,-33380.0,56598.0,CLOSED,CFTC_COT+FRED
1997-04-15,1997-04-15,-28353.0,27006.0,159410.0,,,0.6711,-33380.0,56598.0,CLOSED,CFTC_COT+FRED
1997-04-22,1997-04-22,-37500.0,34062.0,162911.0,,,0.7495,-33380.0,56598.0,CLOSED,CFTC_COT+FRED
1997-04-29,1997-04-29,-39932.0,36688.0,163585.0,,,0.7787,-33380.0,56598.0,CLOSED,CFTC_COT+FRED
1997-05-06,1997-05-06,-40249.0,37069.0,168134.0,,,0.7546,-22968.0,56598.0,CLOSED,CFTC_COT+FRED
1997-05-13,1997-05-13,-17683.0,12339.0,162528.0,,,0.3926,-16263.0,56598.0,CLOSED,CFTC_COT+FRED
1997-05-20,1997-05-20,-30237.0,25038.0,159466.0,,,0.5668,-16263.0,56598.0,CLOSED,CFTC_COT+FRED
1997-05-27,1997-05-27,-29548.0,24042.0,158811.0,,,0.545,-14961.0,56598.0,CLOSED,CFTC_COT+FRED
1997-06-03,1997-06-03,-30798.0,28104.0,150801.0,,,0.6018,-14961.0,56598.0,CLOSED,CFTC_COT+FRED
1997-06-10,1997-06-10,-36192.0,33232.0,160675.0,,,0.6735,-14961.0,56598.0,CLOSED,CFTC_COT+FRED
1997-06-17,1997-06-17,-37579.0,36168.0,164407.0,,,0.7145,-14961.0,56598.0,CLOSED,CFTC_COT+FRED
1997-06-24,1997-06-24,-54593.0,55432.0,185491.0,,,0.9837,-14961.0,56598.0,CLOSED,CFTC_COT+FRED
1997-07-01,1997-07-01,-67011.0,70665.0,196108.0,,,1.0,-14961.0,70665.0,CLOSED,CFTC_COT+FRED
1997-07-08,1997-07-08,-72440.0,79071.0,217966.0,,,1.0,-14961.0,79071.0,CLOSED,CFTC_COT+FRED
1997-07-15,1997-07-15,-74588.0,82151.0,217370.0,,,1.0,-14961.0,82151.0,CLOSED,CFTC_COT+FRED
1997-07-22,1997-07-22,-61486.0,67975.0,204631.0,,,0.854,-14961.0,82151.0,CLOSED,CFTC_COT+FRED
1997-07-29,1997-07-29,-56626.0,60319.0,194719.0,,,0.7752,-14961.0,82151.0,CLOSED,CFTC_COT+FRED
1997-08-05,1997-08-05,-70906.0,76614.0,197799.0,,,0.943,-14961.0,82151.0,CLOSED,CFTC_COT+FRED
1997-08-12,1997-08-12,-49704.0,50748.0,196685.0,,,0.6766,-14961.0,82151.0,CLOSED,CFTC_COT+FRED
1997-08-19,1997-08-19,-56409.0,55661.0,201656.0,,,0.7272,-14961.0,82151.0,CLOSED,CFTC_COT+FRED
1997-08-26,1997-08-26,-51542.0,47944.0,196870.0,,,0.6353,-11636.0,82151.0,CLOSED,CFTC_COT+FRED
1997-09-02,1997-09-02,-59794.0,56650.0,195898.0,,,0.7281,-11636.0,82151.0,CLOSED,CFTC_COT+FRED
1997-09-09,1997-09-09,-59414.0,59406.0,202432.0,,,0.7575,-11636.0,82151.0,CLOSED,CFTC_COT+FRED
1997-09-16,1997-09-16,-62430.0,63358.0,205520.0,,,0.7996,-11636.0,82151.0,CLOSED,CFTC_COT+FRED
1997-09-23,1997-09-23,-62897.0,62082.0,201439.0,,,0.786,-11636.0,82151.0,CLOSED,CFTC_COT+FRED
1997-09-30,1997-09-30,-19832.0,-1400.0,182284.0,,,0.1091,-11636.0,82151.0,CLOSED,CFTC_COT+FRED
1997-10-07,1997-10-07,3450.0,-27190.0,182549.0,,,0.0,-27190.0,82151.0,CLOSED,CFTC_COT+FRED
1997-10-14,1997-10-14,-7739.0,-9837.0,176930.0,,,0.1587,-27190.0,82151.0,CLOSED,CFTC_COT+FRED
1997-10-21,1997-10-21,-29797.0,14767.0,175223.0,,,0.3837,-27190.0,82151.0,CLOSED,CFTC_COT+FRED
1997-10-28,1997-10-28,-64506.0,58365.0,217825.0,,,0.7825,-27190.0,82151.0,CLOSED,CFTC_COT+FRED
1997-11-04,1997-11-04,-63574.0,59772.0,217937.0,,,0.7953,-27190.0,82151.0,CLOSED,CFTC_COT+FRED
1997-11-11,1997-11-11,-59910.0,57008.0,214765.0,,,0.77,-27190.0,82151.0,CLOSED,CFTC_COT+FRED
1997-11-18,1997-11-18,-50649.0,48045.0,214353.0,,,0.6881,-27190.0,82151.0,CLOSED,CFTC_COT+FRED
1997-11-25,1997-11-25,-59762.0,59515.0,192531.0,,,0.793,-27190.0,82151.0,CLOSED,CFTC_COT+FRED
1997-12-02,1997-12-02,-60488.0,61913.0,194540.0,,,0.8149,-27190.0,82151.0,CLOSED,CFTC_COT+FRED
1997-12-09,1997-12-09,-62620.0,60757.0,197049.0,,,0.8043,-27190.0,82151.0,CLOSED,CFTC_COT+FRED
1997-12-16,1997-12-16,-58769.0,58360.0,187364.0,,,0.7824,-27190.0,82151.0,CLOSED,CFTC_COT+FRED
1997-12-23,1997-12-23,-51784.0,45572.0,183073.0,,,0.6655,-27190.0,82151.0,CLOSED,CFTC_COT+FRED
1997-12-30,1997-12-30,-51044.0,44444.0,177704.0,,,0.6551,-27190.0,82151.0,CLOSED,CFTC_COT+FRED
1998-01-06,1998-01-06,-58584.0,56491.0,189409.0,,,0.7653,-27190.0,82151.0,CLOSED,CFTC_COT+FRED
1998-01-13,1998-01-13,-58528.0,55356.0,191691.0,,,0.7549,-27190.0,82151.0,CLOSED,CFTC_COT+FRED
1998-01-20,1998-01-20,-51674.0,45250.0,181245.0,,,0.6625,-27190.0,82151.0,CLOSED,CFTC_COT+FRED
1998-01-27,1998-01-27,-24132.0,15266.0,162174.0,,,0.3883,-27190.0,82151.0,CLOSED,CFTC_COT+FRED
1998-02-03,1998-02-03,-23998.0,14711.0,164191.0,,,0.3832,-27190.0,82151.0,CLOSED,CFTC_COT+FRED
1998-02-10,1998-02-10,-21269.0,9290.0,169296.0,,,0.3336,-27190.0,82151.0,CLOSED,CFTC_COT+FRED
1998-02-17,1998-02-17,-24047.0,15807.0,172572.0,,,0.3932,-27190.0,82151.0,CLOSED,CFTC_COT+FRED
1998-02-24,1998-02-24,-33446.0,31273.0,178732.0,,,0.5347,-27190.0,82151.0,CLOSED,CFTC_COT+FRED
1998-03-03,1998-03-03,-27892.0,21018.0,181113.0,,,0.4409,-27190.0,82151.0,CLOSED,CFTC_COT+FRED
1998-03-10,1998-03-10,-34653.0,30508.0,184128.0,,,0.5277,-27190.0,82151.0,CLOSED,CFTC_COT+FRED
1998-03-17,1998-03-17,-51298.0,51280.0,200258.0,,,0.7177,-27190.0,82151.0,CLOSED,CFTC_COT+FRED
1998-03-24,1998-03-24,-42151.0,36696.0,172915.0,,,0.5843,-27190.0,82151.0,CLOSED,CFTC_COT+FRED
1998-03-31,1998-03-31,-21627.0,11757.0,161065.0,,,0.3562,-27190.0,82151.0,CLOSED,CFTC_COT+FRED
1998-04-07,1998-04-07,5247.0,-24516.0,180125.0,,,0.0245,-27190.0,82151.0,CLOSED,CFTC_COT+FRED
1998-04-14,1998-04-14,8196.0,-28572.0,182619.0,,,0.0,-28572.0,82151.0,CLOSED,CFTC_COT+FRED
1998-04-21,1998-04-21,12591.0,-36214.0,184930.0,,,0.0,-36214.0,82151.0,CLOSED,CFTC_COT+FRED
1998-04-28,1998-04-28,17885.0,-37104.0,183719.0,,,0.0,-37104.0,82151.0,CLOSED,CFTC_COT+FRED
1998-05-05,1998-05-05,5231.0,-17711.0,173676.0,,,0.1626,-37104.0,82151.0,CLOSED,CFTC_COT+FRED
1998-05-12,1998-05-12,-18715.0,10449.0,156329.0,,,0.3988,-37104.0,82151.0,CLOSED,CFTC_COT+FRED
1998-05-19,1998-05-19,-17247.0,8707.0,154467.0,,,0.3841,-37104.0,82151.0,CLOSED,CFTC_COT+FRED
1998-05-26,1998-05-26,-22206.0,15320.0,149778.0,,,0.4396,-37104.0,82151.0,CLOSED,CFTC_COT+FRED
1998-06-02,1998-06-02,-53056.0,56546.0,171275.0,,,0.7853,-37104.0,82151.0,CLOSED,CFTC_COT+FRED
1998-06-09,1998-06-09,-51174.0,52785.0,171755.0,,,0.7538,-37104.0,82151.0,CLOSED,CFTC_COT+FRED
1998-06-16,1998-06-16,-60827.0,63704.0,182514.0,,,0.8453,-37104.0,82151.0,CLOSED,CFTC_COT+FRED
1998-06-23,1998-06-23,-37515.0,37799.0,167070.0,,,0.6281,-37104.0,82151.0,CLOSED,CFTC_COT+FRED
1998-06-30,1998-06-30,-35917.0,33929.0,164716.0,,,0.5956,-37104.0,82151.0,CLOSED,CFTC_COT+FRED
1998-07-07,1998-07-07,-34015.0,31901.0,167652.0,,,0.5786,-37104.0,82151.0,CLOSED,CFTC_COT+FRED
1998-07-14,1998-07-14,-37659.0,35124.0,171176.0,,,0.6352,-37104.0,76614.0,CLOSED,CFTC_COT+FRED
1998-07-21,1998-07-21,-33652.0,30209.0,170503.0,,,0.5919,-37104.0,76614.0,CLOSED,CFTC_COT+FRED
1998-07-28,1998-07-28,-39767.0,40337.0,164221.0,,,0.681,-37104.0,76614.0,CLOSED,CFTC_COT+FRED
1998-08-04,1998-08-04,-58795.0,62369.0,179832.0,,,0.9868,-37104.0,63704.0,CLOSED,CFTC_COT+FRED
1998-08-11,1998-08-11,-59710.0,64062.0,185167.0,,,1.0,-37104.0,64062.0,CLOSED,CFTC_COT+FRED
1998-08-18,1998-08-18,-59610.0,65101.0,195394.0,,,1.0,-37104.0,65101.0,CLOSED,CFTC_COT+FRED
1998-08-25,1998-08-25,-61510.0,67167.0,199774.0,,,1.0,-37104.0,67167.0,CLOSED,CFTC_COT+FRED
1998-09-01,1998-09-01,-69789.0,76329.0,207005.0,,,1.0,-37104.0,76329.0,CLOSED,CFTC_COT+FRED
1998-09-08,1998-09-08,-51325.0,51654.0,197099.0,,,0.7825,-37104.0,76329.0,CLOSED,CFTC_COT+FRED
1998-09-15,1998-09-15,-20115.0,15991.0,173813.0,,,0.4681,-37104.0,76329.0,CLOSED,CFTC_COT+FRED
1998-09-22,1998-09-22,-19013.0,10317.0,174705.0,,,0.4181,-37104.0,76329.0,CLOSED,CFTC_COT+FRED
1998-09-29,1998-09-29,-5911.0,-6738.0,175102.0,,,0.2677,-37104.0,76329.0,CLOSED,CFTC_COT+FRED
1998-10-06,1998-10-06,23669.0,-41938.0,190174.0,,,0.0,-41938.0,76329.0,CLOSED,CFTC_COT+FRED
1998-10-13,1998-10-13,20132.0,-36847.0,187179.0,,,0.043,-41938.0,76329.0,CLOSED,CFTC_COT+FRED
1998-10-20,1998-10-20,15791.0,-28916.0,184842.0,,,0.1101,-41938.0,76329.0,CLOSED,CFTC_COT+FRED
1998-10-27,1998-10-27,7206.0,-16752.0,184784.0,,,0.213,-41938.0,76329.0,CLOSED,CFTC_COT+FRED
1998-11-03,1998-11-03,-17695.0,12833.0,180415.0,,,0.4631,-41938.0,76329.0,CLOSED,CFTC_COT+FRED
1998-11-10,1998-11-10,-7111.0,-2710.0,172069.0,,,0.3317,-41938.0,76329.0,CLOSED,CFTC_COT+FRED
1998-11-17,1998-11-17,3187.0,-14673.0,153511.0,,,0.2305,-41938.0,76329.0,CLOSED,CFTC_COT+FRED
1998-11-24,1998-11-24,6915.0,-17660.0,150873.0,,,0.2053,-41938.0,76329.0,CLOSED,CFTC_COT+FRED
1998-12-01,1998-12-01,-3918.0,1105.0,143535.0,,,0.3639,-41938.0,76329.0,CLOSED,CFTC_COT+FRED
1998-12-08,1998-12-08,-5150.0,-624.0,145386.0,,,0.3493,-41938.0,76329.0,CLOSED,CFTC_COT+FRED
1998-12-15,1998-12-15,-14666.0,14227.0,148455.0,,,0.4749,-41938.0,76329.0,CLOSED,CFTC_COT+FRED
1998-12-22,1998-12-22,-26792.0,28988.0,158623.0,,,0.5997,-41938.0,76329.0,CLOSED,CFTC_COT+FRED
1998-12-29,1998-12-29,-34586.0,37206.0,162536.0,,,0.6692,-41938.0,76329.0,CLOSED,CFTC_COT+FRED
1999-01-05,1999-01-05,-44024.0,46620.0,173200.0,,,0.7488,-41938.0,76329.0,CLOSED,CFTC_COT+FRED
1999-01-12,1999-01-12,-41726.0,40600.0,172413.0,,,0.6979,-41938.0,76329.0,CLOSED,CFTC_COT+FRED
1999-01-19,1999-01-19,-55282.0,55319.0,184145.0,,,0.8224,-41938.0,76329.0,CLOSED,CFTC_COT+FRED
1999-01-26,1999-01-26,-60992.0,64786.0,181330.0,,,0.9024,-41938.0,76329.0,CLOSED,CFTC_COT+FRED
1999-02-02,1999-02-02,-59918.0,62837.0,181292.0,,,0.8859,-41938.0,76329.0,CLOSED,CFTC_COT+FRED
1999-02-09,1999-02-09,-61049.0,62018.0,181688.0,,,0.879,-41938.0,76329.0,CLOSED,CFTC_COT+FRED
1999-02-16,1999-02-16,-68406.0,70806.0,185713.0,,,0.9533,-41938.0,76329.0,CLOSED,CFTC_COT+FRED
1999-02-23,1999-02-23,-70065.0,71812.0,190553.0,,,0.9618,-41938.0,76329.0,CLOSED,CFTC_COT+FRED
1999-03-02,1999-03-02,-58147.0,56914.0,191522.0,,,0.8358,-41938.0,76329.0,CLOSED,CFTC_COT+FRED
1999-03-09,1999-03-09,-2205.0,-5687.0,182305.0,,,0.3065,-41938.0,76329.0,CLOSED,CFTC_COT+FRED
1999-03-16,1999-03-16,-28450.0,28963.0,165270.0,,,0.5995,-41938.0,76329.0,CLOSED,CFTC_COT+FRED
1999-03-23,1999-03-23,-54023.0,55893.0,174143.0,,,0.8272,-41938.0,76329.0,CLOSED,CFTC_COT+FRED
1999-03-30,1999-03-30,-80240.0,82154.0,187558.0,,,1.0,-41938.0,82154.0,CLOSED,CFTC_COT+FRED
1999-04-06,1999-04-06,-88363.0,91690.0,196125.0,,,1.0,-41938.0,91690.0,CLOSED,CFTC_COT+FRED
1999-04-13,1999-04-13,-81091.0,82612.0,196091.0,,,0.9321,-41938.0,91690.0,CLOSED,CFTC_COT+FRED
1999-04-20,1999-04-20,-73690.0,75041.0,196996.0,,,0.8754,-41938.0,91690.0,CLOSED,CFTC_COT+FRED
1999-04-27,1999-04-27,-80092.0,83976.0,204378.0,,,0.9423,-41938.0,91690.0,CLOSED,CFTC_COT+FRED
1999-05-04,1999-05-04,-49852.0,42298.0,193275.0,,,0.6304,-41938.0,91690.0,CLOSED,CFTC_COT+FRED
1999-05-11,1999-05-11,-63350.0,60060.0,187427.0,,,0.7633,-41938.0,91690.0,CLOSED,CFTC_COT+FRED
1999-05-18,1999-05-18,-80546.0,78632.0,196892.0,,,0.9023,-41938.0,91690.0,CLOSED,CFTC_COT+FRED
1999-05-25,1999-05-25,-85438.0,88075.0,199633.0,,,0.9729,-41938.0,91690.0,CLOSED,CFTC_COT+FRED
1999-06-01,1999-06-01,-78771.0,82390.0,198487.0,,,0.9304,-41938.0,91690.0,CLOSED,CFTC_COT+FRED
1999-06-08,1999-06-08,-85235.0,88207.0,203955.0,,,0.9739,-41938.0,91690.0,CLOSED,CFTC_COT+FRED
1999-06-15,1999-06-15,-84986.0,86416.0,212568.0,,,0.9605,-41938.0,91690.0,CLOSED,CFTC_COT+FRED
1999-06-22,1999-06-22,-86859.0,86904.0,213680.0,,,0.9642,-41938.0,91690.0,CLOSED,CFTC_COT+FRED
1999-06-29,1999-06-29,-83611.0,81076.0,208222.0,,,0.9206,-41938.0,91690.0,CLOSED,CFTC_COT+FRED
1999-07-06,1999-07-06,-86563.0,81997.0,218365.0,,,0.9275,-41938.0,91690.0,CLOSED,CFTC_COT+FRED
1999-07-13,1999-07-13,-78860.0,81234.0,211594.0,,,0.9218,-41938.0,91690.0,CLOSED,CFTC_COT+FRED
1999-07-20,1999-07-20,-79215.0,81487.0,206266.0,,,0.9236,-41938.0,91690.0,CLOSED,CFTC_COT+FRED
1999-07-27,1999-07-27,-67894.0,70824.0,198760.0,,,0.8439,-41938.0,91690.0,CLOSED,CFTC_COT+FRED
1999-08-03,1999-08-03,-56440.0,56046.0,188933.0,,,0.7333,-41938.0,91690.0,CLOSED,CFTC_COT+FRED
1999-08-10,1999-08-10,-55064.0,49398.0,193698.0,,,0.6835,-41938.0,91690.0,CLOSED,CFTC_COT+FRED
1999-08-17,1999-08-17,-35242.0,21892.0,191776.0,,,0.4777,-41938.0,91690.0,CLOSED,CFTC_COT+FRED
1999-08-24,1999-08-24,-59087.0,55419.0,191040.0,,,0.7286,-41938.0,91690.0,CLOSED,CFTC_COT+FRED
1999-08-31,1999-08-31,-61491.0,59241.0,198692.0,,,0.7572,-41938.0,91690.0,CLOSED,CFTC_COT+FRED
1999-09-07,1999-09-07,-62910.0,60408.0,201266.0,,,0.7659,-41938.0,91690.0,CLOSED,CFTC_COT+FRED
1999-09-14,1999-09-14,-54132.0,51528.0,201806.0,,,0.6994,-41938.0,91690.0,CLOSED,CFTC_COT+FRED
1999-09-21,1999-09-21,-37842.0,29491.0,205259.0,,,0.5345,-41938.0,91690.0,CLOSED,CFTC_COT+FRED
1999-09-28,1999-09-28,-14315.0,-2750.0,225467.0,,,0.2933,-41938.0,91690.0,CLOSED,CFTC_COT+FRED
1999-10-05,1999-10-05,-21857.0,12398.0,215041.0,,,0.3831,-36847.0,91690.0,CLOSED,CFTC_COT+FRED
1999-10-12,1999-10-12,-17001.0,1958.0,216938.0,,,0.256,-28916.0,91690.0,CLOSED,CFTC_COT+FRED
1999-10-19,1999-10-19,-17296.0,2514.0,223090.0,,,0.1845,-17660.0,91690.0,CLOSED,CFTC_COT+FRED
1999-10-26,1999-10-26,-13615.0,2415.0,217916.0,,,0.1836,-17660.0,91690.0,CLOSED,CFTC_COT+FRED
1999-11-02,1999-11-02,-15283.0,4146.0,208907.0,,,0.1994,-17660.0,91690.0,CLOSED,CFTC_COT+FRED
1999-11-09,1999-11-09,-19119.0,10117.0,203057.0,,,0.254,-17660.0,91690.0,CLOSED,CFTC_COT+FRED
1999-11-16,1999-11-16,2771.0,-16552.0,182148.0,,,0.0101,-17660.0,91690.0,CLOSED,CFTC_COT+FRED
1999-11-23,1999-11-23,9354.0,-23103.0,171564.0,,,0.0,-23103.0,91690.0,CLOSED,CFTC_COT+FRED
1999-11-30,1999-11-30,6129.0,-16800.0,163574.0,,,0.0549,-23103.0,91690.0,CLOSED,CFTC_COT+FRED
1999-12-07,1999-12-07,-2972.0,-886.0,156712.0,,,0.1935,-23103.0,91690.0,CLOSED,CFTC_COT+FRED
1999-12-14,1999-12-14,-20553.0,16418.0,155142.0,,,0.3443,-23103.0,91690.0,CLOSED,CFTC_COT+FRED
1999-12-21,1999-12-21,-27969.0,18429.0,156318.0,,,0.3618,-23103.0,91690.0,CLOSED,CFTC_COT+FRED
1999-12-28,1999-12-28,-28953.0,18122.0,156526.0,,,0.3591,-23103.0,91690.0,CLOSED,CFTC_COT+FRED
2000-01-04,2000-01-04,-28708.0,22650.0,155835.0,,,0.3986,-23103.0,91690.0,CLOSED,CFTC_COT+FRED
2000-01-11,2000-01-11,-24218.0,18394.0,157326.0,,,0.3615,-23103.0,91690.0,CLOSED,CFTC_COT+FRED
2000-01-18,2000-01-18,-7103.0,-1018.0,148055.0,,,0.1924,-23103.0,91690.0,CLOSED,CFTC_COT+FRED
2000-01-25,2000-01-25,-5534.0,-4749.0,142913.0,,,0.1599,-23103.0,91690.0,CLOSED,CFTC_COT+FRED
2000-02-01,2000-02-01,-8833.0,4840.0,134305.0,,,0.2434,-23103.0,91690.0,CLOSED,CFTC_COT+FRED
2000-02-08,2000-02-08,9014.0,-24470.0,153976.0,,,0.0,-24470.0,91690.0,CLOSED,CFTC_COT+FRED
2000-02-15,2000-02-15,20697.0,-36395.0,157231.0,,,0.0,-36395.0,91690.0,CLOSED,CFTC_COT+FRED
2000-02-22,2000-02-22,31008.0,-46482.0,168125.0,,,0.0,-46482.0,91690.0,CLOSED,CFTC_COT+FRED
2000-02-29,2000-02-29,18787.0,-31083.0,166509.0,,,0.1114,-46482.0,91690.0,CLOSED,CFTC_COT+FRED
2000-03-07,2000-03-07,18671.0,-27119.0,161362.0,,,0.1401,-46482.0,91690.0,CLOSED,CFTC_COT+FRED
2000-03-14,2000-03-14,17295.0,-24434.0,161540.0,,,0.1596,-46482.0,91690.0,CLOSED,CFTC_COT+FRED
2000-03-21,2000-03-21,14933.0,-19718.0,164397.0,,,0.1937,-46482.0,91690.0,CLOSED,CFTC_COT+FRED
2000-03-28,2000-03-28,-14285.0,13036.0,150712.0,,,0.4308,-46482.0,91690.0,CLOSED,CFTC_COT+FRED
2000-04-04,2000-04-04,-23311.0,21959.0,155378.0,,,0.5081,-46482.0,88207.0,CLOSED,CFTC_COT+FRED
2000-04-11,2000-04-11,-22185.0,21245.0,153144.0,,,0.5028,-46482.0,88207.0,CLOSED,CFTC_COT+FRED
2000-04-18,2000-04-18,-20353.0,18633.0,153546.0,,,0.4834,-46482.0,88207.0,CLOSED,CFTC_COT+FRED
2000-04-25,2000-04-25,-27542.0,28293.0,156486.0,,,0.5552,-46482.0,88207.0,CLOSED,CFTC_COT+FRED
2000-05-02,2000-05-02,-32595.0,34341.0,168231.0,,,0.6001,-46482.0,88207.0,CLOSED,CFTC_COT+FRED
2000-05-09,2000-05-09,-25722.0,24288.0,162759.0,,,0.5254,-46482.0,88207.0,CLOSED,CFTC_COT+FRED
2000-05-16,2000-05-16,-29530.0,25684.0,160373.0,,,0.5358,-46482.0,88207.0,CLOSED,CFTC_COT+FRED
2000-05-23,2000-05-23,-35842.0,33124.0,163062.0,,,0.591,-46482.0,88207.0,CLOSED,CFTC_COT+FRED
2000-05-30,2000-05-30,-40624.0,42590.0,159156.0,,,0.6613,-46482.0,88207.0,CLOSED,CFTC_COT+FRED
2000-06-06,2000-06-06,-4017.0,-1980.0,140841.0,,,0.3336,-46482.0,86904.0,CLOSED,CFTC_COT+FRED
2000-06-13,2000-06-13,14660.0,-25062.0,141504.0,,,0.1606,-46482.0,86904.0,CLOSED,CFTC_COT+FRED
2000-06-20,2000-06-20,19058.0,-30922.0,143814.0,,,0.1211,-46482.0,81997.0,CLOSED,CFTC_COT+FRED
2000-06-27,2000-06-27,16219.0,-25173.0,143700.0,,,0.1659,-46482.0,81997.0,CLOSED,CFTC_COT+FRED
2000-07-05,2000-07-05,15828.0,-26785.0,150096.0,,,0.1539,-46482.0,81487.0,CLOSED,CFTC_COT+FRED
2000-07-11,2000-07-11,12398.0,-18857.0,146022.0,,,0.2159,-46482.0,81487.0,CLOSED,CFTC_COT+FRED
2000-07-18,2000-07-18,9015.0,-15846.0,136090.0,,,0.2612,-46482.0,70824.0,CLOSED,CFTC_COT+FRED
2000-07-25,2000-07-25,3543.0,-7491.0,122177.0,,,0.3648,-46482.0,60408.0,CLOSED,CFTC_COT+FRED
2000-08-01,2000-08-01,-5597.0,4967.0,111188.0,,,0.4813,-46482.0,60408.0,CLOSED,CFTC_COT+FRED
2000-08-08,2000-08-08,-25023.0,27151.0,122540.0,,,0.6889,-46482.0,60408.0,CLOSED,CFTC_COT+FRED
2000-08-15,2000-08-15,-32886.0,35100.0,132994.0,,,0.7632,-46482.0,60408.0,CLOSED,CFTC_COT+FRED
2000-08-22,2000-08-22,-26221.0,28868.0,130211.0,,,0.7049,-46482.0,60408.0,CLOSED,CFTC_COT+FRED
2000-08-29,2000-08-29,-28638.0,29846.0,132014.0,,,0.7141,-46482.0,60408.0,CLOSED,CFTC_COT+FRED
2000-09-05,2000-09-05,-18882.0,18468.0,125433.0,,,0.6627,-46482.0,51528.0,CLOSED,CFTC_COT+FRED
2000-09-12,2000-09-12,-26998.0,26684.0,133431.0,,,0.8214,-46482.0,42590.0,CLOSED,CFTC_COT+FRED
2000-09-19,2000-09-19,-30561.0,31285.0,137565.0,,,0.8731,-46482.0,42590.0,CLOSED,CFTC_COT+FRED
2000-09-26,2000-09-26,-25951.0,25602.0,133035.0,,,0.8093,-46482.0,42590.0,CLOSED,CFTC_COT+FRED
2000-10-03,2000-10-03,-20111.0,16968.0,124815.0,,,0.7123,-46482.0,42590.0,CLOSED,CFTC_COT+FRED
2000-10-10,2000-10-10,-25526.0,22415.0,134015.0,,,0.7735,-46482.0,42590.0,CLOSED,CFTC_COT+FRED
2000-10-17,2000-10-17,-16737.0,13717.0,129680.0,,,0.6758,-46482.0,42590.0,CLOSED,CFTC_COT+FRED
2000-10-24,2000-10-24,-18571.0,17150.0,135064.0,,,0.7144,-46482.0,42590.0,CLOSED,CFTC_COT+FRED
2000-10-31,2000-10-31,-31722.0,31846.0,137818.0,,,0.8794,-46482.0,42590.0,CLOSED,CFTC_COT+FRED
2000-11-07,2000-11-07,-34120.0,33445.0,138300.0,,,0.8973,-46482.0,42590.0,CLOSED,CFTC_COT+FRED
2000-11-14,2000-11-14,-44976.0,42839.0,140258.0,,,1.0,-46482.0,42839.0,CLOSED,CFTC_COT+FRED
2000-11-21,2000-11-21,-46456.0,44851.0,132633.0,,,1.0,-46482.0,44851.0,CLOSED,CFTC_COT+FRED
2000-11-28,2000-11-28,-36201.0,32501.0,124950.0,,,0.8648,-46482.0,44851.0,CLOSED,CFTC_COT+FRED
2000-12-05,2000-12-05,-26921.0,21442.0,113455.0,,,0.7437,-46482.0,44851.0,CLOSED,CFTC_COT+FRED
2000-12-12,2000-12-12,-17942.0,11103.0,110455.0,,,0.6305,-46482.0,44851.0,CLOSED,CFTC_COT+FRED
2000-12-19,2000-12-19,-22168.0,16835.0,114708.0,,,0.6933,-46482.0,44851.0,CLOSED,CFTC_COT+FRED
2000-12-26,2000-12-26,-14259.0,6285.0,114850.0,,,0.5777,-46482.0,44851.0,CLOSED,CFTC_COT+FRED
2001-01-02,2001-01-02,-23735.0,20510.0,114491.0,,,0.7335,-46482.0,44851.0,CLOSED,CFTC_COT+FRED
2001-01-09,2001-01-09,-38226.0,38501.0,126527.0,,,0.9305,-46482.0,44851.0,CLOSED,CFTC_COT+FRED
2001-01-16,2001-01-16,-57160.0,59488.0,139180.0,,,1.0,-46482.0,59488.0,CLOSED,CFTC_COT+FRED
2001-01-23,2001-01-23,-57698.0,56663.0,140120.0,,,0.9733,-46482.0,59488.0,CLOSED,CFTC_COT+FRED
2001-01-30,2001-01-30,-53815.0,55625.0,141156.0,,,0.9635,-46482.0,59488.0,CLOSED,CFTC_COT+FRED
2001-02-06,2001-02-06,-52706.0,54303.0,135682.0,,,0.9511,-46482.0,59488.0,CLOSED,CFTC_COT+FRED
2001-02-13,2001-02-13,-58972.0,62175.0,143725.0,,,1.0,-46482.0,62175.0,CLOSED,CFTC_COT+FRED
2001-02-20,2001-02-20,-66731.0,67526.0,148782.0,,,1.0,-31083.0,67526.0,CLOSED,CFTC_COT+FRED
2001-02-27,2001-02-27,-50795.0,47859.0,143173.0,,,0.8002,-30922.0,67526.0,CLOSED,CFTC_COT+FRED
2001-03-06,2001-03-06,-41982.0,40207.0,133440.0,,,0.7225,-30922.0,67526.0,CLOSED,CFTC_COT+FRED
2001-03-13,2001-03-13,-24244.0,13665.0,126821.0,,,0.4529,-30922.0,67526.0,CLOSED,CFTC_COT+FRED
2001-03-20,2001-03-20,-37969.0,32228.0,123758.0,,,0.6415,-30922.0,67526.0,CLOSED,CFTC_COT+FRED
2001-03-27,2001-03-27,-33304.0,29647.0,122944.0,,,0.6152,-30922.0,67526.0,CLOSED,CFTC_COT+FRED
2001-04-03,2001-04-03,-51354.0,50983.0,118398.0,,,0.832,-30922.0,67526.0,CLOSED,CFTC_COT+FRED
2001-04-10,2001-04-10,-58133.0,57990.0,130116.0,,,0.9031,-30922.0,67526.0,CLOSED,CFTC_COT+FRED
2001-04-17,2001-04-17,-45569.0,42641.0,122146.0,,,0.7472,-30922.0,67526.0,CLOSED,CFTC_COT+FRED
2001-04-24,2001-04-24,-35011.0,27922.0,114900.0,,,0.5977,-30922.0,67526.0,CLOSED,CFTC_COT+FRED
2001-05-01,2001-05-01,-27970.0,19819.0,110868.0,,,0.5154,-30922.0,67526.0,CLOSED,CFTC_COT+FRED
2001-05-08,2001-05-08,-25788.0,17247.0,109018.0,,,0.4893,-30922.0,67526.0,CLOSED,CFTC_COT+FRED
2001-05-15,2001-05-15,1531.0,-13915.0,106947.0,,,0.1728,-30922.0,67526.0,CLOSED,CFTC_COT+FRED
2001-05-22,2001-05-22,38936.0,-65250.0,133866.0,,,0.0,-65250.0,67526.0,CLOSED,CFTC_COT+FRED
2001-05-29,2001-05-29,43236.0,-68443.0,133990.0,,,0.0,-68443.0,67526.0,CLOSED,CFTC_COT+FRED
2001-06-05,2001-06-05,25011.0,-42314.0,109182.0,,,0.1922,-68443.0,67526.0,CLOSED,CFTC_COT+FRED
2001-06-12,2001-06-12,18555.0,-36544.0,114065.0,,,0.2346,-68443.0,67526.0,CLOSED,CFTC_COT+FRED
2001-06-19,2001-06-19,19002.0,-40227.0,118500.0,,,0.2075,-68443.0,67526.0,CLOSED,CFTC_COT+FRED
2001-06-26,2001-06-26,22073.0,-44693.0,125033.0,,,0.1747,-68443.0,67526.0,CLOSED,CFTC_COT+FRED
2001-07-03,2001-07-03,16170.0,-32592.0,117731.0,,,0.2637,-68443.0,67526.0,CLOSED,CFTC_COT+FRED
2001-07-10,2001-07-10,10602.0,-24532.0,118688.0,,,0.3229,-68443.0,67526.0,CLOSED,CFTC_COT+FRED
2001-07-17,2001-07-17,10766.0,-25507.0,116292.0,,,0.3158,-68443.0,67526.0,CLOSED,CFTC_COT+FRED
2001-07-24,2001-07-24,13374.0,-28911.0,111764.0,,,0.2907,-68443.0,67526.0,CLOSED,CFTC_COT+FRED
2001-07-31,2001-07-31,-2706.0,-6146.0,100943.0,,,0.4582,-68443.0,67526.0,CLOSED,CFTC_COT+FRED
2001-08-07,2001-08-07,-1690.0,-7138.0,98582.0,,,0.4509,-68443.0,67526.0,CLOSED,CFTC_COT+FRED
2001-08-14,2001-08-14,32869.0,-55227.0,119311.0,,,0.0972,-68443.0,67526.0,CLOSED,CFTC_COT+FRED
2001-08-21,2001-08-21,39534.0,-64412.0,131631.0,,,0.0296,-68443.0,67526.0,CLOSED,CFTC_COT+FRED
2001-08-28,2001-08-28,27822.0,-50852.0,120108.0,,,0.1294,-68443.0,67526.0,CLOSED,CFTC_COT+FRED
2001-09-04,2001-09-04,25917.0,-49839.0,121687.0,,,0.1368,-68443.0,67526.0,CLOSED,CFTC_COT+FRED
2001-09-10,2001-09-10,20824.0,-43243.0,119518.0,,,0.1853,-68443.0,67526.0,CLOSED,CFTC_COT+FRED
2001-09-18,2001-09-18,29148.0,-49456.0,120062.0,,,0.1396,-68443.0,67526.0,CLOSED,CFTC_COT+FRED
2001-09-25,2001-09-25,36638.0,-58342.0,129840.0,,,0.0743,-68443.0,67526.0,CLOSED,CFTC_COT+FRED
2001-10-02,2001-10-02,35255.0,-67122.0,132653.0,,,0.0097,-68443.0,67526.0,CLOSED,CFTC_COT+FRED
2001-10-09,2001-10-09,32778.0,-64729.0,134663.0,,,0.0273,-68443.0,67526.0,CLOSED,CFTC_COT+FRED
2001-10-16,2001-10-16,24088.0,-51816.0,126767.0,,,0.1223,-68443.0,67526.0,CLOSED,CFTC_COT+FRED
2001-10-23,2001-10-23,14679.0,-25191.0,117875.0,,,0.3181,-68443.0,67526.0,CLOSED,CFTC_COT+FRED
2001-10-30,2001-10-30,12160.0,-33199.0,118614.0,,,0.2592,-68443.0,67526.0,CLOSED,CFTC_COT+FRED
2001-11-06,2001-11-06,13530.0,-35435.0,115880.0,,,0.2428,-68443.0,67526.0,CLOSED,CFTC_COT+FRED
2001-11-13,2001-11-13,5427.0,-23637.0,111255.0,,,0.3295,-68443.0,67526.0,CLOSED,CFTC_COT+FRED
2001-11-20,2001-11-20,-9173.0,-2489.0,115326.0,,,0.4851,-68443.0,67526.0,CLOSED,CFTC_COT+FRED
2001-11-27,2001-11-27,-12140.0,1738.0,111942.0,,,0.5162,-68443.0,67526.0,CLOSED,CFTC_COT+FRED
2001-12-04,2001-12-04,-10029.0,-2534.0,105023.0,,,0.4847,-68443.0,67526.0,CLOSED,CFTC_COT+FRED
2001-12-11,2001-12-11,-21717.0,13626.0,115485.0,,,0.6036,-68443.0,67526.0,CLOSED,CFTC_COT+FRED
2001-12-18,2001-12-18,-861.0,-15198.0,110873.0,,,0.3916,-68443.0,67526.0,CLOSED,CFTC_COT+FRED
2001-12-21,2001-12-21,-2903.0,-11976.0,110971.0,,,0.4153,-68443.0,67526.0,CLOSED,CFTC_COT+FRED
2001-12-28,2001-12-28,-645.0,-14555.0,113672.0,,,0.3963,-68443.0,67526.0,CLOSED,CFTC_COT+FRED
2002-01-08,2002-01-08,5356.0,-24042.0,113020.0,,,0.3266,-68443.0,67526.0,CLOSED,CFTC_COT+FRED
2002-01-15,2002-01-15,29441.0,-53938.0,128197.0,,,0.1067,-68443.0,67526.0,CLOSED,CFTC_COT+FRED
2002-01-22,2002-01-22,25929.0,-50959.0,132005.0,,,0.1286,-68443.0,67526.0,CLOSED,CFTC_COT+FRED
2002-01-29,2002-01-29,12434.0,-31515.0,124540.0,,,0.2716,-68443.0,67526.0,CLOSED,CFTC_COT+FRED
2002-02-05,2002-02-05,34088.0,-58180.0,138370.0,,,0.0755,-68443.0,67526.0,CLOSED,CFTC_COT+FRED
2002-02-12,2002-02-12,36333.0,-62223.0,148022.0,,,0.0457,-68443.0,67526.0,CLOSED,CFTC_COT+FRED
2002-02-19,2002-02-19,34364.0,-60054.0,148242.0,,,0.0664,-68443.0,57990.0,CLOSED,CFTC_COT+FRED
2002-02-26,2002-02-26,29079.0,-56409.0,144384.0,,,0.0952,-68443.0,57990.0,CLOSED,CFTC_COT+FRED
2002-03-05,2002-03-05,30462.0,-58666.0,144154.0,,,0.0773,-68443.0,57990.0,CLOSED,CFTC_COT+FRED
2002-03-12,2002-03-12,30486.0,-58507.0,140978.0,,,0.0786,-68443.0,57990.0,CLOSED,CFTC_COT+FRED
2002-03-19,2002-03-19,27987.0,-56119.0,140007.0,,,0.0975,-68443.0,57990.0,CLOSED,CFTC_COT+FRED
2002-03-26,2002-03-26,34394.0,-65888.0,148479.0,,,0.0202,-68443.0,57990.0,CLOSED,CFTC_COT+FRED
2002-04-02,2002-04-02,37661.0,-71913.0,153322.0,,,0.0,-71913.0,57990.0,CLOSED,CFTC_COT+FRED
2002-04-09,2002-04-09,36507.0,-67531.0,152187.0,,,0.0383,-71913.0,42641.0,CLOSED,CFTC_COT+FRED
2002-04-16,2002-04-16,32082.0,-63166.0,154615.0,,,0.0876,-71913.0,27922.0,CLOSED,CFTC_COT+FRED
2002-04-23,2002-04-23,39665.0,-72703.0,162580.0,,,0.0,-72703.0,19819.0,CLOSED,CFTC_COT+FRED
2002-04-30,2002-04-30,46067.0,-82381.0,180829.0,,,0.0,-82381.0,17247.0,CLOSED,CFTC_COT+FRED
2002-05-07,2002-05-07,44435.0,-82705.0,192242.0,,,0.0,-82705.0,13626.0,CLOSED,CFTC_COT+FRED
2002-05-14,2002-05-14,37839.0,-76952.0,191721.0,,,0.0597,-82705.0,13626.0,CLOSED,CFTC_COT+FRED
2002-05-21,2002-05-21,46914.0,-88643.0,189679.0,,,0.0,-88643.0,13626.0,CLOSED,CFTC_COT+FRED
2002-05-28,2002-05-28,41323.0,-87432.0,190444.0,,,0.0118,-88643.0,13626.0,CLOSED,CFTC_COT+FRED
2002-06-04,2002-06-04,41943.0,-85220.0,181999.0,,,0.0335,-88643.0,13626.0,CLOSED,CFTC_COT+FRED
2002-06-11,2002-06-11,46456.0,-77183.0,171476.0,,,0.1121,-88643.0,13626.0,CLOSED,CFTC_COT+FRED
2002-06-18,2002-06-18,41241.0,-72783.0,169101.0,,,0.1551,-88643.0,13626.0,CLOSED,CFTC_COT+FRED
2002-06-25,2002-06-25,37967.0,-74197.0,176291.0,,,0.1413,-88643.0,13626.0,CLOSED,CFTC_COT+FRED
2002-07-02,2002-07-02,30073.0,-65875.0,167318.0,,,0.2226,-88643.0,13626.0,CLOSED,CFTC_COT+FRED
2002-07-09,2002-07-09,22628.0,-61726.0,169837.0,,,0.2632,-88643.0,13626.0,CLOSED,CFTC_COT+FRED
2002-07-16,2002-07-16,23911.0,-64364.0,173241.0,,,0.2374,-88643.0,13626.0,CLOSED,CFTC_COT+FRED
2002-07-23,2002-07-23,26238.0,-66953.0,171233.0,,,0.2121,-88643.0,13626.0,CLOSED,CFTC_COT+FRED
2002-07-30,2002-07-30,385.0,-32233.0,147221.0,,,0.5516,-88643.0,13626.0,CLOSED,CFTC_COT+FRED
2002-08-06,2002-08-06,977.0,-31379.0,140484.0,,,0.5599,-88643.0,13626.0,CLOSED,CFTC_COT+FRED
2002-08-13,2002-08-13,-476.0,-29432.0,144723.0,,,0.579,-88643.0,13626.0,CLOSED,CFTC_COT+FRED
2002-08-20,2002-08-20,4708.0,-34289.0,149693.0,,,0.5315,-88643.0,13626.0,CLOSED,CFTC_COT+FRED
2002-08-27,2002-08-27,2382.0,-34069.0,150531.0,,,0.5336,-88643.0,13626.0,CLOSED,CFTC_COT+FRED
2002-09-03,2002-09-03,6115.0,-40667.0,149202.0,,,0.4691,-88643.0,13626.0,CLOSED,CFTC_COT+FRED
2002-09-10,2002-09-10,19821.0,-60480.0,161170.0,,,0.2754,-88643.0,13626.0,CLOSED,CFTC_COT+FRED
2002-09-17,2002-09-17,25186.0,-66504.0,164036.0,,,0.2165,-88643.0,13626.0,CLOSED,CFTC_COT+FRED
2002-09-24,2002-09-24,42181.0,-88391.0,187501.0,,,0.0025,-88643.0,13626.0,CLOSED,CFTC_COT+FRED
2002-10-01,2002-10-01,42702.0,-83697.0,178261.0,,,0.0484,-88643.0,13626.0,CLOSED,CFTC_COT+FRED
2002-10-08,2002-10-08,37672.0,-76627.0,173762.0,,,0.1175,-88643.0,13626.0,CLOSED,CFTC_COT+FRED
2002-10-15,2002-10-15,15914.0,-48852.0,158344.0,,,0.3891,-88643.0,13626.0,CLOSED,CFTC_COT+FRED
2002-10-22,2002-10-22,9462.0,-41597.0,155085.0,,,0.46,-88643.0,13626.0,CLOSED,CFTC_COT+FRED
2002-10-29,2002-10-29,15331.0,-48856.0,152205.0,,,0.389,-88643.0,13626.0,CLOSED,CFTC_COT+FRED
2002-11-05,2002-11-05,19985.0,-56703.0,152269.0,,,0.3123,-88643.0,13626.0,CLOSED,CFTC_COT+FRED
2002-11-12,2002-11-12,36907.0,-78424.0,174682.0,,,0.0999,-88643.0,13626.0,CLOSED,CFTC_COT+FRED
2002-11-19,2002-11-19,37856.0,-75782.0,169985.0,,,0.1258,-88643.0,13626.0,CLOSED,CFTC_COT+FRED
2002-11-26,2002-11-26,37554.0,-71565.0,166371.0,,,0.167,-88643.0,13626.0,CLOSED,CFTC_COT+FRED
2002-12-03,2002-12-03,32961.0,-68158.0,158433.0,,,0.2003,-88643.0,13626.0,CLOSED,CFTC_COT+FRED
2002-12-10,2002-12-10,51359.0,-90824.0,180754.0,,,0.0,-90824.0,-11976.0,CLOSED,CFTC_COT+FRED
2002-12-17,2002-12-17,55200.0,-101486.0,205550.0,,,0.0,-101486.0,-11976.0,CLOSED,CFTC_COT+FRED
2002-12-23,2002-12-23,57105.0,-103453.0,201761.0,,,0.0,-103453.0,-14555.0,CLOSED,CFTC_COT+FRED
2002-12-31,2002-12-31,59505.0,-104416.0,206914.0,,,0.0,-104416.0,-24042.0,CLOSED,CFTC_COT+FRED
2003-01-07,2003-01-07,63563.0,-109386.0,215299.0,,,0.0,-109386.0,-29432.0,CLOSED,CFTC_COT+FRED
2003-01-14,2003-01-14,60662.0,-104977.0,214684.0,,,0.0551,-109386.0,-29432.0,CLOSED,CFTC_COT+FRED
2003-01-21,2003-01-21,61682.0,-108272.0,218286.0,,,0.0139,-109386.0,-29432.0,CLOSED,CFTC_COT+FRED
2003-01-28,2003-01-28,56867.0,-112850.0,229819.0,,,0.0,-112850.0,-29432.0,CLOSED,CFTC_COT+FRED
2003-02-04,2003-02-04,66814.0,-126507.0,241161.0,,,0.0,-126507.0,-29432.0,CLOSED,CFTC_COT+FRED
2003-02-11,2003-02-11,50109.0,-94360.0,216608.0,,,0.3312,-126507.0,-29432.0,CLOSED,CFTC_COT+FRED
2003-02-14,2003-02-14,35807.0,-77799.0,202671.0,,,0.5018,-126507.0,-29432.0,CLOSED,CFTC_COT+FRED
2003-02-25,2003-02-25,26965.0,-68660.0,196138.0,,,0.5959,-126507.0,-29432.0,CLOSED,CFTC_COT+FRED
2003-03-04,2003-03-04,30976.0,-71163.0,189928.0,,,0.5701,-126507.0,-29432.0,CLOSED,CFTC_COT+FRED
2003-03-11,2003-03-11,33549.0,-74590.0,193841.0,,,0.5348,-126507.0,-29432.0,CLOSED,CFTC_COT+FRED
2003-03-18,2003-03-18,21421.0,-56842.0,189983.0,,,0.7176,-126507.0,-29432.0,CLOSED,CFTC_COT+FRED
2003-03-25,2003-03-25,29530.0,-56945.0,182966.0,,,0.7166,-126507.0,-29432.0,CLOSED,CFTC_COT+FRED
2003-04-01,2003-04-01,24367.0,-49971.0,171558.0,,,0.7884,-126507.0,-29432.0,CLOSED,CFTC_COT+FRED
2003-04-08,2003-04-08,25697.0,-52607.0,173293.0,,,0.7613,-126507.0,-29432.0,CLOSED,CFTC_COT+FRED
2003-04-15,2003-04-15,21305.0,-48622.0,180817.0,,,0.8023,-126507.0,-29432.0,CLOSED,CFTC_COT+FRED
2003-04-22,2003-04-22,25077.0,-52618.0,177869.0,,,0.7612,-126507.0,-29432.0,CLOSED,CFTC_COT+FRED
2003-04-29,2003-04-29,24767.0,-52834.0,176123.0,,,0.7589,-126507.0,-29432.0,CLOSED,CFTC_COT+FRED
2003-05-06,2003-05-06,39291.0,-69809.0,178933.0,,,0.5841,-126507.0,-29432.0,CLOSED,CFTC_COT+FRED
2003-05-13,2003-05-13,42420.0,-73714.0,183957.0,,,0.5438,-126507.0,-29432.0,CLOSED,CFTC_COT+FRED
2003-05-20,2003-05-20,65741.0,-98066.0,196238.0,,,0.293,-126507.0,-29432.0,CLOSED,CFTC_COT+FRED
2003-05-27,2003-05-27,68749.0,-97631.0,206318.0,,,0.2975,-126507.0,-29432.0,CLOSED,CFTC_COT+FRED
2003-06-03,2003-06-03,85047.0,-113612.0,205219.0,,,0.1328,-126507.0,-29432.0,CLOSED,CFTC_COT+FRED
2003-06-10,2003-06-10,65599.0,-93380.0,201381.0,,,0.3413,-126507.0,-29432.0,CLOSED,CFTC_COT+FRED
2003-06-17,2003-06-17,64175.0,-94206.0,199642.0,,,0.3327,-126507.0,-29432.0,CLOSED,CFTC_COT+FRED
2003-06-24,2003-06-24,48884.0,-77019.0,192790.0,,,0.5098,-126507.0,-29432.0,CLOSED,CFTC_COT+FRED
2003-07-01,2003-07-01,45214.0,-72003.0,187164.0,,,0.5615,-126507.0,-29432.0,CLOSED,CFTC_COT+FRED
2003-07-08,2003-07-08,41328.0,-68835.0,187327.0,,,0.5941,-126507.0,-29432.0,CLOSED,CFTC_COT+FRED
2003-07-15,2003-07-15,27515.0,-53672.0,186983.0,,,0.7503,-126507.0,-29432.0,CLOSED,CFTC_COT+FRED
2003-07-22,2003-07-22,39409.0,-68425.0,192848.0,,,0.5983,-126507.0,-29432.0,CLOSED,CFTC_COT+FRED
2003-07-29,2003-07-29,75447.0,-110332.0,238119.0,,,0.1666,-126507.0,-29432.0,CLOSED,CFTC_COT+FRED
2003-08-05,2003-08-05,57811.0,-93186.0,200599.0,,,0.3433,-126507.0,-29432.0,CLOSED,CFTC_COT+FRED
2003-08-12,2003-08-12,66513.0,-101762.0,209187.0,,,0.2677,-126507.0,-34069.0,CLOSED,CFTC_COT+FRED
2003-08-19,2003-08-19,89998.0,-125730.0,229142.0,,,0.0084,-126507.0,-34069.0,CLOSED,CFTC_COT+FRED
2003-08-26,2003-08-26,100227.0,-137088.0,243009.0,,,0.0,-137088.0,-40667.0,CLOSED,CFTC_COT+FRED
2003-09-02,2003-09-02,122847.0,-163846.0,274981.0,,,0.0,-163846.0,-41597.0,CLOSED,CFTC_COT+FRED
2003-09-09,2003-09-09,115092.0,-157940.0,283325.0,,,0.0483,-163846.0,-41597.0,CLOSED,CFTC_COT+FRED
2003-09-16,2003-09-16,105816.0,-148003.0,283175.0,,,0.1296,-163846.0,-41597.0,CLOSED,CFTC_COT+FRED
2003-09-23,2003-09-23,107668.0,-150497.0,291738.0,,,0.1092,-163846.0,-41597.0,CLOSED,CFTC_COT+FRED
2003-09-30,2003-09-30,95188.0,-137017.0,277922.0,,,0.2195,-163846.0,-41597.0,CLOSED,CFTC_COT+FRED
2003-10-07,2003-10-07,80765.0,-116040.0,255935.0,,,0.3911,-163846.0,-41597.0,CLOSED,CFTC_COT+FRED
2003-10-14,2003-10-14,76892.0,-113205.0,246133.0,,,0.4142,-163846.0,-41597.0,CLOSED,CFTC_COT+FRED
2003-10-21,2003-10-21,80864.0,-118831.0,252897.0,,,0.3907,-163846.0,-48622.0,CLOSED,CFTC_COT+FRED
2003-10-28,2003-10-28,90613.0,-127859.0,261514.0,,,0.3123,-163846.0,-48622.0,CLOSED,CFTC_COT+FRED
2003-11-04,2003-11-04,84610.0,-123995.0,262696.0,,,0.3459,-163846.0,-48622.0,CLOSED,CFTC_COT+FRED
2003-11-11,2003-11-11,82578.0,-123203.0,270895.0,,,0.3527,-163846.0,-48622.0,CLOSED,CFTC_COT+FRED
2003-11-18,2003-11-18,93160.0,-134603.0,285620.0,,,0.2538,-163846.0,-48622.0,CLOSED,CFTC_COT+FRED
2003-11-25,2003-11-25,108028.0,-150553.0,285510.0,,,0.1154,-163846.0,-48622.0,CLOSED,CFTC_COT+FRED
2003-12-02,2003-12-02,112855.0,-158956.0,278759.0,,,0.0424,-163846.0,-48622.0,CLOSED,CFTC_COT+FRED
2003-12-09,2003-12-09,107028.0,-153520.0,276302.0,,,0.0896,-163846.0,-48622.0,CLOSED,CFTC_COT+FRED
2003-12-16,2003-12-16,116108.0,-162193.0,278928.0,,,0.0143,-163846.0,-48622.0,CLOSED,CFTC_COT+FRED
2003-12-22,2003-12-22,108272.0,-154137.0,273517.0,,,0.0843,-163846.0,-48622.0,CLOSED,CFTC_COT+FRED
2003-12-30,2003-12-30,112600.0,-159914.0,278641.0,,,0.0341,-163846.0,-48622.0,CLOSED,CFTC_COT+FRED
2004-01-06,2004-01-06,115985.0,-160441.0,284500.0,,,0.0296,-163846.0,-48622.0,CLOSED,CFTC_COT+FRED
2004-01-13,2004-01-13,107232.0,-157310.0,300273.0,,,0.0567,-163846.0,-48622.0,CLOSED,CFTC_COT+FRED
2004-01-20,2004-01-20,85035.0,-128159.0,277381.0,,,0.3097,-163846.0,-48622.0,CLOSED,CFTC_COT+FRED
2004-01-27,2004-01-27,86056.0,-132970.0,275490.0,,,0.268,-163846.0,-48622.0,CLOSED,CFTC_COT+FRED
2004-02-03,2004-02-03,67564.0,-109445.0,236512.0,,,0.4721,-163846.0,-48622.0,CLOSED,CFTC_COT+FRED
2004-02-10,2004-02-10,60286.0,-106391.0,237396.0,,,0.4986,-163846.0,-48622.0,CLOSED,CFTC_COT+FRED
2004-02-17,2004-02-17,70305.0,-119597.0,241858.0,,,0.384,-163846.0,-48622.0,CLOSED,CFTC_COT+FRED
2004-02-24,2004-02-24,63058.0,-104499.0,241721.0,,,0.5151,-163846.0,-48622.0,CLOSED,CFTC_COT+FRED
2004-03-02,2004-03-02,43879.0,-90391.0,237352.0,,,0.6375,-163846.0,-48622.0,CLOSED,CFTC_COT+FRED
2004-03-09,2004-03-09,60539.0,-106422.0,230009.0,,,0.4984,-163846.0,-48622.0,CLOSED,CFTC_COT+FRED
2004-03-16,2004-03-16,62479.0,-110504.0,245495.0,,,0.4629,-163846.0,-48622.0,CLOSED,CFTC_COT+FRED
2004-03-23,2004-03-23,102511.0,-154855.0,281839.0,,,0.078,-163846.0,-48622.0,CLOSED,CFTC_COT+FRED
2004-03-30,2004-03-30,125138.0,-178345.0,295044.0,,,0.0,-178345.0,-48622.0,CLOSED,CFTC_COT+FRED
2004-04-06,2004-04-06,144253.0,-196307.0,305661.0,,,0.0,-196307.0,-48622.0,CLOSED,CFTC_COT+FRED
2004-04-12,2004-04-12,138696.0,-190874.0,305423.0,,,0.0378,-196307.0,-52618.0,CLOSED,CFTC_COT+FRED
2004-04-20,2004-04-20,73276.0,-122430.0,255395.0,,,0.5149,-196307.0,-52834.0,CLOSED,CFTC_COT+FRED
2004-04-27,2004-04-27,57804.0,-101621.0,246504.0,,,0.6638,-196307.0,-53672.0,CLOSED,CFTC_COT+FRED
2004-05-04,2004-05-04,54663.0,-89398.0,246863.0,,,0.7495,-196307.0,-53672.0,CLOSED,CFTC_COT+FRED
2004-05-11,2004-05-11,38016.0,-69442.0,254742.0,,,0.8894,-196307.0,-53672.0,CLOSED,CFTC_COT+FRED
2004-05-18,2004-05-18,27513.0,-57579.0,253647.0,,,0.9726,-196307.0,-53672.0,CLOSED,CFTC_COT+FRED
2004-05-25,2004-05-25,22209.0,-49239.0,252665.0,,,1.0,-196307.0,-49239.0,CLOSED,CFTC_COT+FRED
2004-06-01,2004-06-01,31983.0,-60359.0,228721.0,,,0.9244,-196307.0,-49239.0,CLOSED,CFTC_COT+FRED
2004-06-08,2004-06-08,30331.0,-60476.0,225921.0,,,0.9236,-196307.0,-49239.0,CLOSED,CFTC_COT+FRED
2004-06-15,2004-06-15,29116.0,-56808.0,223243.0,,,0.9485,-196307.0,-49239.0,CLOSED,CFTC_COT+FRED
2004-06-22,2004-06-22,39898.0,-70580.0,219524.0,,,0.8549,-196307.0,-49239.0,CLOSED,CFTC_COT+FRED
2004-06-29,2004-06-29,40167.0,-72183.0,226773.0,,,0.844,-196307.0,-49239.0,CLOSED,CFTC_COT+FRED
2004-07-06,2004-07-06,31403.0,-63241.0,226957.0,,,0.9048,-196307.0,-49239.0,CLOSED,CFTC_COT+FRED
2004-07-13,2004-07-13,70434.0,-106317.0,247735.0,,,0.6119,-196307.0,-49239.0,CLOSED,CFTC_COT+FRED
2004-07-20,2004-07-20,70458.0,-105911.0,256572.0,,,0.6147,-196307.0,-49239.0,CLOSED,CFTC_COT+FRED
2004-07-27,2004-07-27,33315.0,-66505.0,232007.0,,,0.8826,-196307.0,-49239.0,CLOSED,CFTC_COT+FRED
2004-08-03,2004-08-03,34454.0,-63711.0,217814.0,,,0.9016,-196307.0,-49239.0,CLOSED,CFTC_COT+FRED
2004-08-10,2004-08-10,46107.0,-78343.0,219062.0,,,0.8021,-196307.0,-49239.0,CLOSED,CFTC_COT+FRED
2004-08-17,2004-08-17,53790.0,-86750.0,227948.0,,,0.7449,-196307.0,-49239.0,CLOSED,CFTC_COT+FRED
2004-08-24,2004-08-24,84761.0,-119948.0,259849.0,,,0.5192,-196307.0,-49239.0,CLOSED,CFTC_COT+FRED
2004-08-31,2004-08-31,80497.0,-118075.0,269575.0,,,0.5319,-196307.0,-49239.0,CLOSED,CFTC_COT+FRED
2004-09-07,2004-09-07,62143.0,-99329.0,256711.0,,,0.6594,-196307.0,-49239.0,CLOSED,CFTC_COT+FRED
2004-09-14,2004-09-14,54856.0,-93950.0,249885.0,,,0.696,-196307.0,-49239.0,CLOSED,CFTC_COT+FRED
2004-09-21,2004-09-21,64327.0,-102962.0,256086.0,,,0.6347,-196307.0,-49239.0,CLOSED,CFTC_COT+FRED
2004-09-28,2004-09-28,82118.0,-122162.0,266565.0,,,0.5042,-196307.0,-49239.0,CLOSED,CFTC_COT+FRED
2004-10-05,2004-10-05,114092.0,-154266.0,296592.0,,,0.2859,-196307.0,-49239.0,CLOSED,CFTC_COT+FRED
2004-10-12,2004-10-12,115137.0,-157496.0,302197.0,,,0.2639,-196307.0,-49239.0,CLOSED,CFTC_COT+FRED
2004-10-19,2004-10-19,120914.0,-159594.0,305225.0,,,0.2496,-196307.0,-49239.0,CLOSED,CFTC_COT+FRED
2004-10-26,2004-10-26,127895.0,-163638.0,321849.0,,,0.2221,-196307.0,-49239.0,CLOSED,CFTC_COT+FRED
2004-11-02,2004-11-02,111437.0,-150057.0,313532.0,,,0.3145,-196307.0,-49239.0,CLOSED,CFTC_COT+FRED
2004-11-09,2004-11-09,117853.0,-162268.0,342146.0,,,0.2315,-196307.0,-49239.0,CLOSED,CFTC_COT+FRED
2004-11-16,2004-11-16,123001.0,-166227.0,362336.0,,,0.2045,-196307.0,-49239.0,CLOSED,CFTC_COT+FRED
2004-11-23,2004-11-23,138632.0,-176830.0,352638.0,,,0.1324,-196307.0,-49239.0,CLOSED,CFTC_COT+FRED
2004-11-30,2004-11-30,128453.0,-168330.0,345646.0,,,0.1902,-196307.0,-49239.0,CLOSED,CFTC_COT+FRED
2004-12-07,2004-12-07,132347.0,-169257.0,353244.0,,,0.1839,-196307.0,-49239.0,CLOSED,CFTC_COT+FRED
2004-12-14,2004-12-14,87794.0,-122798.0,316029.0,,,0.4998,-196307.0,-49239.0,CLOSED,CFTC_COT+FRED
2004-12-21,2004-12-21,90253.0,-126318.0,319955.0,,,0.4759,-196307.0,-49239.0,CLOSED,CFTC_COT+FRED
2004-12-28,2004-12-28,98753.0,-137495.0,330965.0,,,0.3999,-196307.0,-49239.0,CLOSED,CFTC_COT+FRED
2005-01-04,2005-01-04,73243.0,-105742.0,302298.0,,,0.6158,-196307.0,-49239.0,CLOSED,CFTC_COT+FRED
2005-01-11,2005-01-11,36787.0,-70347.0,275461.0,,,0.8565,-196307.0,-49239.0,CLOSED,CFTC_COT+FRED
2005-01-18,2005-01-18,29566.0,-62940.0,275630.0,,,0.9068,-196307.0,-49239.0,CLOSED,CFTC_COT+FRED
2005-01-25,2005-01-25,28345.0,-59584.0,273430.0,,,0.9297,-196307.0,-49239.0,CLOSED,CFTC_COT+FRED
2005-02-01,2005-02-01,28118.0,-57572.0,253116.0,,,0.9433,-196307.0,-49239.0,CLOSED,CFTC_COT+FRED
2005-02-08,2005-02-08,11175.0,-38182.0,255424.0,,,1.0,-196307.0,-38182.0,CLOSED,CFTC_COT+FRED
2005-02-15,2005-02-15,21707.0,-51477.0,262589.0,,,0.9159,-196307.0,-38182.0,CLOSED,CFTC_COT+FRED
2005-02-22,2005-02-22,38905.0,-73599.0,267860.0,,,0.776,-196307.0,-38182.0,CLOSED,CFTC_COT+FRED
2005-03-01,2005-03-01,56681.0,-91256.0,287761.0,,,0.6644,-196307.0,-38182.0,CLOSED,CFTC_COT+FRED
2005-03-08,2005-03-08,70477.0,-109074.0,296335.0,,,0.5517,-196307.0,-38182.0,CLOSED,CFTC_COT+FRED
2005-03-15,2005-03-15,111122.0,-147491.0,335503.0,,,0.3087,-196307.0,-38182.0,CLOSED,CFTC_COT+FRED
2005-03-22,2005-03-22,91761.0,-125978.0,299531.0,,,0.4448,-196307.0,-38182.0,CLOSED,CFTC_COT+FRED
2005-03-29,2005-03-29,101521.0,-133855.0,281601.0,,,0.395,-196307.0,-38182.0,CLOSED,CFTC_COT+FRED
2005-04-05,2005-04-05,106264.0,-134940.0,272946.0,,,0.3663,-190874.0,-38182.0,CLOSED,CFTC_COT+FRED
2005-04-12,2005-04-12,113344.0,-142029.0,279545.0,,,0.251,-176830.0,-38182.0,CLOSED,CFTC_COT+FRED
2005-04-19,2005-04-19,114392.0,-143587.0,280432.0,,,0.2398,-176830.0,-38182.0,CLOSED,CFTC_COT+FRED
2005-04-26,2005-04-26,137777.0,-169289.0,302084.0,,,0.0544,-176830.0,-38182.0,CLOSED,CFTC_COT+FRED
2005-05-03,2005-05-03,107728.0,-137695.0,290539.0,,,0.2823,-176830.0,-38182.0,CLOSED,CFTC_COT+FRED
2005-05-10,2005-05-10,80378.0,-108549.0,282478.0,,,0.4925,-176830.0,-38182.0,CLOSED,CFTC_COT+FRED
2005-05-17,2005-05-17,55944.0,-79861.0,274382.0,,,0.6994,-176830.0,-38182.0,CLOSED,CFTC_COT+FRED
2005-05-24,2005-05-24,39509.0,-60463.0,272748.0,,,0.8393,-176830.0,-38182.0,CLOSED,CFTC_COT+FRED
2005-05-31,2005-05-31,32965.0,-52996.0,255995.0,,,0.8932,-176830.0,-38182.0,CLOSED,CFTC_COT+FRED
2005-06-07,2005-06-07,39107.0,-67052.0,252151.0,,,0.7918,-176830.0,-38182.0,CLOSED,CFTC_COT+FRED
2005-06-14,2005-06-14,56861.0,-88090.0,257034.0,,,0.64,-176830.0,-38182.0,CLOSED,CFTC_COT+FRED
2005-06-21,2005-06-21,108510.0,-144062.0,289771.0,,,0.2363,-176830.0,-38182.0,CLOSED,CFTC_COT+FRED
2005-06-28,2005-06-28,129931.0,-165574.0,303385.0,,,0.0812,-176830.0,-38182.0,CLOSED,CFTC_COT+FRED
2005-07-05,2005-07-05,104874.0,-140341.0,281186.0,,,0.2632,-176830.0,-38182.0,CLOSED,CFTC_COT+FRED
2005-07-12,2005-07-12,73722.0,-110908.0,269891.0,,,0.4755,-176830.0,-38182.0,CLOSED,CFTC_COT+FRED
2005-07-19,2005-07-19,54111.0,-84048.0,270001.0,,,0.6692,-176830.0,-38182.0,CLOSED,CFTC_COT+FRED
2005-07-26,2005-07-26,49022.0,-82809.0,256886.0,,,0.6781,-176830.0,-38182.0,CLOSED,CFTC_COT+FRED
2005-08-02,2005-08-02,65569.0,-99807.0,244488.0,,,0.5555,-176830.0,-38182.0,CLOSED,CFTC_COT+FRED
2005-08-09,2005-08-09,117699.0,-150830.0,287839.0,,,0.1875,-176830.0,-38182.0,CLOSED,CFTC_COT+FRED
2005-08-16,2005-08-16,157607.0,-193366.0,331633.0,,,0.0,-193366.0,-38182.0,CLOSED,CFTC_COT+FRED
2005-08-23,2005-08-23,159687.0,-193874.0,331804.0,,,0.0,-193874.0,-38182.0,CLOSED,CFTC_COT+FRED
2005-08-30,2005-08-30,109833.0,-139650.0,291894.0,,,0.3483,-193874.0,-38182.0,CLOSED,CFTC_COT+FRED
2005-09-06,2005-09-06,115252.0,-148617.0,299192.0,,,0.2907,-193874.0,-38182.0,CLOSED,CFTC_COT+FRED
2005-09-13,2005-09-13,126798.0,-158789.0,321200.0,,,0.2253,-193874.0,-38182.0,CLOSED,CFTC_COT+FRED
2005-09-20,2005-09-20,158126.0,-187077.0,363315.0,,,0.0437,-193874.0,-38182.0,CLOSED,CFTC_COT+FRED
2005-09-27,2005-09-27,166100.0,-194114.0,366819.0,,,0.0,-194114.0,-38182.0,CLOSED,CFTC_COT+FRED
2005-10-04,2005-10-04,171498.0,-202724.0,363529.0,,,0.0,-202724.0,-38182.0,CLOSED,CFTC_COT+FRED
2005-10-11,2005-10-11,177410.0,-212714.0,370844.0,,,0.0,-212714.0,-38182.0,CLOSED,CFTC_COT+FRED
2005-10-18,2005-10-18,170424.0,-199507.0,362699.0,,,0.0757,-212714.0,-38182.0,CLOSED,CFTC_COT+FRED
2005-10-25,2005-10-25,153352.0,-180791.0,339388.0,,,0.1829,-212714.0,-38182.0,CLOSED,CFTC_COT+FRED
2005-11-01,2005-11-01,130568.0,-160331.0,334470.0,,,0.3001,-212714.0,-38182.0,CLOSED,CFTC_COT+FRED
2005-11-08,2005-11-08,123111.0,-150416.0,317076.0,,,0.3569,-212714.0,-38182.0,CLOSED,CFTC_COT+FRED
2005-11-15,2005-11-15,129686.0,-154279.0,324719.0,,,0.3348,-212714.0,-38182.0,CLOSED,CFTC_COT+FRED
2005-11-22,2005-11-22,162982.0,-180241.0,350603.0,,,0.1861,-212714.0,-38182.0,CLOSED,CFTC_COT+FRED
2005-11-29,2005-11-29,158905.0,-180519.0,350225.0,,,0.1845,-212714.0,-38182.0,CLOSED,CFTC_COT+FRED
2005-12-06,2005-12-06,167413.0,-190292.0,341011.0,,,0.1285,-212714.0,-38182.0,CLOSED,CFTC_COT+FRED
2005-12-13,2005-12-13,156331.0,-180730.0,337574.0,,,0.1833,-212714.0,-38182.0,CLOSED,CFTC_COT+FRED
2005-12-20,2005-12-20,156170.0,-189531.0,324429.0,,,0.1328,-212714.0,-38182.0,CLOSED,CFTC_COT+FRED
2005-12-27,2005-12-27,154522.0,-189234.0,320115.0,,,0.1345,-212714.0,-38182.0,CLOSED,CFTC_COT+FRED
2006-01-03,2006-01-03,150962.0,-187308.0,325524.0,,,0.1456,-212714.0,-38182.0,CLOSED,CFTC_COT+FRED
2006-01-10,2006-01-10,145806.0,-180209.0,343419.0,,,0.1862,-212714.0,-38182.0,CLOSED,CFTC_COT+FRED
2006-01-17,2006-01-17,148479.0,-181991.0,361704.0,,,0.176,-212714.0,-38182.0,CLOSED,CFTC_COT+FRED
2006-01-24,2006-01-24,142849.0,-175005.0,356080.0,,,0.2161,-212714.0,-38182.0,CLOSED,CFTC_COT+FRED
2006-01-31,2006-01-31,139250.0,-167282.0,339645.0,,,0.2603,-212714.0,-38182.0,CLOSED,CFTC_COT+FRED
2006-02-07,2006-02-07,127349.0,-154438.0,341727.0,,,0.3614,-212714.0,-51477.0,CLOSED,CFTC_COT+FRED
2006-02-14,2006-02-14,118914.0,-149205.0,338143.0,,,0.3976,-212714.0,-52996.0,CLOSED,CFTC_COT+FRED
2006-02-21,2006-02-21,118684.0,-149953.0,333410.0,,,0.3929,-212714.0,-52996.0,CLOSED,CFTC_COT+FRED
2006-02-28,2006-02-28,127370.0,-156861.0,339859.0,,,0.3497,-212714.0,-52996.0,CLOSED,CFTC_COT+FRED
2006-03-07,2006-03-07,120889.0,-149751.0,338325.0,,,0.3942,-212714.0,-52996.0,CLOSED,CFTC_COT+FRED
2006-03-14,2006-03-14,95940.0,-130336.0,322360.0,,,0.5158,-212714.0,-52996.0,CLOSED,CFTC_COT+FRED
2006-03-21,2006-03-21,104264.0,-135802.0,319618.0,,,0.4815,-212714.0,-52996.0,CLOSED,CFTC_COT+FRED
2006-03-28,2006-03-28,120586.0,-149712.0,334042.0,,,0.3945,-212714.0,-52996.0,CLOSED,CFTC_COT+FRED
2006-04-04,2006-04-04,132208.0,-170915.0,342721.0,,,0.2617,-212714.0,-52996.0,CLOSED,CFTC_COT+FRED
2006-04-11,2006-04-11,124332.0,-165949.0,342632.0,,,0.2928,-212714.0,-52996.0,CLOSED,CFTC_COT+FRED
2006-04-18,2006-04-18,130294.0,-172524.0,353757.0,,,0.2516,-212714.0,-52996.0,CLOSED,CFTC_COT+FRED
2006-04-25,2006-04-25,129378.0,-166855.0,354108.0,,,0.2871,-212714.0,-52996.0,CLOSED,CFTC_COT+FRED
2006-05-02,2006-05-02,130288.0,-171720.0,359539.0,,,0.2567,-212714.0,-52996.0,CLOSED,CFTC_COT+FRED
2006-05-09,2006-05-09,133936.0,-171333.0,351933.0,,,0.2591,-212714.0,-52996.0,CLOSED,CFTC_COT+FRED
2006-05-16,2006-05-16,126157.0,-163150.0,338720.0,,,0.3103,-212714.0,-52996.0,CLOSED,CFTC_COT+FRED
2006-05-23,2006-05-23,111098.0,-149003.0,316143.0,,,0.3989,-212714.0,-52996.0,CLOSED,CFTC_COT+FRED
2006-05-30,2006-05-30,101487.0,-139309.0,314494.0,,,0.5039,-212714.0,-67052.0,CLOSED,CFTC_COT+FRED
2006-06-06,2006-06-06,95896.0,-129369.0,283161.0,,,0.6416,-212714.0,-82809.0,CLOSED,CFTC_COT+FRED
2006-06-13,2006-06-13,99287.0,-134401.0,288981.0,,,0.6028,-212714.0,-82809.0,CLOSED,CFTC_COT+FRED
2006-06-20,2006-06-20,90221.0,-122271.0,288148.0,,,0.6962,-212714.0,-82809.0,CLOSED,CFTC_COT+FRED
2006-06-27,2006-06-27,85624.0,-116241.0,292789.0,,,0.7426,-212714.0,-82809.0,CLOSED,CFTC_COT+FRED
2006-07-03,2006-07-03,91920.0,-122167.0,292500.0,,,0.697,-212714.0,-82809.0,CLOSED,CFTC_COT+FRED
2006-07-11,2006-07-11,101929.0,-132047.0,312684.0,,,0.621,-212714.0,-82809.0,CLOSED,CFTC_COT+FRED
2006-07-18,2006-07-18,107374.0,-140091.0,324276.0,,,0.559,-212714.0,-82809.0,CLOSED,CFTC_COT+FRED
2006-07-25,2006-07-25,101555.0,-139489.0,315635.0,,,0.6485,-212714.0,-99807.0,CLOSED,CFTC_COT+FRED
2006-08-01,2006-08-01,102761.0,-138433.0,304907.0,,,0.77,-212714.0,-116241.0,CLOSED,CFTC_COT+FRED
2006-08-08,2006-08-08,106098.0,-141925.0,309097.0,,,0.7338,-212714.0,-116241.0,CLOSED,CFTC_COT+FRED
2006-08-15,2006-08-15,100544.0,-135129.0,313327.0,,,0.8042,-212714.0,-116241.0,CLOSED,CFTC_COT+FRED
2006-08-22,2006-08-22,95948.0,-128073.0,306171.0,,,0.8774,-212714.0,-116241.0,CLOSED,CFTC_COT+FRED
2006-08-29,2006-08-29,87716.0,-117245.0,307583.0,,,0.9896,-212714.0,-116241.0,CLOSED,CFTC_COT+FRED
2006-09-05,2006-09-05,98334.0,-131265.0,319998.0,,,0.8443,-212714.0,-116241.0,CLOSED,CFTC_COT+FRED
2006-09-12,2006-09-12,84222.0,-110695.0,310510.0,,,1.0,-212714.0,-110695.0,CLOSED,CFTC_COT+FRED
2006-09-19,2006-09-19,77868.0,-101925.0,325852.0,,,1.0,-212714.0,-101925.0,CLOSED,CFTC_COT+FRED
2006-09-26,2006-09-26,71244.0,-95365.0,322937.0,,,1.0,-212714.0,-95365.0,CLOSED,CFTC_COT+FRED
2006-10-03,2006-10-03,69434.0,-91994.0,330065.0,,,1.0,-212714.0,-91994.0,CLOSED,CFTC_COT+FRED
2006-10-10,2006-10-10,62449.0,-82602.0,334329.0,,,1.0,-199507.0,-82602.0,CLOSED,CFTC_COT+FRED
2006-10-17,2006-10-17,61259.0,-83138.0,329875.0,,,0.995,-190292.0,-82602.0,CLOSED,CFTC_COT+FRED
2006-10-24,2006-10-24,56050.0,-80509.0,331598.0,,,1.0,-190292.0,-80509.0,CLOSED,CFTC_COT+FRED
2006-10-31,2006-10-31,64716.0,-91896.0,323481.0,,,0.8963,-190292.0,-80509.0,CLOSED,CFTC_COT+FRED
2006-11-07,2006-11-07,81166.0,-114456.0,335036.0,,,0.6908,-190292.0,-80509.0,CLOSED,CFTC_COT+FRED
2006-11-14,2006-11-14,88834.0,-123521.0,356575.0,,,0.6082,-190292.0,-80509.0,CLOSED,CFTC_COT+FRED
2006-11-21,2006-11-21,84293.0,-118976.0,355430.0,,,0.6496,-190292.0,-80509.0,CLOSED,CFTC_COT+FRED
2006-11-28,2006-11-28,79866.0,-117724.0,349517.0,,,0.661,-190292.0,-80509.0,CLOSED,CFTC_COT+FRED
2006-12-05,2006-12-05,83639.0,-120168.0,330530.0,,,0.6362,-189531.0,-80509.0,CLOSED,CFTC_COT+FRED
2006-12-12,2006-12-12,81829.0,-116282.0,333101.0,,,0.6719,-189531.0,-80509.0,CLOSED,CFTC_COT+FRED
2006-12-19,2006-12-19,69893.0,-101732.0,337096.0,,,0.8048,-189234.0,-80509.0,CLOSED,CFTC_COT+FRED
2006-12-26,2006-12-26,68092.0,-103068.0,340473.0,,,0.7888,-187308.0,-80509.0,CLOSED,CFTC_COT+FRED
2007-01-03,2007-01-03,77883.0,-112447.0,353494.0,,,0.6853,-181991.0,-80509.0,CLOSED,CFTC_COT+FRED
2007-01-09,2007-01-09,52868.0,-81674.0,347491.0,,,0.9885,-181991.0,-80509.0,CLOSED,CFTC_COT+FRED
2007-01-16,2007-01-16,62950.0,-92109.0,344685.0,,,0.8772,-175005.0,-80509.0,CLOSED,CFTC_COT+FRED
2007-01-23,2007-01-23,84501.0,-118577.0,361114.0,,,0.5863,-172524.0,-80509.0,CLOSED,CFTC_COT+FRED
2007-01-30,2007-01-30,100345.0,-135611.0,348035.0,,,0.4012,-172524.0,-80509.0,CLOSED,CFTC_COT+FRED
2007-02-06,2007-02-06,108546.0,-146664.0,360936.0,,,0.281,-172524.0,-80509.0,CLOSED,CFTC_COT+FRED
2007-02-13,2007-02-13,124750.0,-165464.0,383169.0,,,0.0767,-172524.0,-80509.0,CLOSED,CFTC_COT+FRED
2007-02-20,2007-02-20,129933.0,-168150.0,396115.0,,,0.0475,-172524.0,-80509.0,CLOSED,CFTC_COT+FRED
2007-02-27,2007-02-27,142092.0,-183750.0,415155.0,,,0.0,-183750.0,-80509.0,CLOSED,CFTC_COT+FRED
2007-03-06,2007-03-06,101698.0,-137311.0,382550.0,,,0.4498,-183750.0,-80509.0,CLOSED,CFTC_COT+FRED
2007-03-13,2007-03-13,96342.0,-130916.0,394090.0,,,0.5118,-183750.0,-80509.0,CLOSED,CFTC_COT+FRED
2007-03-20,2007-03-20,93424.0,-129894.0,359726.0,,,0.5217,-183750.0,-80509.0,CLOSED,CFTC_COT+FRED
2007-03-27,2007-03-27,95123.0,-138524.0,359434.0,,,0.4381,-183750.0,-80509.0,CLOSED,CFTC_COT+FRED
2007-04-03,2007-04-03,93945.0,-129498.0,347817.0,,,0.5255,-183750.0,-80509.0,CLOSED,CFTC_COT+FRED
2007-04-10,2007-04-10,112956.0,-153204.0,369536.0,,,0.2959,-183750.0,-80509.0,CLOSED,CFTC_COT+FRED
2007-04-17,2007-04-17,135358.0,-174598.0,380800.0,,,0.0886,-183750.0,-80509.0,CLOSED,CFTC_COT+FRED
2007-04-24,2007-04-24,133842.0,-171773.0,403388.0,,,0.116,-183750.0,-80509.0,CLOSED,CFTC_COT+FRED
2007-05-01,2007-05-01,130445.0,-166153.0,396276.0,,,0.1704,-183750.0,-80509.0,CLOSED,CFTC_COT+FRED
2007-05-08,2007-05-08,136286.0,-172464.0,411273.0,,,0.1093,-183750.0,-80509.0,CLOSED,CFTC_COT+FRED
2007-05-15,2007-05-15,113898.0,-147293.0,408936.0,,,0.3531,-183750.0,-80509.0,CLOSED,CFTC_COT+FRED
2007-05-22,2007-05-22,95815.0,-124216.0,416813.0,,,0.5767,-183750.0,-80509.0,CLOSED,CFTC_COT+FRED
2007-05-29,2007-05-29,94897.0,-118695.0,425688.0,,,0.6301,-183750.0,-80509.0,CLOSED,CFTC_COT+FRED
2007-06-05,2007-06-05,107617.0,-136396.0,385046.0,,,0.4587,-183750.0,-80509.0,CLOSED,CFTC_COT+FRED
2007-06-12,2007-06-12,75896.0,-98005.0,412150.0,,,0.8305,-183750.0,-80509.0,CLOSED,CFTC_COT+FRED
2007-06-19,2007-06-19,81605.0,-109220.0,410324.0,,,0.7219,-183750.0,-80509.0,CLOSED,CFTC_COT+FRED
2007-06-26,2007-06-26,63077.0,-83584.0,407640.0,,,0.9702,-183750.0,-80509.0,CLOSED,CFTC_COT+FRED
2007-07-03,2007-07-03,65662.0,-91232.0,375642.0,,,0.8961,-183750.0,-80509.0,CLOSED,CFTC_COT+FRED
2007-07-10,2007-07-10,72220.0,-103185.0,387916.0,,,0.7804,-183750.0,-80509.0,CLOSED,CFTC_COT+FRED
2007-07-17,2007-07-17,79719.0,-112508.0,385595.0,,,0.6901,-183750.0,-80509.0,CLOSED,CFTC_COT+FRED
2007-07-24,2007-07-24,122930.0,-161602.0,401603.0,,,0.2145,-183750.0,-80509.0,CLOSED,CFTC_COT+FRED
2007-07-31,2007-07-31,80889.0,-112644.0,351185.0,,,0.6887,-183750.0,-80509.0,CLOSED,CFTC_COT+FRED
2007-08-07,2007-08-07,89371.0,-121246.0,352908.0,,,0.6054,-183750.0,-80509.0,CLOSED,CFTC_COT+FRED
2007-08-14,2007-08-14,94211.0,-125894.0,347973.0,,,0.5604,-183750.0,-80509.0,CLOSED,CFTC_COT+FRED
2007-08-21,2007-08-21,68930.0,-91994.0,330204.0,,,0.8888,-183750.0,-80509.0,CLOSED,CFTC_COT+FRED
2007-08-28,2007-08-28,77211.0,-98864.0,325767.0,,,0.8222,-183750.0,-80509.0,CLOSED,CFTC_COT+FRED
2007-09-04,2007-09-04,96980.0,-124354.0,339439.0,,,0.5753,-183750.0,-80509.0,CLOSED,CFTC_COT+FRED
2007-09-11,2007-09-11,126669.0,-160922.0,373686.0,,,0.2211,-183750.0,-80509.0,CLOSED,CFTC_COT+FRED
2007-09-18,2007-09-18,141650.0,-175264.0,392748.0,,,0.0822,-183750.0,-80509.0,CLOSED,CFTC_COT+FRED
2007-09-25,2007-09-25,174045.0,-208012.0,440945.0,,,0.0,-208012.0,-80509.0,CLOSED,CFTC_COT+FRED
2007-10-02,2007-10-02,175895.0,-212031.0,439865.0,,,0.0,-212031.0,-80509.0,CLOSED,CFTC_COT+FRED
2007-10-09,2007-10-09,190696.0,-227021.0,458936.0,,,0.0,-227021.0,-80509.0,CLOSED,CFTC_COT+FRED
2007-10-16,2007-10-16,201859.0,-239096.0,483872.0,,,0.0,-239096.0,-80509.0,CLOSED,CFTC_COT+FRED
2007-10-23,2007-10-23,186304.0,-222769.0,489471.0,,,0.1037,-239096.0,-81674.0,CLOSED,CFTC_COT+FRED
2007-10-30,2007-10-30,198606.0,-235133.0,516163.0,,,0.0252,-239096.0,-81674.0,CLOSED,CFTC_COT+FRED
2007-11-06,2007-11-06,202125.0,-240009.0,556856.0,,,0.0,-240009.0,-81674.0,CLOSED,CFTC_COT+FRED
2007-11-13,2007-11-13,190785.0,-226417.0,552546.0,,,0.0858,-240009.0,-81674.0,CLOSED,CFTC_COT+FRED
2007-11-20,2007-11-20,172390.0,-209625.0,512430.0,,,0.1919,-240009.0,-81674.0,CLOSED,CFTC_COT+FRED
2007-11-27,2007-11-27,175081.0,-205324.0,520782.0,,,0.2191,-240009.0,-81674.0,CLOSED,CFTC_COT+FRED
2007-12-04,2007-12-04,167524.0,-204898.0,486709.0,,,0.2218,-240009.0,-81674.0,CLOSED,CFTC_COT+FRED
2007-12-11,2007-12-11,171774.0,-210743.0,486198.0,,,0.1848,-240009.0,-81674.0,CLOSED,CFTC_COT+FRED
2007-12-18,2007-12-18,170273.0,-209607.0,495001.0,,,0.192,-240009.0,-81674.0,CLOSED,CFTC_COT+FRED
2007-12-24,2007-12-24,184375.0,-221531.0,517020.0,,,0.1167,-240009.0,-81674.0,CLOSED,CFTC_COT+FRED
2007-12-31,2007-12-31,199438.0,-238412.0,541854.0,,,0.0101,-240009.0,-81674.0,CLOSED,CFTC_COT+FRED
2008-01-08,2008-01-08,205404.0,-246690.0,558309.0,,,0.0,-246690.0,-83584.0,CLOSED,CFTC_COT+FRED
2008-01-15,2008-01-15,212047.0,-251114.0,593953.0,,,0.0,-251114.0,-83584.0,CLOSED,CFTC_COT+FRED
2008-01-22,2008-01-22,205075.0,-243027.0,560173.0,,,0.0483,-251114.0,-83584.0,CLOSED,CFTC_COT+FRED
2008-01-29,2008-01-29,205780.0,-245001.0,522142.0,,,0.0365,-251114.0,-83584.0,CLOSED,CFTC_COT+FRED
2008-02-05,2008-02-05,203742.0,-241581.0,495139.0,,,0.0569,-251114.0,-83584.0,CLOSED,CFTC_COT+FRED
2008-02-12,2008-02-12,206596.0,-243600.0,475749.0,,,0.0449,-251114.0,-83584.0,CLOSED,CFTC_COT+FRED
2008-02-19,2008-02-19,212259.0,-252740.0,489789.0,,,0.0,-252740.0,-83584.0,CLOSED,CFTC_COT+FRED
2008-02-26,2008-02-26,209363.0,-252275.0,495102.0,,,0.0027,-252740.0,-83584.0,CLOSED,CFTC_COT+FRED
2008-03-04,2008-03-04,195780.0,-240109.0,486992.0,,,0.0747,-252740.0,-83584.0,CLOSED,CFTC_COT+FRED
2008-03-11,2008-03-11,196343.0,-243258.0,482035.0,,,0.0561,-252740.0,-83584.0,CLOSED,CFTC_COT+FRED
2008-03-18,2008-03-18,192009.0,-239128.0,489055.0,,,0.0805,-252740.0,-83584.0,CLOSED,CFTC_COT+FRED
2008-03-25,2008-03-25,175742.0,-206125.0,452193.0,,,0.2756,-252740.0,-83584.0,CLOSED,CFTC_COT+FRED
2008-04-01,2008-04-01,161278.0,-193068.0,399393.0,,,0.3528,-252740.0,-83584.0,CLOSED,CFTC_COT+FRED
2008-04-08,2008-04-08,165393.0,-194572.0,407212.0,,,0.3439,-252740.0,-83584.0,CLOSED,CFTC_COT+FRED
2008-04-15,2008-04-15,171977.0,-205112.0,422699.0,,,0.2816,-252740.0,-83584.0,CLOSED,CFTC_COT+FRED
2008-04-22,2008-04-22,167623.0,-199599.0,424218.0,,,0.3142,-252740.0,-83584.0,CLOSED,CFTC_COT+FRED
2008-04-29,2008-04-29,160648.0,-185482.0,429670.0,,,0.3976,-252740.0,-83584.0,CLOSED,CFTC_COT+FRED
2008-05-06,2008-05-06,155967.0,-182728.0,433741.0,,,0.4139,-252740.0,-83584.0,CLOSED,CFTC_COT+FRED
2008-05-13,2008-05-13,152938.0,-177597.0,439636.0,,,0.4442,-252740.0,-83584.0,CLOSED,CFTC_COT+FRED
2008-05-20,2008-05-20,182119.0,-215181.0,453084.0,,,0.222,-252740.0,-83584.0,CLOSED,CFTC_COT+FRED
2008-05-27,2008-05-27,191512.0,-218285.0,430961.0,,,0.2037,-252740.0,-83584.0,CLOSED,CFTC_COT+FRED
2008-06-03,2008-06-03,170211.0,-202171.0,398441.0,,,0.2989,-252740.0,-83584.0,CLOSED,CFTC_COT+FRED
2008-06-10,2008-06-10,151248.0,-183081.0,396392.0,,,0.4118,-252740.0,-83584.0,CLOSED,CFTC_COT+FRED
2008-06-17,2008-06-17,151190.0,-183440.0,390471.0,,,0.4097,-252740.0,-83584.0,CLOSED,CFTC_COT+FRED
2008-06-24,2008-06-24,153538.0,-186756.0,401226.0,,,0.4085,-252740.0,-91232.0,CLOSED,CFTC_COT+FRED
2008-07-01,2008-07-01,187679.0,-227027.0,434024.0,,,0.16,-252740.0,-91994.0,CLOSED,CFTC_COT+FRED
2008-07-08,2008-07-08,189602.0,-228660.0,443202.0,,,0.1498,-252740.0,-91994.0,CLOSED,CFTC_COT+FRED
2008-07-15,2008-07-15,202783.0,-246577.0,483920.0,,,0.0383,-252740.0,-91994.0,CLOSED,CFTC_COT+FRED
2008-07-22,2008-07-22,194653.0,-237061.0,475606.0,,,0.0975,-252740.0,-91994.0,CLOSED,CFTC_COT+FRED
2008-07-29,2008-07-29,182319.0,-219671.0,446013.0,,,0.2057,-252740.0,-91994.0,CLOSED,CFTC_COT+FRED
2008-08-05,2008-08-05,163728.0,-198917.0,408430.0,,,0.3348,-252740.0,-91994.0,CLOSED,CFTC_COT+FRED
2008-08-12,2008-08-12,130660.0,-155813.0,365611.0,,,0.603,-252740.0,-91994.0,CLOSED,CFTC_COT+FRED
2008-08-19,2008-08-19,112366.0,-130154.0,372968.0,,,0.7967,-252740.0,-98864.0,CLOSED,CFTC_COT+FRED
2008-08-26,2008-08-26,105279.0,-121919.0,380766.0,,,1.0,-252740.0,-121919.0,CLOSED,CFTC_COT+FRED
2008-09-02,2008-09-02,93191.0,-108031.0,382329.0,,,1.0,-252740.0,-108031.0,CLOSED,CFTC_COT+FRED
2008-09-09,2008-09-09,82655.0,-93984.0,392592.0,,,1.0,-252740.0,-93984.0,CLOSED,CFTC_COT+FRED
2008-09-16,2008-09-16,90291.0,-103022.0,393814.0,,,0.9431,-252740.0,-93984.0,CLOSED,CFTC_COT+FRED
2008-09-23,2008-09-23,121016.0,-141276.0,368254.0,,,0.7021,-252740.0,-93984.0,CLOSED,CFTC_COT+FRED
2008-09-30,2008-09-30,117786.0,-140838.0,336598.0,,,0.7049,-252740.0,-93984.0,CLOSED,CFTC_COT+FRED
2008-10-07,2008-10-07,111613.0,-131307.0,329480.0,,,0.7649,-252740.0,-93984.0,CLOSED,CFTC_COT+FRED
2008-10-14,2008-10-14,106825.0,-125743.0,323496.0,,,0.8,-252740.0,-93984.0,CLOSED,CFTC_COT+FRED
2008-10-21,2008-10-21,99202.0,-108793.0,319472.0,,,0.9067,-252740.0,-93984.0,CLOSED,CFTC_COT+FRED
2008-10-28,2008-10-28,78315.0,-85076.0,313709.0,,,1.0,-252740.0,-85076.0,CLOSED,CFTC_COT+FRED
2008-11-04,2008-11-04,68195.0,-76406.0,303908.0,,,1.0,-252740.0,-76406.0,CLOSED,CFTC_COT+FRED
2008-11-11,2008-11-11,63959.0,-69496.0,293831.0,,,1.0,-252740.0,-69496.0,CLOSED,CFTC_COT+FRED
2008-11-18,2008-11-18,64829.0,-71116.0,289700.0,,,0.9912,-252740.0,-69496.0,CLOSED,CFTC_COT+FRED
2008-11-25,2008-11-25,81872.0,-93235.0,276567.0,,,0.8705,-252740.0,-69496.0,CLOSED,CFTC_COT+FRED
2008-12-02,2008-12-02,84369.0,-94288.0,264796.0,,,0.8647,-252740.0,-69496.0,CLOSED,CFTC_COT+FRED
2008-12-09,2008-12-09,83155.0,-94872.0,261001.0,,,0.8615,-252740.0,-69496.0,CLOSED,CFTC_COT+FRED
2008-12-16,2008-12-16,108249.0,-123111.0,282915.0,31.0,HAWKISH,0.7074,-252740.0,-69496.0,CLOSED,CFTC_COT+FRED
2008-12-22,2008-12-22,119788.0,-132797.0,291022.0,22.44,HAWKISH,0.6546,-252740.0,-69496.0,CLOSED,CFTC_COT+FRED
2008-12-30,2008-12-30,125961.0,-142773.0,300448.0,26.89,HAWKISH,0.6001,-252740.0,-69496.0,CLOSED,CFTC_COT+FRED
2009-01-06,2009-01-06,133604.0,-149482.0,320391.0,24.97,HAWKISH,0.5635,-252740.0,-69496.0,CLOSED,CFTC_COT+FRED
2009-01-13,2009-01-13,127618.0,-141563.0,318185.0,26.5,HAWKISH,0.6067,-252740.0,-69496.0,CLOSED,CFTC_COT+FRED
2009-01-20,2009-01-20,123937.0,-138931.0,331507.0,27.69,HAWKISH,0.6211,-252740.0,-69496.0,CLOSED,CFTC_COT+FRED
2009-01-27,2009-01-27,141114.0,-158376.0,354191.0,22.44,HAWKISH,0.515,-252740.0,-69496.0,CLOSED,CFTC_COT+FRED
2009-02-03,2009-02-03,155306.0,-177589.0,346288.0,19.47,HAWKISH,0.4101,-252740.0,-69496.0,CLOSED,CFTC_COT+FRED
2009-02-10,2009-02-10,163622.0,-188712.0,350858.0,20.75,HAWKISH,0.3494,-252740.0,-69496.0,CLOSED,CFTC_COT+FRED
2009-02-17,2009-02-17,165921.0,-196360.0,361619.0,22.44,HAWKISH,0.3059,-252275.0,-69496.0,CLOSED,CFTC_COT+FRED
2009-02-24,2009-02-24,161865.0,-190936.0,372697.0,17.36,HAWKISH,0.3142,-246577.0,-69496.0,CLOSED,CFTC_COT+FRED
2009-03-03,2009-03-03,159293.0,-188401.0,365271.0,21.08,HAWKISH,0.3285,-246577.0,-69496.0,CLOSED,CFTC_COT+FRED
2009-03-10,2009-03-10,144788.0,-172851.0,371321.0,17.95,HAWKISH,0.4163,-246577.0,-69496.0,CLOSED,CFTC_COT+FRED
2009-03-17,2009-03-17,150395.0,-175684.0,376237.0,16.8,HAWKISH,0.4003,-246577.0,-69496.0,CLOSED,CFTC_COT+FRED
2009-03-24,2009-03-24,151927.0,-181289.0,387177.0,20.42,HAWKISH,0.3687,-246577.0,-69496.0,CLOSED,CFTC_COT+FRED
2009-03-31,2009-03-31,154859.0,-181926.0,368618.0,24.6,HAWKISH,0.3651,-246577.0,-69496.0,CLOSED,CFTC_COT+FRED
2009-04-07,2009-04-07,127812.0,-153223.0,344929.0,21.08,HAWKISH,0.5272,-246577.0,-69496.0,CLOSED,CFTC_COT+FRED
2009-04-14,2009-04-14,129895.0,-153509.0,336930.0,22.79,HAWKISH,0.5256,-246577.0,-69496.0,CLOSED,CFTC_COT+FRED
2009-04-21,2009-04-21,128367.0,-149608.0,339226.0,19.47,HAWKISH,0.5476,-246577.0,-69496.0,CLOSED,CFTC_COT+FRED
2009-04-28,2009-04-28,129100.0,-153419.0,343037.0,19.78,HAWKISH,0.5261,-246577.0,-69496.0,CLOSED,CFTC_COT+FRED
2009-05-05,2009-05-05,129991.0,-160445.0,341461.0,18.85,HAWKISH,0.4864,-246577.0,-69496.0,CLOSED,CFTC_COT+FRED
2009-05-12,2009-05-12,138877.0,-171180.0,359517.0,21.42,HAWKISH,0.4258,-246577.0,-69496.0,CLOSED,CFTC_COT+FRED
2009-05-19,2009-05-19,149584.0,-183065.0,367931.0,21.08,HAWKISH,0.3587,-246577.0,-69496.0,CLOSED,CFTC_COT+FRED
2009-05-26,2009-05-26,177308.0,-208136.0,396965.0,19.47,HAWKISH,0.2171,-246577.0,-69496.0,CLOSED,CFTC_COT+FRED
2009-06-02,2009-06-02,187340.0,-226521.0,391057.0,19.47,HAWKISH,0.1133,-246577.0,-69496.0,CLOSED,CFTC_COT+FRED
2009-06-09,2009-06-09,189674.0,-225047.0,387181.0,10.34,HAWKISH,0.1216,-246577.0,-69496.0,CLOSED,CFTC_COT+FRED
2009-06-16,2009-06-16,175543.0,-207368.0,371997.0,12.35,HAWKISH,0.2214,-246577.0,-69496.0,CLOSED,CFTC_COT+FRED
2009-06-23,2009-06-23,166294.0,-194430.0,370347.0,14.43,HAWKISH,0.2945,-246577.0,-69496.0,CLOSED,CFTC_COT+FRED
2009-06-30,2009-06-30,164186.0,-197818.0,379199.0,15.19,HAWKISH,0.2753,-246577.0,-69496.0,CLOSED,CFTC_COT+FRED
2009-07-07,2009-07-07,164144.0,-191307.0,372985.0,18.85,HAWKISH,0.3121,-246577.0,-69496.0,CLOSED,CFTC_COT+FRED
2009-07-14,2009-07-14,158804.0,-182287.0,370509.0,19.15,HAWKISH,0.3269,-237061.0,-69496.0,CLOSED,CFTC_COT+FRED
2009-07-21,2009-07-21,173302.0,-204226.0,390939.0,19.47,HAWKISH,0.142,-226521.0,-69496.0,CLOSED,CFTC_COT+FRED
2009-07-28,2009-07-28,172771.0,-202521.0,386340.0,14.93,HAWKISH,0.1528,-226521.0,-69496.0,CLOSED,CFTC_COT+FRED
2009-08-04,2009-08-04,193514.0,-228193.0,392834.0,13.01,HAWKISH,0.0,-228193.0,-69496.0,CLOSED,CFTC_COT+FRED
2009-08-11,2009-08-11,190086.0,-222905.0,385002.0,12.79,HAWKISH,0.0333,-228193.0,-69496.0,CLOSED,CFTC_COT+FRED
2009-08-18,2009-08-18,177530.0,-204545.0,373810.0,16.52,HAWKISH,0.149,-228193.0,-69496.0,CLOSED,CFTC_COT+FRED
2009-08-25,2009-08-25,182982.0,-211342.0,379629.0,16.8,HAWKISH,0.1062,-228193.0,-69496.0,CLOSED,CFTC_COT+FRED
2009-09-01,2009-09-01,184501.0,-216708.0,384703.0,20.75,HAWKISH,0.0724,-228193.0,-69496.0,CLOSED,CFTC_COT+FRED
2009-09-08,2009-09-08,224676.0,-270797.0,451713.0,20.42,HAWKISH,0.0,-270797.0,-69496.0,CLOSED,CFTC_COT+FRED
2009-09-15,2009-09-15,235647.0,-284661.0,467892.0,19.47,HAWKISH,0.0,-284661.0,-69496.0,CLOSED,CFTC_COT+FRED
2009-09-22,2009-09-22,236749.0,-287610.0,467145.0,17.65,HAWKISH,0.0,-287610.0,-69496.0,CLOSED,CFTC_COT+FRED
2009-09-29,2009-09-29,231386.0,-275234.0,454585.0,18.24,HAWKISH,0.0567,-287610.0,-69496.0,CLOSED,CFTC_COT+FRED
2009-10-06,2009-10-06,239668.0,-281864.0,484307.0,21.08,HAWKISH,0.0263,-287610.0,-69496.0,CLOSED,CFTC_COT+FRED
2009-10-13,2009-10-13,253955.0,-295926.0,504187.0,21.08,HAWKISH,0.0,-295926.0,-69496.0,CLOSED,CFTC_COT+FRED
2009-10-20,2009-10-20,250107.0,-297493.0,509678.0,19.78,HAWKISH,0.0,-297493.0,-69496.0,CLOSED,CFTC_COT+FRED
2009-10-27,2009-10-27,241777.0,-283479.0,497479.0,18.54,HAWKISH,0.0615,-297493.0,-69496.0,CLOSED,CFTC_COT+FRED
2009-11-03,2009-11-03,241319.0,-283852.0,493991.0,20.75,HAWKISH,0.0598,-297493.0,-69496.0,CLOSED,CFTC_COT+FRED
2009-11-09,2009-11-09,238060.0,-282784.0,530505.0,22.44,HAWKISH,0.065,-297493.0,-71116.0,CLOSED,CFTC_COT+FRED
2009-11-17,2009-11-17,235697.0,-281546.0,533119.0,25.73,HAWKISH,0.0781,-297493.0,-93235.0,CLOSED,CFTC_COT+FRED
2009-11-24,2009-11-24,262331.0,-306104.0,521253.0,27.69,HAWKISH,0.0,-306104.0,-94288.0,CLOSED,CFTC_COT+FRED
2009-12-01,2009-12-01,259064.0,-308231.0,521433.0,30.15,HAWKISH,0.0,-308231.0,-94872.0,CLOSED,CFTC_COT+FRED
2009-12-08,2009-12-08,254429.0,-299186.0,505652.0,27.69,HAWKISH,0.0489,-308231.0,-123111.0,CLOSED,CFTC_COT+FRED
2009-12-15,2009-12-15,256108.0,-303791.0,504368.0,22.1,HAWKISH,0.0253,-308231.0,-132797.0,CLOSED,CFTC_COT+FRED
2009-12-22,2009-12-22,238076.0,-285665.0,499233.0,19.78,HAWKISH,0.1333,-308231.0,-138931.0,CLOSED,CFTC_COT+FRED
2009-12-29,2009-12-29,230490.0,-278942.0,491712.0,15.71,HAWKISH,0.173,-308231.0,-138931.0,CLOSED,CFTC_COT+FRED
2010-01-05,2010-01-05,227767.0,-278551.0,507643.0,17.95,HAWKISH,0.1753,-308231.0,-138931.0,CLOSED,CFTC_COT+FRED
2010-01-12,2010-01-12,229342.0,-282488.0,523266.0,20.75,HAWKISH,0.1521,-308231.0,-138931.0,CLOSED,CFTC_COT+FRED
2010-01-19,2010-01-19,221469.0,-273647.0,528924.0,20.42,HAWKISH,0.218,-308231.0,-149608.0,CLOSED,CFTC_COT+FRED
2010-01-26,2010-01-26,211924.0,-248618.0,507565.0,22.44,HAWKISH,0.3758,-308231.0,-149608.0,CLOSED,CFTC_COT+FRED
2010-02-02,2010-02-02,210169.0,-244579.0,480860.0,22.79,HAWKISH,0.4013,-308231.0,-149608.0,CLOSED,CFTC_COT+FRED
2010-02-09,2010-02-09,181519.0,-213427.0,466905.0,23.51,HAWKISH,0.5977,-308231.0,-149608.0,CLOSED,CFTC_COT+FRED
2010-02-16,2010-02-16,188858.0,-219878.0,466509.0,24.23,HAWKISH,0.557,-308231.0,-149608.0,CLOSED,CFTC_COT+FRED
2010-02-23,2010-02-23,200622.0,-238044.0,466572.0,22.44,HAWKISH,0.4425,-308231.0,-149608.0,CLOSED,CFTC_COT+FRED
2010-03-02,2010-03-02,207372.0,-251537.0,482786.0,24.97,HAWKISH,0.3574,-308231.0,-149608.0,CLOSED,CFTC_COT+FRED
2010-03-09,2010-03-09,208194.0,-251787.0,493909.0,21.76,HAWKISH,0.3558,-308231.0,-149608.0,CLOSED,CFTC_COT+FRED
2010-03-16,2010-03-16,200346.0,-242295.0,496481.0,20.42,HAWKISH,0.4157,-308231.0,-149608.0,CLOSED,CFTC_COT+FRED
2010-03-23,2010-03-23,183872.0,-223823.0,495143.0,17.65,HAWKISH,0.5321,-308231.0,-149608.0,CLOSED,CFTC_COT+FRED
2010-03-30,2010-03-30,173766.0,-207691.0,466678.0,16.52,HAWKISH,0.6338,-308231.0,-149608.0,CLOSED,CFTC_COT+FRED
2010-04-06,2010-04-06,203446.0,-244906.0,497388.0,14.43,HAWKISH,0.3992,-308231.0,-149608.0,CLOSED,CFTC_COT+FRED
2010-04-13,2010-04-13,220742.0,-263484.0,528856.0,16.25,HAWKISH,0.2821,-308231.0,-149608.0,CLOSED,CFTC_COT+FRED
2010-04-20,2010-04-20,210651.0,-257396.0,521338.0,16.8,HAWKISH,0.3284,-308231.0,-153419.0,CLOSED,CFTC_COT+FRED
2010-04-27,2010-04-27,225668.0,-265522.0,538591.0,17.36,HAWKISH,0.289,-308231.0,-160445.0,CLOSED,CFTC_COT+FRED
2010-05-04,2010-05-04,230547.0,-271586.0,551616.0,19.47,HAWKISH,0.2674,-308231.0,-171180.0,CLOSED,CFTC_COT+FRED
2010-05-11,2010-05-11,235825.0,-282644.0,583504.0,23.15,HAWKISH,0.2032,-308231.0,-182287.0,CLOSED,CFTC_COT+FRED
2010-05-18,2010-05-18,231670.0,-279744.0,579758.0,26.5,HAWKISH,0.2262,-308231.0,-182287.0,CLOSED,CFTC_COT+FRED
2010-05-25,2010-05-25,227691.0,-268379.0,591360.0,24.6,HAWKISH,0.3164,-308231.0,-182287.0,CLOSED,CFTC_COT+FRED
2010-06-01,2010-06-01,224546.0,-267623.0,553950.0,25.73,HAWKISH,0.3224,-308231.0,-182287.0,CLOSED,CFTC_COT+FRED
2010-06-08,2010-06-08,227398.0,-273577.0,564792.0,27.29,HAWKISH,0.2752,-308231.0,-182287.0,CLOSED,CFTC_COT+FRED
2010-06-15,2010-06-15,230251.0,-278944.0,569204.0,25.35,HAWKISH,0.2325,-308231.0,-182287.0,CLOSED,CFTC_COT+FRED
2010-06-22,2010-06-22,238634.0,-288916.0,602411.0,28.5,HAWKISH,0.1534,-308231.0,-182287.0,CLOSED,CFTC_COT+FRED
2010-06-29,2010-06-29,244725.0,-289956.0,601138.0,32.74,HAWKISH,0.1451,-308231.0,-182287.0,CLOSED,CFTC_COT+FRED
2010-07-06,2010-07-06,209042.0,-249142.0,577732.0,32.3,HAWKISH,0.4692,-308231.0,-182287.0,CLOSED,CFTC_COT+FRED
2010-07-13,2010-07-13,204921.0,-248348.0,568078.0,30.15,HAWKISH,0.5665,-308231.0,-202521.0,CLOSED,CFTC_COT+FRED
2010-07-20,2010-07-20,178307.0,-215664.0,559473.0,32.74,HAWKISH,0.8757,-308231.0,-202521.0,CLOSED,CFTC_COT+FRED
2010-07-27,2010-07-27,188901.0,-227555.0,560066.0,31.0,HAWKISH,0.7781,-308231.0,-204545.0,CLOSED,CFTC_COT+FRED
2010-08-03,2010-08-03,185515.0,-222029.0,518643.0,36.35,NEUTRAL,0.8314,-308231.0,-204545.0,CLOSED,CFTC_COT+FRED
2010-08-10,2010-08-10,190687.0,-230980.0,523078.0,36.82,NEUTRAL,0.745,-308231.0,-204545.0,CLOSED,CFTC_COT+FRED
2010-08-17,2010-08-17,204228.0,-249570.0,543674.0,36.82,NEUTRAL,0.5835,-308231.0,-207691.0,CLOSED,CFTC_COT+FRED
2010-08-24,2010-08-24,221191.0,-264300.0,556464.0,37.75,NEUTRAL,0.437,-308231.0,-207691.0,CLOSED,CFTC_COT+FRED
2010-08-31,2010-08-31,238077.0,-284561.0,577352.0,39.17,NEUTRAL,0.2354,-308231.0,-207691.0,CLOSED,CFTC_COT+FRED
2010-09-07,2010-09-07,239697.0,-287680.0,585564.0,38.23,NEUTRAL,0.2044,-308231.0,-207691.0,CLOSED,CFTC_COT+FRED
2010-09-14,2010-09-14,244261.0,-292939.0,594058.0,37.75,NEUTRAL,0.1521,-308231.0,-207691.0,CLOSED,CFTC_COT+FRED
2010-09-21,2010-09-21,244013.0,-292308.0,597592.0,41.1,NEUTRAL,0.1584,-308231.0,-207691.0,CLOSED,CFTC_COT+FRED
2010-09-28,2010-09-28,257649.0,-302740.0,619408.0,44.03,NEUTRAL,0.0546,-308231.0,-207691.0,CLOSED,CFTC_COT+FRED
2010-10-05,2010-10-05,259620.0,-299498.0,617204.0,42.07,NEUTRAL,0.0869,-308231.0,-207691.0,CLOSED,CFTC_COT+FRED
2010-10-12,2010-10-12,255874.0,-300022.0,616382.0,44.03,NEUTRAL,0.0816,-308231.0,-207691.0,CLOSED,CFTC_COT+FRED
2010-10-19,2010-10-19,249752.0,-293082.0,630626.0,44.03,NEUTRAL,0.1507,-308231.0,-207691.0,CLOSED,CFTC_COT+FRED
2010-10-26,2010-10-26,239086.0,-282435.0,607582.0,42.56,NEUTRAL,0.2566,-308231.0,-207691.0,CLOSED,CFTC_COT+FRED
2010-11-02,2010-11-02,230228.0,-276612.0,618381.0,45.51,NEUTRAL,0.3145,-308231.0,-207691.0,CLOSED,CFTC_COT+FRED
2010-11-09,2010-11-09,246179.0,-290953.0,650764.0,39.65,NEUTRAL,0.1719,-308231.0,-207691.0,CLOSED,CFTC_COT+FRED
2010-11-16,2010-11-16,218479.0,-264908.0,637435.0,37.29,NEUTRAL,0.4309,-308231.0,-207691.0,CLOSED,CFTC_COT+FRED
2010-11-23,2010-11-23,221329.0,-263893.0,622712.0,40.13,NEUTRAL,0.441,-308231.0,-207691.0,CLOSED,CFTC_COT+FRED
2010-11-30,2010-11-30,227607.0,-270469.0,600158.0,40.13,NEUTRAL,0.3467,-303791.0,-207691.0,CLOSED,CFTC_COT+FRED
2010-12-07,2010-12-07,232751.0,-278673.0,603632.0,35.89,NEUTRAL,0.2614,-303791.0,-207691.0,CLOSED,CFTC_COT+FRED
2010-12-14,2010-12-14,220195.0,-268135.0,594652.0,30.58,HAWKISH,0.3641,-302740.0,-207691.0,CLOSED,CFTC_COT+FRED
2010-12-21,2010-12-21,206424.0,-251808.0,582133.0,31.86,HAWKISH,0.5358,-302740.0,-207691.0,CLOSED,CFTC_COT+FRED
2010-12-28,2010-12-28,215788.0,-259770.0,594490.0,26.89,HAWKISH,0.4521,-302740.0,-207691.0,CLOSED,CFTC_COT+FRED
2011-01-04,2011-01-04,202318.0,-254582.0,592613.0,31.86,HAWKISH,0.5067,-302740.0,-207691.0,CLOSED,CFTC_COT+FRED
2011-01-11,2011-01-11,177372.0,-225064.0,588179.0,33.18,HAWKISH,0.8172,-302740.0,-207691.0,CLOSED,CFTC_COT+FRED
2011-01-18,2011-01-18,164993.0,-206471.0,587832.0,33.18,HAWKISH,1.0,-302740.0,-206471.0,CLOSED,CFTC_COT+FRED
2011-01-25,2011-01-25,160589.0,-197483.0,506047.0,32.3,HAWKISH,1.0,-302740.0,-197483.0,CLOSED,CFTC_COT+FRED
2011-02-01,2011-02-01,151194.0,-193197.0,462907.0,32.74,HAWKISH,1.0,-302740.0,-193197.0,CLOSED,CFTC_COT+FRED
2011-02-08,2011-02-08,167093.0,-209911.0,469779.0,22.79,HAWKISH,0.8474,-302740.0,-193197.0,CLOSED,CFTC_COT+FRED
2011-02-15,2011-02-15,172844.0,-218626.0,473345.0,23.51,HAWKISH,0.7679,-302740.0,-193197.0,CLOSED,CFTC_COT+FRED
2011-02-22,2011-02-22,180424.0,-231806.0,502119.0,27.29,HAWKISH,0.6475,-302740.0,-193197.0,CLOSED,CFTC_COT+FRED
2011-03-01,2011-03-01,197253.0,-250596.0,515784.0,30.58,HAWKISH,0.476,-302740.0,-193197.0,CLOSED,CFTC_COT+FRED
2011-03-08,2011-03-08,190940.0,-247464.0,515214.0,27.69,HAWKISH,0.5046,-302740.0,-193197.0,CLOSED,CFTC_COT+FRED
2011-03-15,2011-03-15,174571.0,-220154.0,507760.0,31.86,HAWKISH,0.7539,-302740.0,-193197.0,CLOSED,CFTC_COT+FRED
2011-03-22,2011-03-22,174837.0,-224799.0,509131.0,29.73,HAWKISH,0.7115,-302740.0,-193197.0,CLOSED,CFTC_COT+FRED
2011-03-29,2011-03-29,193121.0,-240769.0,492087.0,24.6,HAWKISH,0.5657,-302740.0,-193197.0,CLOSED,CFTC_COT+FRED
2011-04-05,2011-04-05,204706.0,-258665.0,508956.0,23.51,HAWKISH,0.4024,-302740.0,-193197.0,CLOSED,CFTC_COT+FRED
2011-04-12,2011-04-12,201745.0,-253688.0,514871.0,26.11,HAWKISH,0.4478,-302740.0,-193197.0,CLOSED,CFTC_COT+FRED
2011-04-19,2011-04-19,214926.0,-266548.0,537946.0,29.73,HAWKISH,0.3304,-302740.0,-193197.0,CLOSED,CFTC_COT+FRED
2011-04-26,2011-04-26,201266.0,-248994.0,530132.0,31.0,HAWKISH,0.4906,-302740.0,-193197.0,CLOSED,CFTC_COT+FRED
2011-05-03,2011-05-03,192656.0,-240102.0,522323.0,32.74,HAWKISH,0.5718,-302740.0,-193197.0,CLOSED,CFTC_COT+FRED
2011-05-10,2011-05-10,176339.0,-221581.0,510151.0,33.63,HAWKISH,0.7409,-302740.0,-193197.0,CLOSED,CFTC_COT+FRED
2011-05-17,2011-05-17,164603.0,-206949.0,509164.0,35.43,NEUTRAL,0.8745,-302740.0,-193197.0,CLOSED,CFTC_COT+FRED
2011-05-24,2011-05-24,172394.0,-217237.0,531180.0,34.98,HAWKISH,0.7805,-302740.0,-193197.0,CLOSED,CFTC_COT+FRED
2011-05-31,2011-05-31,191774.0,-240508.0,501400.0,40.13,NEUTRAL,0.5681,-302740.0,-193197.0,CLOSED,CFTC_COT+FRED
2011-06-07,2011-06-07,198708.0,-247684.0,502251.0,43.05,NEUTRAL,0.5026,-302740.0,-193197.0,CLOSED,CFTC_COT+FRED
2011-06-14,2011-06-14,191695.0,-237429.0,497780.0,40.13,NEUTRAL,0.5962,-302740.0,-193197.0,CLOSED,CFTC_COT+FRED
2011-06-21,2011-06-21,203227.0,-251247.0,515016.0,42.56,NEUTRAL,0.4701,-302740.0,-193197.0,CLOSED,CFTC_COT+FRED
2011-06-28,2011-06-28,165902.0,-208755.0,495761.0,38.7,NEUTRAL,0.858,-302740.0,-193197.0,CLOSED,CFTC_COT+FRED
2011-07-05,2011-07-05,157775.0,-202002.0,489782.0,40.61,NEUTRAL,0.9196,-302740.0,-193197.0,CLOSED,CFTC_COT+FRED
2011-07-12,2011-07-12,197597.0,-244249.0,520202.0,44.03,NEUTRAL,0.534,-302740.0,-193197.0,CLOSED,CFTC_COT+FRED
2011-07-19,2011-07-19,219297.0,-263814.0,542342.0,43.05,NEUTRAL,0.3553,-302740.0,-193197.0,CLOSED,CFTC_COT+FRED
2011-07-26,2011-07-26,235617.0,-282973.0,536454.0,42.07,NEUTRAL,0.1804,-302740.0,-193197.0,CLOSED,CFTC_COT+FRED
2011-08-02,2011-08-02,247175.0,-287634.0,529403.0,46.01,NEUTRAL,0.1379,-302740.0,-193197.0,CLOSED,CFTC_COT+FRED
2011-08-09,2011-08-09,203573.0,-249206.0,510223.0,53.0,DOVISH_TILT,0.4887,-302740.0,-193197.0,CLOSED,CFTC_COT+FRED
2011-08-16,2011-08-16,200086.0,-248847.0,514107.0,52.5,DOVISH_TILT,0.492,-302740.0,-193197.0,CLOSED,CFTC_COT+FRED
2011-08-23,2011-08-23,187681.0,-230436.0,528520.0,51.5,DOVISH_TILT,0.6601,-302740.0,-193197.0,OPEN,CFTC_COT+FRED
2011-08-30,2011-08-30,176947.0,-217355.0,509326.0,52.5,DOVISH_TILT,0.7795,-302740.0,-193197.0,OPEN,CFTC_COT+FRED
2011-09-06,2011-09-06,184371.0,-227714.0,523294.0,52.0,DOVISH_TILT,0.6849,-302740.0,-193197.0,OPEN,CFTC_COT+FRED
2011-09-13,2011-09-13,168847.0,-210468.0,512068.0,52.0,DOVISH_TILT,0.8423,-302740.0,-193197.0,OPEN,CFTC_COT+FRED
2011-09-20,2011-09-20,150529.0,-197628.0,499356.0,53.49,DOVISH_TILT,0.9596,-302740.0,-193197.0,OPEN,CFTC_COT+FRED
2011-09-27,2011-09-27,127801.0,-166683.0,465414.0,50.0,DOVISH_TILT,1.0,-300022.0,-166683.0,CLOSED,CFTC_COT+FRED
2011-10-04,2011-10-04,133156.0,-164751.0,436920.0,50.0,DOVISH_TILT,1.0,-300022.0,-164751.0,CLOSED,CFTC_COT+FRED
2011-10-11,2011-10-11,134502.0,-168478.0,438090.0,46.51,NEUTRAL,0.971,-293082.0,-164751.0,CLOSED,CFTC_COT+FRED
2011-10-18,2011-10-18,126978.0,-159153.0,437739.0,48.5,NEUTRAL,1.0,-290953.0,-159153.0,CLOSED,CFTC_COT+FRED
2011-10-25,2011-10-25,129721.0,-168114.0,443723.0,49.5,NEUTRAL,0.932,-290953.0,-159153.0,CLOSED,CFTC_COT+FRED
2011-11-01,2011-11-01,139945.0,-182400.0,442435.0,51.0,DOVISH_TILT,0.8236,-290953.0,-159153.0,OPEN,CFTC_COT+FRED
2011-11-08,2011-11-08,155707.0,-196935.0,464982.0,50.0,DOVISH_TILT,0.7059,-287634.0,-159153.0,CLOSED,CFTC_COT+FRED
2011-11-15,2011-11-15,159214.0,-204163.0,470490.0,49.5,NEUTRAL,0.6497,-287634.0,-159153.0,CLOSED,CFTC_COT+FRED
2011-11-22,2011-11-22,160970.0,-192413.0,457070.0,49.5,NEUTRAL,0.7411,-287634.0,-159153.0,CLOSED,CFTC_COT+FRED
2011-11-29,2011-11-29,154793.0,-193545.0,423176.0,49.0,NEUTRAL,0.7323,-287634.0,-159153.0,CLOSED,CFTC_COT+FRED
2011-12-06,2011-12-06,159711.0,-201500.0,422956.0,50.0,DOVISH_TILT,0.6704,-287634.0,-159153.0,CLOSED,CFTC_COT+FRED
2011-12-13,2011-12-13,150503.0,-186217.0,427699.0,50.5,DOVISH_TILT,0.7894,-287634.0,-159153.0,OPEN,CFTC_COT+FRED
2011-12-20,2011-12-20,133936.0,-164554.0,423465.0,49.5,NEUTRAL,0.958,-287634.0,-159153.0,CLOSED,CFTC_COT+FRED
2011-12-27,2011-12-27,130788.0,-163932.0,418945.0,47.5,NEUTRAL,0.9628,-287634.0,-159153.0,CLOSED,CFTC_COT+FRED
2012-01-03,2012-01-03,130971.0,-161843.0,423275.0,49.0,NEUTRAL,0.9791,-287634.0,-159153.0,CLOSED,CFTC_COT+FRED
2012-01-10,2012-01-10,132760.0,-166574.0,417923.0,50.5,DOVISH_TILT,0.9422,-287634.0,-159153.0,OPEN,CFTC_COT+FRED
2012-01-17,2012-01-17,136029.0,-172976.0,432838.0,52.0,DOVISH_TILT,0.8924,-287634.0,-159153.0,OPEN,CFTC_COT+FRED
2012-01-24,2012-01-24,142223.0,-179768.0,427032.0,50.5,DOVISH_TILT,0.8395,-287634.0,-159153.0,OPEN,CFTC_COT+FRED
2012-01-31,2012-01-31,171359.0,-209862.0,425133.0,51.5,DOVISH_TILT,0.6053,-287634.0,-159153.0,OPEN,CFTC_COT+FRED
2012-02-07,2012-02-07,177507.0,-221072.0,436061.0,50.0,DOVISH_TILT,0.5181,-287634.0,-159153.0,CLOSED,CFTC_COT+FRED
2012-02-14,2012-02-14,167420.0,-209408.0,431164.0,48.0,NEUTRAL,0.6089,-287634.0,-159153.0,CLOSED,CFTC_COT+FRED
2012-02-21,2012-02-21,180961.0,-229302.0,456676.0,47.0,NEUTRAL,0.454,-287634.0,-159153.0,CLOSED,CFTC_COT+FRED
2012-02-28,2012-02-28,193220.0,-245351.0,479044.0,47.5,NEUTRAL,0.3291,-287634.0,-159153.0,CLOSED,CFTC_COT+FRED
2012-03-06,2012-03-06,163265.0,-200208.0,443249.0,47.5,NEUTRAL,0.6805,-287634.0,-159153.0,CLOSED,CFTC_COT+FRED
2012-03-13,2012-03-13,150906.0,-191688.0,442319.0,45.02,NEUTRAL,0.7468,-287634.0,-159153.0,CLOSED,CFTC_COT+FRED
2012-03-20,2012-03-20,131463.0,-166138.0,431039.0,42.07,NEUTRAL,0.9456,-287634.0,-159153.0,CLOSED,CFTC_COT+FRED
2012-03-27,2012-03-27,147821.0,-185076.0,417304.0,46.01,NEUTRAL,0.7982,-287634.0,-159153.0,CLOSED,CFTC_COT+FRED
2012-04-03,2012-04-03,141765.0,-177464.0,407761.0,44.52,NEUTRAL,0.8575,-287634.0,-159153.0,CLOSED,CFTC_COT+FRED
2012-04-10,2012-04-10,136653.0,-171049.0,403989.0,48.5,NEUTRAL,0.9074,-287634.0,-159153.0,CLOSED,CFTC_COT+FRED
2012-04-17,2012-04-17,142005.0,-176091.0,398526.0,49.0,NEUTRAL,0.8682,-287634.0,-159153.0,CLOSED,CFTC_COT+FRED
2012-04-24,2012-04-24,134994.0,-167237.0,395389.0,49.0,NEUTRAL,0.9371,-287634.0,-159153.0,CLOSED,CFTC_COT+FRED
2012-05-01,2012-05-01,140393.0,-178003.0,411972.0,49.0,NEUTRAL,0.8533,-287634.0,-159153.0,CLOSED,CFTC_COT+FRED
2012-05-08,2012-05-08,123303.0,-151455.0,417798.0,49.0,NEUTRAL,1.0,-287634.0,-151455.0,CLOSED,CFTC_COT+FRED
2012-05-15,2012-05-15,114142.0,-138917.0,422091.0,48.0,NEUTRAL,1.0,-287634.0,-138917.0,CLOSED,CFTC_COT+FRED
2012-05-22,2012-05-22,115151.0,-135598.0,435706.0,47.5,NEUTRAL,1.0,-287634.0,-135598.0,CLOSED,CFTC_COT+FRED
2012-05-29,2012-05-29,110712.0,-130709.0,419991.0,47.5,NEUTRAL,1.0,-287634.0,-130709.0,CLOSED,CFTC_COT+FRED
2012-06-05,2012-06-05,128864.0,-156122.0,423941.0,50.0,DOVISH_TILT,0.8381,-287634.0,-130709.0,CLOSED,CFTC_COT+FRED
2012-06-12,2012-06-12,132315.0,-158790.0,412244.0,47.5,NEUTRAL,0.8211,-287634.0,-130709.0,CLOSED,CFTC_COT+FRED
2012-06-19,2012-06-19,136404.0,-163691.0,418492.0,47.5,NEUTRAL,0.7898,-287634.0,-130709.0,CLOSED,CFTC_COT+FRED
2012-06-26,2012-06-26,122619.0,-144160.0,413618.0,47.0,NEUTRAL,0.9143,-287634.0,-130709.0,CLOSED,CFTC_COT+FRED
2012-07-03,2012-07-03,137215.0,-166637.0,425068.0,47.5,NEUTRAL,0.771,-287634.0,-130709.0,CLOSED,CFTC_COT+FRED
2012-07-10,2012-07-10,126235.0,-152766.0,429854.0,49.0,NEUTRAL,0.8594,-287634.0,-130709.0,CLOSED,CFTC_COT+FRED
2012-07-17,2012-07-17,128959.0,-158819.0,431317.0,50.0,DOVISH_TILT,0.8209,-287634.0,-130709.0,CLOSED,CFTC_COT+FRED
2012-07-24,2012-07-24,112977.0,-136245.0,420296.0,51.5,DOVISH_TILT,0.9647,-287634.0,-130709.0,OPEN,CFTC_COT+FRED
2012-07-31,2012-07-31,126064.0,-156012.0,403403.0,51.0,DOVISH_TILT,0.7865,-249206.0,-130709.0,OPEN,CFTC_COT+FRED
2012-08-07,2012-08-07,115500.0,-146418.0,388254.0,49.0,NEUTRAL,0.867,-248847.0,-130709.0,CLOSED,CFTC_COT+FRED
2012-08-14,2012-08-14,114304.0,-143940.0,388187.0,49.0,NEUTRAL,0.8846,-245351.0,-130709.0,CLOSED,CFTC_COT+FRED
2012-08-21,2012-08-21,130684.0,-171222.0,398747.0,47.0,NEUTRAL,0.6466,-245351.0,-130709.0,CLOSED,CFTC_COT+FRED
2012-08-28,2012-08-28,158491.0,-203624.0,426559.0,49.0,NEUTRAL,0.364,-245351.0,-130709.0,CLOSED,CFTC_COT+FRED
2012-09-04,2012-09-04,170464.0,-219386.0,444489.0,51.0,DOVISH_TILT,0.2265,-245351.0,-130709.0,CLOSED,CFTC_COT+FRED
2012-09-11,2012-09-11,182016.0,-237091.0,460531.0,50.0,DOVISH_TILT,0.0721,-245351.0,-130709.0,CLOSED,CFTC_COT+FRED
2012-09-18,2012-09-18,191115.0,-249633.0,478609.0,50.0,DOVISH_TILT,0.0,-249633.0,-130709.0,CLOSED,CFTC_COT+FRED
2012-09-25,2012-09-25,203896.0,-262355.0,489516.0,49.0,NEUTRAL,0.0,-262355.0,-130709.0,CLOSED,CFTC_COT+FRED
2012-10-02,2012-10-02,208326.0,-269270.0,480908.0,51.0,DOVISH_TILT,0.0,-269270.0,-130709.0,CLOSED,CFTC_COT+FRED
2012-10-09,2012-10-09,211949.0,-266988.0,484359.0,50.0,DOVISH_TILT,0.0165,-269270.0,-130709.0,CLOSED,CFTC_COT+FRED
2012-10-16,2012-10-16,194020.0,-247383.0,462826.0,49.0,NEUTRAL,0.158,-269270.0,-130709.0,CLOSED,CFTC_COT+FRED
2012-10-23,2012-10-23,182043.0,-232665.0,455836.0,48.0,NEUTRAL,0.2642,-269270.0,-130709.0,CLOSED,CFTC_COT+FRED
2012-10-30,2012-10-30,170222.0,-222764.0,454742.0,47.5,NEUTRAL,0.3356,-269270.0,-130709.0,CLOSED,CFTC_COT+FRED
2012-11-06,2012-11-06,160173.0,-207742.0,447154.0,47.5,NEUTRAL,0.444,-269270.0,-130709.0,CLOSED,CFTC_COT+FRED
2012-11-13,2012-11-13,171594.0,-224795.0,459761.0,49.0,NEUTRAL,0.321,-269270.0,-130709.0,CLOSED,CFTC_COT+FRED
2012-11-20,2012-11-20,180815.0,-236064.0,474129.0,49.0,NEUTRAL,0.2396,-269270.0,-130709.0,CLOSED,CFTC_COT+FRED
2012-11-27,2012-11-27,200407.0,-258712.0,479373.0,49.0,NEUTRAL,0.0762,-269270.0,-130709.0,CLOSED,CFTC_COT+FRED
2012-12-04,2012-12-04,165736.0,-217596.0,434416.0,50.0,DOVISH_TILT,0.3729,-269270.0,-130709.0,CLOSED,CFTC_COT+FRED
2012-12-11,2012-12-11,163699.0,-214880.0,433586.0,50.5,DOVISH_TILT,0.3925,-269270.0,-130709.0,CLOSED,CFTC_COT+FRED
2012-12-18,2012-12-18,157781.0,-202134.0,435742.0,48.5,NEUTRAL,0.4845,-269270.0,-130709.0,CLOSED,CFTC_COT+FRED
2012-12-24,2012-12-24,150096.0,-187664.0,426300.0,49.5,NEUTRAL,0.589,-269270.0,-130709.0,CLOSED,CFTC_COT+FRED
2012-12-31,2012-12-31,148519.0,-188659.0,427991.0,50.0,DOVISH_TILT,0.5818,-269270.0,-130709.0,CLOSED,CFTC_COT+FRED
2013-01-08,2013-01-08,142808.0,-178472.0,441304.0,50.0,DOVISH_TILT,0.6553,-269270.0,-130709.0,CLOSED,CFTC_COT+FRED
2013-01-15,2013-01-15,145116.0,-185113.0,447773.0,49.5,NEUTRAL,0.6074,-269270.0,-130709.0,CLOSED,CFTC_COT+FRED
2013-01-22,2013-01-22,151897.0,-195950.0,461369.0,49.5,NEUTRAL,0.5292,-269270.0,-130709.0,CLOSED,CFTC_COT+FRED
2013-01-29,2013-01-29,126948.0,-167097.0,430718.0,47.5,NEUTRAL,0.7374,-269270.0,-130709.0,CLOSED,CFTC_COT+FRED
2013-02-05,2013-02-05,137465.0,-174607.0,423982.0,49.0,NEUTRAL,0.6832,-269270.0,-130709.0,CLOSED,CFTC_COT+FRED
2013-02-12,2013-02-12,126835.0,-160653.0,435088.0,48.0,NEUTRAL,0.7839,-269270.0,-130709.0,CLOSED,CFTC_COT+FRED
2013-02-19,2013-02-19,103651.0,-132082.0,447290.0,48.0,NEUTRAL,0.9901,-269270.0,-130709.0,CLOSED,CFTC_COT+FRED
2013-02-26,2013-02-26,116599.0,-137620.0,433858.0,50.0,DOVISH_TILT,0.9501,-269270.0,-130709.0,CLOSED,CFTC_COT+FRED
2013-03-05,2013-03-05,107587.0,-133798.0,434586.0,50.0,DOVISH_TILT,0.9777,-269270.0,-130709.0,CLOSED,CFTC_COT+FRED
2013-03-12,2013-03-12,114507.0,-142121.0,445651.0,49.0,NEUTRAL,0.9176,-269270.0,-130709.0,CLOSED,CFTC_COT+FRED
2013-03-19,2013-03-19,135610.0,-162364.0,440712.0,50.5,DOVISH_TILT,0.7715,-269270.0,-130709.0,OPEN,CFTC_COT+FRED
2013-03-26,2013-03-26,132446.0,-158473.0,419727.0,50.0,DOVISH_TILT,0.7996,-269270.0,-130709.0,CLOSED,CFTC_COT+FRED
2013-04-02,2013-04-02,120206.0,-142522.0,417176.0,50.0,DOVISH_TILT,0.9147,-269270.0,-130709.0,CLOSED,CFTC_COT+FRED
2013-04-09,2013-04-09,119359.0,-143802.0,416513.0,50.5,DOVISH_TILT,0.9055,-269270.0,-130709.0,OPEN,CFTC_COT+FRED
2013-04-16,2013-04-16,128882.0,-141929.0,413083.0,50.5,DOVISH_TILT,0.919,-269270.0,-130709.0,OPEN,CFTC_COT+FRED
2013-04-23,2013-04-23,104255.0,-104388.0,415074.0,51.0,DOVISH_TILT,1.0,-269270.0,-104388.0,OPEN,CFTC_COT+FRED
2013-04-30,2013-04-30,97052.0,-95563.0,421087.0,51.5,DOVISH_TILT,1.0,-269270.0,-95563.0,OPEN,CFTC_COT+FRED
2013-05-07,2013-05-07,89423.0,-87719.0,437931.0,51.5,DOVISH_TILT,1.0,-269270.0,-87719.0,OPEN,CFTC_COT+FRED
2013-05-14,2013-05-14,83726.0,-84146.0,443806.0,49.5,NEUTRAL,1.0,-269270.0,-84146.0,CLOSED,CFTC_COT+FRED
2013-05-21,2013-05-21,80259.0,-84122.0,446087.0,49.5,NEUTRAL,1.0,-269270.0,-84122.0,CLOSED,CFTC_COT+FRED
2013-05-28,2013-05-28,56879.0,-59221.0,411001.0,48.0,NEUTRAL,1.0,-269270.0,-59221.0,CLOSED,CFTC_COT+FRED
2013-06-04,2013-06-04,61200.0,-61652.0,373061.0,46.51,NEUTRAL,0.9884,-269270.0,-59221.0,CLOSED,CFTC_COT+FRED
2013-06-11,2013-06-11,59005.0,-58322.0,373844.0,45.51,NEUTRAL,1.0,-269270.0,-58322.0,CLOSED,CFTC_COT+FRED
2013-06-18,2013-06-18,43692.0,-44115.0,377106.0,49.0,NEUTRAL,1.0,-269270.0,-44115.0,CLOSED,CFTC_COT+FRED
2013-06-25,2013-06-25,34152.0,-35208.0,390647.0,41.1,NEUTRAL,1.0,-269270.0,-35208.0,CLOSED,CFTC_COT+FRED
2013-07-02,2013-07-02,20751.0,-22776.0,410399.0,45.51,NEUTRAL,1.0,-269270.0,-22776.0,CLOSED,CFTC_COT+FRED
2013-07-09,2013-07-09,16557.0,-19041.0,431574.0,44.03,NEUTRAL,1.0,-269270.0,-19041.0,CLOSED,CFTC_COT+FRED
2013-07-16,2013-07-16,23462.0,-24607.0,440283.0,45.51,NEUTRAL,0.9778,-269270.0,-19041.0,CLOSED,CFTC_COT+FRED
2013-07-23,2013-07-23,34191.0,-34696.0,434750.0,46.01,NEUTRAL,0.9374,-269270.0,-19041.0,CLOSED,CFTC_COT+FRED
2013-07-30,2013-07-30,28366.0,-25774.0,397035.0,46.01,NEUTRAL,0.9731,-269270.0,-19041.0,CLOSED,CFTC_COT+FRED
2013-08-06,2013-08-06,51635.0,-54159.0,396062.0,46.51,NEUTRAL,0.8597,-269270.0,-19041.0,CLOSED,CFTC_COT+FRED
2013-08-13,2013-08-13,53926.0,-60874.0,390547.0,45.51,NEUTRAL,0.8328,-269270.0,-19041.0,CLOSED,CFTC_COT+FRED
2013-08-20,2013-08-20,60396.0,-67665.0,385410.0,44.52,NEUTRAL,0.8057,-269270.0,-19041.0,CLOSED,CFTC_COT+FRED
2013-08-27,2013-08-27,78289.0,-87638.0,384102.0,43.54,NEUTRAL,0.7259,-269270.0,-19041.0,CLOSED,CFTC_COT+FRED
2013-09-03,2013-09-03,78191.0,-92461.0,388584.0,41.1,NEUTRAL,0.7066,-269270.0,-19041.0,CLOSED,CFTC_COT+FRED
2013-09-10,2013-09-10,68724.0,-80224.0,384164.0,37.75,NEUTRAL,0.7555,-269270.0,-19041.0,CLOSED,CFTC_COT+FRED
2013-09-17,2013-09-17,58796.0,-65337.0,384592.0,43.05,NEUTRAL,0.815,-269270.0,-19041.0,CLOSED,CFTC_COT+FRED
2013-09-24,2013-09-24,67139.0,-71527.0,378216.0,45.02,NEUTRAL,0.7902,-269270.0,-19041.0,CLOSED,CFTC_COT+FRED
2013-10-01,2013-10-01,73047.0,-78128.0,374151.0,46.01,NEUTRAL,0.7617,-266988.0,-19041.0,CLOSED,CFTC_COT+FRED
2013-10-08,2013-10-08,82317.0,-90416.0,370406.0,42.56,NEUTRAL,0.7022,-258712.0,-19041.0,CLOSED,CFTC_COT+FRED
2013-10-15,2013-10-15,61933.0,-64824.0,381727.0,44.03,NEUTRAL,0.809,-258712.0,-19041.0,CLOSED,CFTC_COT+FRED
2013-10-22,2013-10-22,76665.0,-82148.0,390369.0,47.0,NEUTRAL,0.7367,-258712.0,-19041.0,CLOSED,CFTC_COT+FRED
2013-10-29,2013-10-29,100236.0,-106787.0,387166.0,47.0,NEUTRAL,0.6339,-258712.0,-19041.0,CLOSED,CFTC_COT+FRED
2013-11-05,2013-11-05,91136.0,-93900.0,386796.0,46.51,NEUTRAL,0.6877,-258712.0,-19041.0,CLOSED,CFTC_COT+FRED
2013-11-12,2013-11-12,61352.0,-65785.0,403840.0,45.51,NEUTRAL,0.805,-258712.0,-19041.0,CLOSED,CFTC_COT+FRED
2013-11-19,2013-11-19,48120.0,-51515.0,397590.0,48.0,NEUTRAL,0.8645,-258712.0,-19041.0,CLOSED,CFTC_COT+FRED
2013-11-26,2013-11-26,26555.0,-28236.0,394432.0,48.0,NEUTRAL,0.9537,-217596.0,-19041.0,CLOSED,CFTC_COT+FRED
2013-12-03,2013-12-03,22691.0,-22299.0,386436.0,48.5,NEUTRAL,0.9834,-214880.0,-19041.0,CLOSED,CFTC_COT+FRED
2013-12-10,2013-12-10,26380.0,-28962.0,377313.0,47.5,NEUTRAL,0.9458,-202134.0,-19041.0,CLOSED,CFTC_COT+FRED
2013-12-17,2013-12-17,25904.0,-27099.0,385432.0,45.51,NEUTRAL,0.9545,-195950.0,-19041.0,CLOSED,CFTC_COT+FRED
2013-12-24,2013-12-24,27339.0,-26518.0,384974.0,43.54,NEUTRAL,0.9577,-195950.0,-19041.0,CLOSED,CFTC_COT+FRED
2013-12-31,2013-12-31,32223.0,-33021.0,379550.0,43.54,NEUTRAL,0.921,-195950.0,-19041.0,CLOSED,CFTC_COT+FRED
2014-01-07,2014-01-07,38887.0,-41884.0,383021.0,42.56,NEUTRAL,0.8709,-195950.0,-19041.0,CLOSED,CFTC_COT+FRED
2014-01-14,2014-01-14,44013.0,-45255.0,415426.0,43.05,NEUTRAL,0.8518,-195950.0,-19041.0,CLOSED,CFTC_COT+FRED
2014-01-21,2014-01-21,46583.0,-46091.0,410959.0,42.56,NEUTRAL,0.8261,-174607.0,-19041.0,CLOSED,CFTC_COT+FRED
2014-01-28,2014-01-28,66341.0,-64979.0,382739.0,43.54,NEUTRAL,0.7047,-174607.0,-19041.0,CLOSED,CFTC_COT+FRED
2014-02-04,2014-02-04,64939.0,-65782.0,368279.0,47.0,NEUTRAL,0.6739,-162364.0,-19041.0,CLOSED,CFTC_COT+FRED
2014-02-11,2014-02-11,71201.0,-72654.0,376973.0,45.02,NEUTRAL,0.6259,-162364.0,-19041.0,CLOSED,CFTC_COT+FRED
2014-02-18,2014-02-18,84631.0,-91751.0,390535.0,47.0,NEUTRAL,0.4927,-162364.0,-19041.0,CLOSED,CFTC_COT+FRED
2014-02-25,2014-02-25,109464.0,-116663.0,387503.0,45.51,NEUTRAL,0.3189,-162364.0,-19041.0,CLOSED,CFTC_COT+FRED
2014-03-04,2014-03-04,115166.0,-121149.0,393266.0,46.01,NEUTRAL,0.2876,-162364.0,-19041.0,CLOSED,CFTC_COT+FRED
2014-03-11,2014-03-11,118890.0,-125367.0,415340.0,44.03,NEUTRAL,0.2581,-162364.0,-19041.0,CLOSED,CFTC_COT+FRED
2014-03-18,2014-03-18,136814.0,-145934.0,420626.0,44.52,NEUTRAL,0.0899,-158473.0,-19041.0,CLOSED,CFTC_COT+FRED
2014-03-25,2014-03-25,117317.0,-127621.0,398264.0,39.17,NEUTRAL,0.1443,-145934.0,-19041.0,CLOSED,CFTC_COT+FRED
2014-04-01,2014-04-01,100145.0,-114029.0,363451.0,40.61,NEUTRAL,0.2514,-145934.0,-19041.0,CLOSED,CFTC_COT+FRED
2014-04-08,2014-04-08,88599.0,-101743.0,365400.0,42.56,NEUTRAL,0.3483,-145934.0,-19041.0,CLOSED,CFTC_COT+FRED
2014-04-15,2014-04-15,79292.0,-87605.0,369577.0,43.05,NEUTRAL,0.4597,-145934.0,-19041.0,CLOSED,CFTC_COT+FRED
2014-04-22,2014-04-22,81833.0,-90526.0,372593.0,40.13,NEUTRAL,0.4367,-145934.0,-19041.0,CLOSED,CFTC_COT+FRED
2014-04-29,2014-04-29,85227.0,-97171.0,378092.0,40.61,NEUTRAL,0.3843,-145934.0,-19041.0,CLOSED,CFTC_COT+FRED
2014-05-06,2014-05-06,97956.0,-110471.0,404700.0,41.1,NEUTRAL,0.2795,-145934.0,-19041.0,CLOSED,CFTC_COT+FRED
2014-05-13,2014-05-13,91634.0,-102321.0,397029.0,43.05,NEUTRAL,0.3437,-145934.0,-19041.0,CLOSED,CFTC_COT+FRED
2014-05-20,2014-05-20,96491.0,-106010.0,399371.0,45.02,NEUTRAL,0.3146,-145934.0,-19041.0,CLOSED,CFTC_COT+FRED
2014-05-27,2014-05-27,73391.0,-78638.0,397695.0,43.05,NEUTRAL,0.5303,-145934.0,-19041.0,CLOSED,CFTC_COT+FRED
2014-06-03,2014-06-03,59151.0,-63444.0,382141.0,42.07,NEUTRAL,0.6501,-145934.0,-19041.0,CLOSED,CFTC_COT+FRED
2014-06-10,2014-06-10,61127.0,-63150.0,378689.0,40.13,NEUTRAL,0.6524,-145934.0,-19041.0,CLOSED,CFTC_COT+FRED
2014-06-17,2014-06-17,78295.0,-78325.0,379843.0,37.29,NEUTRAL,0.5328,-145934.0,-19041.0,CLOSED,CFTC_COT+FRED
2014-06-24,2014-06-24,120859.0,-131607.0,392388.0,38.23,NEUTRAL,0.1129,-145934.0,-19041.0,CLOSED,CFTC_COT+FRED
2014-07-01,2014-07-01,146025.0,-160455.0,401813.0,39.17,NEUTRAL,0.0,-160455.0,-19041.0,CLOSED,CFTC_COT+FRED
2014-07-08,2014-07-08,150021.0,-166003.0,410992.0,37.29,NEUTRAL,0.0,-166003.0,-22299.0,CLOSED,CFTC_COT+FRED
2014-07-15,2014-07-15,142458.0,-156906.0,408368.0,38.23,NEUTRAL,0.0633,-166003.0,-22299.0,CLOSED,CFTC_COT+FRED
2014-07-22,2014-07-22,146146.0,-160191.0,405617.0,38.23,NEUTRAL,0.0404,-166003.0,-22299.0,CLOSED,CFTC_COT+FRED
2014-07-29,2014-07-29,139153.0,-148932.0,374467.0,35.89,NEUTRAL,0.1188,-166003.0,-22299.0,CLOSED,CFTC_COT+FRED
2014-08-05,2014-08-05,121463.0,-131642.0,360342.0,39.17,NEUTRAL,0.2391,-166003.0,-22299.0,CLOSED,CFTC_COT+FRED
2014-08-12,2014-08-12,147681.0,-160687.0,368114.0,40.13,NEUTRAL,0.037,-166003.0,-22299.0,CLOSED,CFTC_COT+FRED
2014-08-19,2014-08-19,137976.0,-147662.0,366401.0,39.65,NEUTRAL,0.1276,-166003.0,-22299.0,CLOSED,CFTC_COT+FRED
2014-08-26,2014-08-26,113169.0,-123548.0,363608.0,36.82,NEUTRAL,0.2954,-166003.0,-22299.0,CLOSED,CFTC_COT+FRED
2014-09-02,2014-09-02,96879.0,-103707.0,371515.0,36.35,NEUTRAL,0.4335,-166003.0,-22299.0,CLOSED,CFTC_COT+FRED
2014-09-09,2014-09-09,95141.0,-97955.0,384341.0,34.98,HAWKISH,0.4735,-166003.0,-22299.0,CLOSED,CFTC_COT+FRED
2014-09-16,2014-09-16,72187.0,-76243.0,386080.0,35.43,NEUTRAL,0.6246,-166003.0,-22299.0,CLOSED,CFTC_COT+FRED
2014-09-23,2014-09-23,63884.0,-64319.0,385788.0,34.52,HAWKISH,0.7076,-166003.0,-22299.0,CLOSED,CFTC_COT+FRED
2014-09-30,2014-09-30,64870.0,-60729.0,379874.0,34.07,HAWKISH,0.7326,-166003.0,-22299.0,CLOSED,CFTC_COT+FRED
2014-10-07,2014-10-07,66447.0,-63407.0,380087.0,36.82,NEUTRAL,0.7139,-166003.0,-22299.0,CLOSED,CFTC_COT+FRED
2014-10-14,2014-10-14,85415.0,-78823.0,397855.0,43.05,NEUTRAL,0.6067,-166003.0,-22299.0,CLOSED,CFTC_COT+FRED
2014-10-21,2014-10-21,107984.0,-104898.0,411057.0,43.54,NEUTRAL,0.4252,-166003.0,-22299.0,CLOSED,CFTC_COT+FRED
2014-10-28,2014-10-28,100739.0,-98864.0,414410.0,41.58,NEUTRAL,0.4672,-166003.0,-22299.0,CLOSED,CFTC_COT+FRED
2014-11-04,2014-11-04,63225.0,-55307.0,417377.0,36.82,NEUTRAL,0.7703,-166003.0,-22299.0,CLOSED,CFTC_COT+FRED
2014-11-11,2014-11-11,56043.0,-50024.0,443422.0,35.43,NEUTRAL,0.8071,-166003.0,-22299.0,CLOSED,CFTC_COT+FRED
2014-11-18,2014-11-18,81422.0,-70997.0,459657.0,36.35,NEUTRAL,0.6611,-166003.0,-22299.0,CLOSED,CFTC_COT+FRED
2014-11-25,2014-11-25,76207.0,-68485.0,388145.0,37.29,NEUTRAL,0.6786,-166003.0,-22299.0,CLOSED,CFTC_COT+FRED
2014-12-02,2014-12-02,89330.0,-89408.0,368121.0,35.43,NEUTRAL,0.5491,-166003.0,-26518.0,CLOSED,CFTC_COT+FRED
2014-12-09,2014-12-09,114862.0,-116601.0,375323.0,31.43,HAWKISH,0.3542,-166003.0,-26518.0,CLOSED,CFTC_COT+FRED
2014-12-16,2014-12-16,118408.0,-115091.0,371743.0,34.07,HAWKISH,0.365,-166003.0,-26518.0,CLOSED,CFTC_COT+FRED
2014-12-23,2014-12-23,110910.0,-105225.0,375212.0,27.69,HAWKISH,0.457,-166003.0,-33021.0,CLOSED,CFTC_COT+FRED
2014-12-30,2014-12-30,115837.0,-113134.0,373982.0,29.32,HAWKISH,0.426,-166003.0,-41884.0,CLOSED,CFTC_COT+FRED
2015-01-06,2015-01-06,122178.0,-122672.0,394021.0,31.0,HAWKISH,0.3589,-166003.0,-45255.0,CLOSED,CFTC_COT+FRED
2015-01-13,2015-01-13,130226.0,-137676.0,402108.0,35.89,NEUTRAL,0.2362,-166003.0,-46091.0,CLOSED,CFTC_COT+FRED
2015-01-20,2015-01-20,162455.0,-177810.0,430128.0,36.35,NEUTRAL,0.0,-177810.0,-50024.0,CLOSED,CFTC_COT+FRED
2015-01-27,2015-01-27,188925.0,-206160.0,438279.0,35.89,NEUTRAL,0.0,-206160.0,-50024.0,CLOSED,CFTC_COT+FRED
2015-02-03,2015-02-03,185015.0,-203273.0,419524.0,36.82,NEUTRAL,0.0185,-206160.0,-50024.0,CLOSED,CFTC_COT+FRED
2015-02-10,2015-02-10,155274.0,-170591.0,393232.0,30.15,HAWKISH,0.2278,-206160.0,-50024.0,CLOSED,CFTC_COT+FRED
2015-02-17,2015-02-17,131734.0,-143635.0,389530.0,28.91,HAWKISH,0.4005,-206160.0,-50024.0,CLOSED,CFTC_COT+FRED
2015-02-24,2015-02-24,126171.0,-135694.0,399307.0,33.18,HAWKISH,0.4513,-206160.0,-50024.0,CLOSED,CFTC_COT+FRED
2015-03-03,2015-03-03,115820.0,-123387.0,405124.0,29.73,HAWKISH,0.5301,-206160.0,-50024.0,CLOSED,CFTC_COT+FRED
2015-03-10,2015-03-10,81892.0,-89342.0,410918.0,28.91,HAWKISH,0.7482,-206160.0,-50024.0,CLOSED,CFTC_COT+FRED
2015-03-17,2015-03-17,53093.0,-56490.0,429738.0,28.91,HAWKISH,0.9586,-206160.0,-50024.0,CLOSED,CFTC_COT+FRED
2015-03-24,2015-03-24,54281.0,-52925.0,433767.0,34.07,HAWKISH,0.9814,-206160.0,-50024.0,CLOSED,CFTC_COT+FRED
2015-03-31,2015-03-31,80019.0,-81115.0,387585.0,34.98,HAWKISH,0.8009,-206160.0,-50024.0,CLOSED,CFTC_COT+FRED
2015-04-07,2015-04-07,100757.0,-108289.0,390571.0,36.82,NEUTRAL,0.6268,-206160.0,-50024.0,CLOSED,CFTC_COT+FRED
2015-04-14,2015-04-14,98397.0,-103593.0,395089.0,36.35,NEUTRAL,0.6569,-206160.0,-50024.0,CLOSED,CFTC_COT+FRED
2015-04-21,2015-04-21,101245.0,-105006.0,397379.0,35.43,NEUTRAL,0.6479,-206160.0,-50024.0,CLOSED,CFTC_COT+FRED
2015-04-28,2015-04-28,101257.0,-106872.0,403575.0,34.98,HAWKISH,0.6359,-206160.0,-50024.0,CLOSED,CFTC_COT+FRED
2015-05-05,2015-05-05,72440.0,-74162.0,399988.0,32.3,HAWKISH,0.8454,-206160.0,-50024.0,CLOSED,CFTC_COT+FRED
2015-05-12,2015-05-12,77440.0,-77502.0,405612.0,32.74,HAWKISH,0.824,-206160.0,-50024.0,CLOSED,CFTC_COT+FRED
2015-05-19,2015-05-19,122621.0,-132334.0,428597.0,31.86,HAWKISH,0.4728,-206160.0,-50024.0,CLOSED,CFTC_COT+FRED
2015-05-26,2015-05-26,104694.0,-109720.0,411961.0,31.43,HAWKISH,0.6177,-206160.0,-50024.0,CLOSED,CFTC_COT+FRED
2015-06-02,2015-06-02,104410.0,-108150.0,398724.0,31.43,HAWKISH,0.6277,-206160.0,-50024.0,CLOSED,CFTC_COT+FRED
2015-06-09,2015-06-09,75090.0,-78589.0,406069.0,28.09,HAWKISH,0.8171,-206160.0,-50024.0,CLOSED,CFTC_COT+FRED
2015-06-16,2015-06-16,75723.0,-76637.0,415718.0,28.5,HAWKISH,0.8296,-206160.0,-50024.0,CLOSED,CFTC_COT+FRED
2015-06-23,2015-06-23,95114.0,-100888.0,430978.0,28.91,HAWKISH,0.6742,-206160.0,-50024.0,CLOSED,CFTC_COT+FRED
2015-06-30,2015-06-30,67155.0,-74769.0,442301.0,31.43,HAWKISH,0.8415,-206160.0,-50024.0,CLOSED,CFTC_COT+FRED
2015-07-07,2015-07-07,50448.0,-52589.0,452145.0,34.07,HAWKISH,0.9836,-206160.0,-50024.0,CLOSED,CFTC_COT+FRED
2015-07-14,2015-07-14,47824.0,-48469.0,462664.0,30.58,HAWKISH,1.0,-206160.0,-48469.0,CLOSED,CFTC_COT+FRED
2015-07-21,2015-07-21,28279.0,-21584.0,459760.0,28.5,HAWKISH,1.0,-206160.0,-21584.0,CLOSED,CFTC_COT+FRED
2015-07-28,2015-07-28,24465.0,-15266.0,438282.0,29.32,HAWKISH,1.0,-206160.0,-15266.0,CLOSED,CFTC_COT+FRED
2015-08-04,2015-08-04,29900.0,-14820.0,434273.0,27.29,HAWKISH,1.0,-206160.0,-14820.0,CLOSED,CFTC_COT+FRED
2015-08-11,2015-08-11,32442.0,-24458.0,435489.0,29.73,HAWKISH,0.9496,-206160.0,-14820.0,CLOSED,CFTC_COT+FRED
2015-08-18,2015-08-18,41659.0,-29948.0,432728.0,27.29,HAWKISH,0.9209,-206160.0,-14820.0,CLOSED,CFTC_COT+FRED
2015-08-25,2015-08-25,70733.0,-62636.0,432154.0,30.15,HAWKISH,0.7501,-206160.0,-14820.0,CLOSED,CFTC_COT+FRED
2015-09-01,2015-09-01,72685.0,-69088.0,410274.0,28.91,HAWKISH,0.7164,-206160.0,-14820.0,CLOSED,CFTC_COT+FRED
2015-09-08,2015-09-08,59293.0,-55979.0,421732.0,27.29,HAWKISH,0.7849,-206160.0,-14820.0,CLOSED,CFTC_COT+FRED
2015-09-15,2015-09-15,39547.0,-32979.0,413333.0,24.23,HAWKISH,0.9051,-206160.0,-14820.0,CLOSED,CFTC_COT+FRED
2015-09-22,2015-09-22,61125.0,-57228.0,419304.0,29.32,HAWKISH,0.7784,-206160.0,-14820.0,CLOSED,CFTC_COT+FRED
2015-09-29,2015-09-29,76645.0,-73143.0,415700.0,31.43,HAWKISH,0.6952,-206160.0,-14820.0,CLOSED,CFTC_COT+FRED
2015-10-06,2015-10-06,86819.0,-88469.0,430228.0,32.74,HAWKISH,0.6151,-206160.0,-14820.0,CLOSED,CFTC_COT+FRED
2015-10-13,2015-10-13,117159.0,-118494.0,435928.0,31.43,HAWKISH,0.4582,-206160.0,-14820.0,CLOSED,CFTC_COT+FRED
2015-10-20,2015-10-20,151301.0,-163300.0,467792.0,30.58,HAWKISH,0.224,-206160.0,-14820.0,CLOSED,CFTC_COT+FRED
2015-10-27,2015-10-27,157434.0,-165848.0,466780.0,31.0,HAWKISH,0.2107,-206160.0,-14820.0,CLOSED,CFTC_COT+FRED
2015-11-03,2015-11-03,116342.0,-124988.0,443900.0,24.97,HAWKISH,0.4242,-206160.0,-14820.0,CLOSED,CFTC_COT+FRED
2015-11-10,2015-11-10,68389.0,-71894.0,436426.0,22.44,HAWKISH,0.7017,-206160.0,-14820.0,CLOSED,CFTC_COT+FRED
2015-11-17,2015-11-17,34399.0,-28473.0,435376.0,22.79,HAWKISH,0.9286,-206160.0,-14820.0,CLOSED,CFTC_COT+FRED
2015-11-24,2015-11-24,16302.0,-11983.0,397705.0,20.42,HAWKISH,1.0,-206160.0,-11983.0,CLOSED,CFTC_COT+FRED
2015-12-01,2015-12-01,9750.0,-2911.0,390940.0,21.08,HAWKISH,1.0,-206160.0,-2911.0,CLOSED,CFTC_COT+FRED
2015-12-08,2015-12-08,19623.0,-13997.0,394128.0,20.1,HAWKISH,0.9455,-206160.0,-2911.0,CLOSED,CFTC_COT+FRED
2015-12-15,2015-12-15,13656.0,-8266.0,390944.0,18.85,HAWKISH,0.9737,-206160.0,-2911.0,CLOSED,CFTC_COT+FRED
2015-12-22,2015-12-22,26427.0,-22251.0,405294.0,27.29,HAWKISH,0.9048,-206160.0,-2911.0,CLOSED,CFTC_COT+FRED
2015-12-29,2015-12-29,19102.0,-15335.0,401880.0,23.51,HAWKISH,0.9389,-206160.0,-2911.0,CLOSED,CFTC_COT+FRED
2016-01-05,2016-01-05,26560.0,-19275.0,413688.0,25.35,HAWKISH,0.9195,-206160.0,-2911.0,CLOSED,CFTC_COT+FRED
2016-01-12,2016-01-12,44718.0,-43585.0,397565.0,29.73,HAWKISH,0.7999,-206160.0,-2911.0,CLOSED,CFTC_COT+FRED
2016-01-19,2016-01-19,43694.0,-40143.0,408835.0,31.86,HAWKISH,0.8168,-206160.0,-2911.0,CLOSED,CFTC_COT+FRED
2016-01-26,2016-01-26,59040.0,-59833.0,385350.0,33.18,HAWKISH,0.7159,-203273.0,-2911.0,CLOSED,CFTC_COT+FRED
2016-02-02,2016-02-02,72822.0,-77355.0,379185.0,37.75,NEUTRAL,0.556,-170591.0,-2911.0,CLOSED,CFTC_COT+FRED
2016-02-09,2016-02-09,98428.0,-104923.0,410833.0,40.61,NEUTRAL,0.3739,-165848.0,-2911.0,CLOSED,CFTC_COT+FRED
2016-02-16,2016-02-16,117360.0,-131984.0,428912.0,38.23,NEUTRAL,0.2078,-165848.0,-2911.0,CLOSED,CFTC_COT+FRED
2016-02-23,2016-02-23,144978.0,-163149.0,445290.0,37.29,NEUTRAL,0.0166,-165848.0,-2911.0,CLOSED,CFTC_COT+FRED
2016-03-01,2016-03-01,152413.0,-171431.0,450555.0,33.18,HAWKISH,0.0,-171431.0,-2911.0,CLOSED,CFTC_COT+FRED
2016-03-08,2016-03-08,174810.0,-195372.0,499110.0,31.86,HAWKISH,0.0,-195372.0,-2911.0,CLOSED,CFTC_COT+FRED
2016-03-15,2016-03-15,169512.0,-185531.0,493086.0,27.69,HAWKISH,0.0511,-195372.0,-2911.0,CLOSED,CFTC_COT+FRED
2016-03-22,2016-03-22,178831.0,-199994.0,510579.0,30.58,HAWKISH,0.0,-199994.0,-2911.0,CLOSED,CFTC_COT+FRED
2016-03-29,2016-03-29,189806.0,-207964.0,480461.0,36.35,NEUTRAL,0.0,-207964.0,-2911.0,CLOSED,CFTC_COT+FRED
2016-04-05,2016-04-05,190400.0,-207245.0,474094.0,39.17,NEUTRAL,0.0035,-207964.0,-2911.0,CLOSED,CFTC_COT+FRED
2016-04-12,2016-04-12,213807.0,-231787.0,504523.0,38.23,NEUTRAL,0.0,-231787.0,-2911.0,CLOSED,CFTC_COT+FRED
2016-04-19,2016-04-19,216837.0,-240121.0,503331.0,36.82,NEUTRAL,0.0,-240121.0,-2911.0,CLOSED,CFTC_COT+FRED
2016-04-26,2016-04-26,220857.0,-240108.0,497884.0,32.74,HAWKISH,0.0001,-240121.0,-2911.0,CLOSED,CFTC_COT+FRED
2016-05-03,2016-05-03,271648.0,-294901.0,565774.0,37.75,NEUTRAL,0.0,-294901.0,-2911.0,CLOSED,CFTC_COT+FRED
2016-05-10,2016-05-10,264898.0,-284996.0,579777.0,39.17,NEUTRAL,0.0339,-294901.0,-2911.0,CLOSED,CFTC_COT+FRED
2016-05-17,2016-05-17,266288.0,-290243.0,595077.0,34.52,HAWKISH,0.016,-294901.0,-2911.0,CLOSED,CFTC_COT+FRED
2016-05-24,2016-05-24,206632.0,-225213.0,542958.0,30.15,HAWKISH,0.2387,-294901.0,-2911.0,CLOSED,CFTC_COT+FRED
2016-05-31,2016-05-31,197135.0,-214038.0,494321.0,32.3,HAWKISH,0.2769,-294901.0,-2911.0,CLOSED,CFTC_COT+FRED
2016-06-07,2016-06-07,228619.0,-243692.0,496330.0,36.35,NEUTRAL,0.1754,-294901.0,-2911.0,CLOSED,CFTC_COT+FRED
2016-06-14,2016-06-14,279862.0,-298077.0,545357.0,38.23,NEUTRAL,0.0,-298077.0,-2911.0,CLOSED,CFTC_COT+FRED
2016-06-21,2016-06-21,292729.0,-312137.0,571517.0,37.29,NEUTRAL,0.0,-312137.0,-2911.0,CLOSED,CFTC_COT+FRED
2016-06-28,2016-06-28,301920.0,-326321.0,613792.0,44.52,NEUTRAL,0.0,-326321.0,-2911.0,CLOSED,CFTC_COT+FRED
2016-07-05,2016-07-05,315963.0,-340207.0,652971.0,47.0,NEUTRAL,0.0,-340207.0,-2911.0,CLOSED,CFTC_COT+FRED
2016-07-12,2016-07-12,297463.0,-325452.0,633020.0,40.61,NEUTRAL,0.0437,-340207.0,-2911.0,CLOSED,CFTC_COT+FRED
2016-07-19,2016-07-19,285911.0,-315477.0,617069.0,40.13,NEUTRAL,0.0733,-340207.0,-2911.0,CLOSED,CFTC_COT+FRED
2016-07-26,2016-07-26,278955.0,-309023.0,576325.0,37.75,NEUTRAL,0.0925,-340207.0,-2911.0,CLOSED,CFTC_COT+FRED
2016-08-02,2016-08-02,294183.0,-324027.0,582211.0,41.58,NEUTRAL,0.048,-340207.0,-2911.0,CLOSED,CFTC_COT+FRED
2016-08-09,2016-08-09,286447.0,-312941.0,575399.0,39.65,NEUTRAL,0.0808,-340207.0,-2911.0,CLOSED,CFTC_COT+FRED
2016-08-16,2016-08-16,283851.0,-310993.0,572496.0,37.29,NEUTRAL,0.0866,-340207.0,-2911.0,CLOSED,CFTC_COT+FRED
2016-08-23,2016-08-23,294609.0,-317475.0,572973.0,38.23,NEUTRAL,0.0674,-340207.0,-2911.0,CLOSED,CFTC_COT+FRED
2016-08-30,2016-08-30,276341.0,-301213.0,558398.0,35.43,NEUTRAL,0.1156,-340207.0,-2911.0,CLOSED,CFTC_COT+FRED
2016-09-06,2016-09-06,307860.0,-329973.0,590656.0,38.23,NEUTRAL,0.0303,-340207.0,-2911.0,CLOSED,CFTC_COT+FRED
2016-09-13,2016-09-13,285413.0,-311371.0,575002.0,35.43,NEUTRAL,0.0855,-340207.0,-2911.0,CLOSED,CFTC_COT+FRED
2016-09-20,2016-09-20,256179.0,-290615.0,558791.0,35.89,NEUTRAL,0.147,-340207.0,-2911.0,CLOSED,CFTC_COT+FRED
2016-09-27,2016-09-27,291904.0,-314594.0,583161.0,37.75,NEUTRAL,0.0759,-340207.0,-2911.0,CLOSED,CFTC_COT+FRED
2016-10-04,2016-10-04,245508.0,-271242.0,544824.0,34.52,HAWKISH,0.2045,-340207.0,-2911.0,CLOSED,CFTC_COT+FRED
2016-10-11,2016-10-11,195219.0,-221199.0,500328.0,32.3,HAWKISH,0.3528,-340207.0,-2911.0,CLOSED,CFTC_COT+FRED
2016-10-18,2016-10-18,179618.0,-202671.0,497061.0,34.52,HAWKISH,0.4078,-340207.0,-2911.0,CLOSED,CFTC_COT+FRED
2016-10-25,2016-10-25,196980.0,-217599.0,507617.0,32.74,HAWKISH,0.3635,-340207.0,-2911.0,CLOSED,CFTC_COT+FRED
2016-11-01,2016-11-01,215131.0,-239251.0,521506.0,34.07,HAWKISH,0.2993,-340207.0,-2911.0,CLOSED,CFTC_COT+FRED
2016-11-08,2016-11-08,217238.0,-245586.0,528203.0,32.3,HAWKISH,0.2805,-340207.0,-2911.0,CLOSED,CFTC_COT+FRED
2016-11-15,2016-11-15,177660.0,-199966.0,479237.0,26.11,HAWKISH,0.4158,-340207.0,-2911.0,CLOSED,CFTC_COT+FRED
2016-11-22,2016-11-22,167085.0,-192172.0,461062.0,24.23,HAWKISH,0.4389,-340207.0,-2911.0,CLOSED,CFTC_COT+FRED
2016-11-29,2016-11-29,151570.0,-167823.0,405661.0,23.51,HAWKISH,0.5193,-340207.0,-8266.0,CLOSED,CFTC_COT+FRED
2016-12-06,2016-12-06,136380.0,-154944.0,393524.0,22.44,HAWKISH,0.5581,-340207.0,-8266.0,CLOSED,CFTC_COT+FRED
2016-12-13,2016-12-13,129311.0,-149886.0,397034.0,20.75,HAWKISH,0.5858,-340207.0,-15335.0,CLOSED,CFTC_COT+FRED
2016-12-20,2016-12-20,114834.0,-134022.0,398661.0,26.89,HAWKISH,0.6347,-340207.0,-15335.0,CLOSED,CFTC_COT+FRED
2016-12-27,2016-12-27,98343.0,-120967.0,401513.0,25.73,HAWKISH,0.6831,-340207.0,-19275.0,CLOSED,CFTC_COT+FRED
2017-01-03,2017-01-03,96550.0,-117612.0,424673.0,28.09,HAWKISH,0.7418,-340207.0,-40143.0,CLOSED,CFTC_COT+FRED
2017-01-10,2017-01-10,109482.0,-125816.0,444001.0,29.32,HAWKISH,0.7145,-340207.0,-40143.0,CLOSED,CFTC_COT+FRED
2017-01-17,2017-01-17,107041.0,-123111.0,467937.0,30.15,HAWKISH,0.7743,-340207.0,-59833.0,CLOSED,CFTC_COT+FRED
2017-01-24,2017-01-24,109407.0,-126374.0,482374.0,28.5,HAWKISH,0.8135,-340207.0,-77355.0,CLOSED,CFTC_COT+FRED
2017-01-31,2017-01-31,119155.0,-131803.0,398433.0,29.32,HAWKISH,0.8858,-340207.0,-104923.0,CLOSED,CFTC_COT+FRED
2017-02-07,2017-02-07,117149.0,-134146.0,415543.0,30.58,HAWKISH,0.9257,-340207.0,-117612.0,CLOSED,CFTC_COT+FRED
2017-02-14,2017-02-14,109752.0,-127788.0,415128.0,26.89,HAWKISH,0.9543,-340207.0,-117612.0,CLOSED,CFTC_COT+FRED
2017-02-21,2017-02-21,123763.0,-139564.0,427168.0,28.09,HAWKISH,0.9014,-340207.0,-117612.0,CLOSED,CFTC_COT+FRED
2017-02-28,2017-02-28,163798.0,-179907.0,446081.0,28.09,HAWKISH,0.7201,-340207.0,-117612.0,CLOSED,CFTC_COT+FRED
2017-03-07,2017-03-07,133685.0,-152648.0,434401.0,24.23,HAWKISH,0.8426,-340207.0,-117612.0,CLOSED,CFTC_COT+FRED
2017-03-14,2017-03-14,106038.0,-123287.0,426170.0,21.42,HAWKISH,0.9745,-340207.0,-117612.0,CLOSED,CFTC_COT+FRED
2017-03-21,2017-03-21,116252.0,-128997.0,446880.0,36.82,NEUTRAL,0.9489,-340207.0,-117612.0,CLOSED,CFTC_COT+FRED
2017-03-28,2017-03-28,137820.0,-152114.0,449418.0,35.43,NEUTRAL,0.845,-340207.0,-117612.0,CLOSED,CFTC_COT+FRED
2017-04-04,2017-04-04,155436.0,-171016.0,427808.0,37.75,NEUTRAL,0.7601,-340207.0,-117612.0,CLOSED,CFTC_COT+FRED
2017-04-11,2017-04-11,172666.0,-187364.0,456131.0,38.23,NEUTRAL,0.6866,-340207.0,-117612.0,CLOSED,CFTC_COT+FRED
2017-04-18,2017-04-18,195768.0,-211064.0,472263.0,41.1,NEUTRAL,0.5802,-340207.0,-117612.0,CLOSED,CFTC_COT+FRED
2017-04-25,2017-04-25,200677.0,-214580.0,475985.0,35.89,NEUTRAL,0.5644,-340207.0,-117612.0,CLOSED,CFTC_COT+FRED
2017-05-02,2017-05-02,189634.0,-203986.0,461905.0,36.82,NEUTRAL,0.612,-340207.0,-117612.0,CLOSED,CFTC_COT+FRED
2017-05-09,2017-05-09,150006.0,-164422.0,433033.0,32.3,HAWKISH,0.7897,-340207.0,-117612.0,CLOSED,CFTC_COT+FRED
2017-05-16,2017-05-16,126724.0,-142859.0,435021.0,35.89,NEUTRAL,0.8866,-340207.0,-117612.0,CLOSED,CFTC_COT+FRED
2017-05-23,2017-05-23,159767.0,-174291.0,462572.0,34.98,HAWKISH,0.7454,-340207.0,-117612.0,CLOSED,CFTC_COT+FRED
2017-05-30,2017-05-30,167090.0,-183219.0,434246.0,36.35,NEUTRAL,0.7053,-340207.0,-117612.0,CLOSED,CFTC_COT+FRED
2017-06-06,2017-06-06,204465.0,-216354.0,494041.0,35.43,NEUTRAL,0.5564,-340207.0,-117612.0,CLOSED,CFTC_COT+FRED
2017-06-13,2017-06-13,190274.0,-203611.0,471134.0,31.86,HAWKISH,0.6137,-340207.0,-117612.0,CLOSED,CFTC_COT+FRED
2017-06-20,2017-06-20,150675.0,-165016.0,445841.0,44.52,NEUTRAL,0.787,-340207.0,-117612.0,CLOSED,CFTC_COT+FRED
2017-06-27,2017-06-27,131672.0,-149863.0,453144.0,43.54,NEUTRAL,0.8551,-340207.0,-117612.0,CLOSED,CFTC_COT+FRED
2017-07-03,2017-07-03,93799.0,-107226.0,457201.0,42.07,NEUTRAL,1.0,-329973.0,-107226.0,CLOSED,CFTC_COT+FRED
2017-07-11,2017-07-11,60260.0,-73916.0,475669.0,44.03,NEUTRAL,1.0,-329973.0,-73916.0,CLOSED,CFTC_COT+FRED
2017-07-18,2017-07-18,60138.0,-73635.0,484204.0,44.52,NEUTRAL,1.0,-329973.0,-73635.0,CLOSED,CFTC_COT+FRED
2017-07-25,2017-07-25,90831.0,-103343.0,463827.0,42.56,NEUTRAL,0.8841,-329973.0,-73635.0,CLOSED,CFTC_COT+FRED
2017-08-01,2017-08-01,129672.0,-143385.0,448709.0,45.51,NEUTRAL,0.7279,-329973.0,-73635.0,CLOSED,CFTC_COT+FRED
2017-08-08,2017-08-08,148837.0,-159511.0,448727.0,44.52,NEUTRAL,0.665,-329973.0,-73635.0,CLOSED,CFTC_COT+FRED
2017-08-15,2017-08-15,187734.0,-196631.0,477921.0,45.02,NEUTRAL,0.5202,-329973.0,-73635.0,CLOSED,CFTC_COT+FRED
2017-08-22,2017-08-22,208438.0,-219918.0,500443.0,46.01,NEUTRAL,0.4293,-329973.0,-73635.0,CLOSED,CFTC_COT+FRED
2017-08-29,2017-08-29,231047.0,-248029.0,538875.0,46.01,NEUTRAL,0.3197,-329973.0,-73635.0,CLOSED,CFTC_COT+FRED
2017-09-05,2017-09-05,245298.0,-261807.0,566817.0,47.5,NEUTRAL,0.2191,-314594.0,-73635.0,CLOSED,CFTC_COT+FRED
2017-09-12,2017-09-12,254760.0,-272098.0,580606.0,46.01,NEUTRAL,0.1764,-314594.0,-73635.0,CLOSED,CFTC_COT+FRED
2017-09-19,2017-09-19,236089.0,-253041.0,570096.0,42.56,NEUTRAL,0.2555,-314594.0,-73635.0,CLOSED,CFTC_COT+FRED
2017-09-26,2017-09-26,212594.0,-233471.0,549637.0,40.13,NEUTRAL,0.1946,-272098.0,-73635.0,CLOSED,CFTC_COT+FRED
2017-10-03,2017-10-03,203855.0,-224423.0,525127.0,39.17,NEUTRAL,0.2402,-272098.0,-73635.0,CLOSED,CFTC_COT+FRED
2017-10-10,2017-10-10,200112.0,-222997.0,520005.0,37.29,NEUTRAL,0.2474,-272098.0,-73635.0,CLOSED,CFTC_COT+FRED
2017-10-17,2017-10-17,200724.0,-221624.0,528800.0,35.89,NEUTRAL,0.2543,-272098.0,-73635.0,CLOSED,CFTC_COT+FRED
2017-10-24,2017-10-24,191385.0,-210653.0,526674.0,33.18,HAWKISH,0.3096,-272098.0,-73635.0,CLOSED,CFTC_COT+FRED
2017-10-31,2017-10-31,193095.0,-210648.0,531918.0,33.18,HAWKISH,0.3096,-272098.0,-73635.0,CLOSED,CFTC_COT+FRED
2017-11-07,2017-11-07,195790.0,-215287.0,536843.0,31.86,HAWKISH,0.2863,-272098.0,-73635.0,CLOSED,CFTC_COT+FRED
2017-11-14,2017-11-14,195084.0,-215791.0,533054.0,29.73,HAWKISH,0.2837,-272098.0,-73635.0,CLOSED,CFTC_COT+FRED
2017-11-21,2017-11-21,201827.0,-225056.0,531612.0,26.11,HAWKISH,0.237,-272098.0,-73635.0,CLOSED,CFTC_COT+FRED
2017-11-28,2017-11-28,224417.0,-246541.0,503810.0,26.89,HAWKISH,0.1288,-272098.0,-73635.0,CLOSED,CFTC_COT+FRED
2017-12-05,2017-12-05,173329.0,-189890.0,472795.0,23.87,HAWKISH,0.4142,-272098.0,-73635.0,CLOSED,CFTC_COT+FRED
2017-12-12,2017-12-12,107068.0,-119463.0,446618.0,23.87,HAWKISH,0.7691,-272098.0,-73635.0,CLOSED,CFTC_COT+FRED
2017-12-19,2017-12-19,113795.0,-128217.0,453595.0,32.3,HAWKISH,0.725,-272098.0,-73635.0,CLOSED,CFTC_COT+FRED
2017-12-26,2017-12-26,135948.0,-149469.0,456470.0,30.15,HAWKISH,0.6179,-272098.0,-73635.0,CLOSED,CFTC_COT+FRED
2018-01-02,2018-01-02,163268.0,-177600.0,500731.0,30.15,HAWKISH,0.4761,-272098.0,-73635.0,CLOSED,CFTC_COT+FRED
2018-01-09,2018-01-09,203288.0,-220271.0,555455.0,27.69,HAWKISH,0.2611,-272098.0,-73635.0,CLOSED,CFTC_COT+FRED
2018-01-16,2018-01-16,211711.0,-232507.0,582333.0,25.73,HAWKISH,0.1995,-272098.0,-73635.0,CLOSED,CFTC_COT+FRED
2018-01-23,2018-01-23,214684.0,-234552.0,582421.0,24.6,HAWKISH,0.1892,-272098.0,-73635.0,CLOSED,CFTC_COT+FRED
2018-01-30,2018-01-30,207262.0,-225076.0,559332.0,22.1,HAWKISH,0.2369,-272098.0,-73635.0,CLOSED,CFTC_COT+FRED
2018-02-06,2018-02-06,190877.0,-205451.0,535321.0,23.15,HAWKISH,0.3358,-272098.0,-73635.0,CLOSED,CFTC_COT+FRED
2018-02-13,2018-02-13,175606.0,-194536.0,511745.0,23.15,HAWKISH,0.3908,-272098.0,-73635.0,CLOSED,CFTC_COT+FRED
2018-02-20,2018-02-20,190922.0,-214878.0,528154.0,18.24,HAWKISH,0.2883,-272098.0,-73635.0,CLOSED,CFTC_COT+FRED
2018-02-27,2018-02-27,178718.0,-199796.0,532860.0,17.65,HAWKISH,0.3643,-272098.0,-73635.0,CLOSED,CFTC_COT+FRED
2018-03-06,2018-03-06,183823.0,-204903.0,508100.0,18.24,HAWKISH,0.3386,-272098.0,-73635.0,CLOSED,CFTC_COT+FRED
2018-03-13,2018-03-13,167948.0,-188810.0,526762.0,17.95,HAWKISH,0.4197,-272098.0,-73635.0,CLOSED,CFTC_COT+FRED
2018-03-20,2018-03-20,148731.0,-167270.0,545499.0,15.71,HAWKISH,0.5282,-272098.0,-73635.0,CLOSED,CFTC_COT+FRED
2018-03-27,2018-03-27,203354.0,-226360.0,529690.0,26.5,HAWKISH,0.2305,-272098.0,-73635.0,CLOSED,CFTC_COT+FRED
2018-04-03,2018-04-03,166589.0,-188865.0,493141.0,25.73,HAWKISH,0.4194,-272098.0,-73635.0,CLOSED,CFTC_COT+FRED
2018-04-10,2018-04-10,155372.0,-175652.0,499588.0,24.23,HAWKISH,0.486,-272098.0,-73635.0,CLOSED,CFTC_COT+FRED
2018-04-17,2018-04-17,163069.0,-185262.0,510229.0,21.08,HAWKISH,0.4375,-272098.0,-73635.0,CLOSED,CFTC_COT+FRED
2018-04-24,2018-04-24,136646.0,-161800.0,506410.0,18.85,HAWKISH,0.5558,-272098.0,-73635.0,CLOSED,CFTC_COT+FRED
2018-05-01,2018-05-01,106779.0,-131872.0,507756.0,18.24,HAWKISH,0.7066,-272098.0,-73635.0,CLOSED,CFTC_COT+FRED
2018-05-08,2018-05-08,107440.0,-134984.0,491398.0,17.95,HAWKISH,0.6909,-272098.0,-73635.0,CLOSED,CFTC_COT+FRED
2018-05-15,2018-05-15,92443.0,-118089.0,519958.0,15.98,HAWKISH,0.776,-272098.0,-73635.0,CLOSED,CFTC_COT+FRED
2018-05-22,2018-05-22,90957.0,-115575.0,502942.0,15.71,HAWKISH,0.7887,-272098.0,-73635.0,CLOSED,CFTC_COT+FRED
2018-05-29,2018-05-29,115130.0,-136689.0,469382.0,24.23,HAWKISH,0.6823,-272098.0,-73635.0,CLOSED,CFTC_COT+FRED
2018-06-05,2018-06-05,111416.0,-134347.0,450641.0,18.54,HAWKISH,0.6941,-272098.0,-73635.0,CLOSED,CFTC_COT+FRED
2018-06-12,2018-06-12,120240.0,-140587.0,448695.0,17.08,HAWKISH,0.6626,-272098.0,-73635.0,CLOSED,CFTC_COT+FRED
2018-06-19,2018-06-19,96512.0,-114124.0,468345.0,25.35,HAWKISH,0.796,-272098.0,-73635.0,CLOSED,CFTC_COT+FRED
2018-06-26,2018-06-26,76672.0,-94963.0,468573.0,25.73,HAWKISH,0.8925,-272098.0,-73635.0,CLOSED,CFTC_COT+FRED
2018-07-03,2018-07-03,78327.0,-93150.0,494164.0,25.73,HAWKISH,0.9017,-272098.0,-73635.0,CLOSED,CFTC_COT+FRED
2018-07-10,2018-07-10,81434.0,-100394.0,503593.0,23.51,HAWKISH,0.8652,-272098.0,-73635.0,CLOSED,CFTC_COT+FRED
2018-07-17,2018-07-17,57841.0,-73635.0,528278.0,22.44,HAWKISH,1.0,-272098.0,-73635.0,CLOSED,CFTC_COT+FRED
2018-07-24,2018-07-24,48597.0,-65668.0,496620.0,22.1,HAWKISH,1.0,-272098.0,-65668.0,CLOSED,CFTC_COT+FRED
2018-07-31,2018-07-31,35337.0,-47918.0,452655.0,20.75,HAWKISH,1.0,-272098.0,-47918.0,CLOSED,CFTC_COT+FRED
2018-08-07,2018-08-07,12688.0,-25609.0,459474.0,20.42,HAWKISH,1.0,-272098.0,-25609.0,CLOSED,CFTC_COT+FRED
2018-08-14,2018-08-14,-3688.0,-7350.0,476739.0,22.1,HAWKISH,1.0,-272098.0,-7350.0,CLOSED,CFTC_COT+FRED
2018-08-21,2018-08-21,-8710.0,-1685.0,483730.0,22.79,HAWKISH,1.0,-272098.0,-1685.0,CLOSED,CFTC_COT+FRED
2018-08-28,2018-08-28,-3063.0,-8262.0,479283.0,20.75,HAWKISH,0.9757,-272098.0,-1685.0,CLOSED,CFTC_COT+FRED
2018-09-04,2018-09-04,-13497.0,6525.0,473118.0,21.08,HAWKISH,1.0,-272098.0,6525.0,CLOSED,CFTC_COT+FRED
2018-09-11,2018-09-11,-7590.0,13.0,469450.0,17.95,HAWKISH,0.9749,-253041.0,6525.0,CLOSED,CFTC_COT+FRED
2018-09-18,2018-09-18,-10844.0,1691.0,469436.0,16.52,HAWKISH,0.9809,-246541.0,6525.0,CLOSED,CFTC_COT+FRED
2018-09-25,2018-09-25,-17648.0,7080.0,460279.0,15.98,HAWKISH,1.0,-246541.0,7080.0,CLOSED,CFTC_COT+FRED
2018-10-02,2018-10-02,-21822.0,8875.0,459776.0,24.23,HAWKISH,1.0,-246541.0,8875.0,CLOSED,CFTC_COT+FRED
2018-10-09,2018-10-09,-38175.0,25866.0,465253.0,22.1,HAWKISH,1.0,-246541.0,25866.0,CLOSED,CFTC_COT+FRED
2018-10-16,2018-10-16,17667.0,-31996.0,474418.0,22.44,HAWKISH,0.7876,-246541.0,25866.0,CLOSED,CFTC_COT+FRED
2018-10-23,2018-10-23,29388.0,-46520.0,477832.0,21.76,HAWKISH,0.7343,-246541.0,25866.0,CLOSED,CFTC_COT+FRED
2018-10-30,2018-10-30,13194.0,-31205.0,474941.0,23.51,HAWKISH,0.7905,-246541.0,25866.0,CLOSED,CFTC_COT+FRED
2018-11-06,2018-11-06,19026.0,-38136.0,494911.0,20.42,HAWKISH,0.7651,-246541.0,25866.0,CLOSED,CFTC_COT+FRED
2018-11-13,2018-11-13,-9247.0,-1823.0,539520.0,21.76,HAWKISH,0.8984,-246541.0,25866.0,CLOSED,CFTC_COT+FRED
2018-11-20,2018-11-20,8896.0,-23140.0,525940.0,25.35,HAWKISH,0.8201,-246541.0,25866.0,CLOSED,CFTC_COT+FRED
2018-11-27,2018-11-27,1871.0,-16100.0,442801.0,23.87,HAWKISH,0.8389,-234552.0,25866.0,CLOSED,CFTC_COT+FRED
2018-12-04,2018-12-04,49001.0,-58249.0,399919.0,24.97,HAWKISH,0.677,-234552.0,25866.0,CLOSED,CFTC_COT+FRED
2018-12-11,2018-12-11,60499.0,-77368.0,402250.0,25.73,HAWKISH,0.6036,-234552.0,25866.0,CLOSED,CFTC_COT+FRED
2018-12-18,2018-12-18,75960.0,-92675.0,412485.0,31.0,HAWKISH,0.5448,-234552.0,25866.0,CLOSED,CFTC_COT+FRED
2018-12-24,2018-12-24,110985.0,-128219.0,442727.0,47.5,NEUTRAL,0.4083,-234552.0,25866.0,CLOSED,CFTC_COT+FRED
2018-12-31,2018-12-31,123772.0,-144614.0,451360.0,51.0,DOVISH_TILT,0.3454,-234552.0,25866.0,CLOSED,CFTC_COT+FRED
2019-01-08,2019-01-08,99216.0,-121187.0,455232.0,46.01,NEUTRAL,0.4353,-234552.0,25866.0,CLOSED,CFTC_COT+FRED
2019-01-15,2019-01-15,87913.0,-108113.0,501605.0,48.5,NEUTRAL,0.4855,-234552.0,25866.0,CLOSED,CFTC_COT+FRED
2019-01-22,2019-01-22,74504.0,-92077.0,513509.0,46.01,NEUTRAL,0.5324,-226360.0,25866.0,CLOSED,CFTC_COT+FRED
2019-01-29,2019-01-29,99593.0,-118609.0,483390.0,47.0,NEUTRAL,0.4272,-226360.0,25866.0,CLOSED,CFTC_COT+FRED
2019-02-05,2019-02-05,109095.0,-131242.0,479736.0,48.5,NEUTRAL,0.3771,-226360.0,25866.0,CLOSED,CFTC_COT+FRED
2019-02-12,2019-02-12,104874.0,-126111.0,476083.0,50.0,DOVISH_TILT,0.3975,-226360.0,25866.0,CLOSED,CFTC_COT+FRED
2019-02-19,2019-02-19,145647.0,-166477.0,504639.0,50.0,DOVISH_TILT,0.2374,-226360.0,25866.0,CLOSED,CFTC_COT+FRED
2019-02-26,2019-02-26,135696.0,-159845.0,501268.0,51.0,DOVISH_TILT,0.2637,-226360.0,25866.0,CLOSED,CFTC_COT+FRED
2019-03-05,2019-03-05,88018.0,-113997.0,471311.0,47.5,NEUTRAL,0.4455,-226360.0,25866.0,CLOSED,CFTC_COT+FRED
2019-03-12,2019-03-12,78819.0,-108474.0,530030.0,52.5,DOVISH_TILT,0.4674,-226360.0,25866.0,CLOSED,CFTC_COT+FRED
2019-03-19,2019-03-19,88396.0,-115659.0,514163.0,52.0,DOVISH_TILT,0.4389,-226360.0,25866.0,CLOSED,CFTC_COT+FRED
2019-03-26,2019-03-26,119938.0,-151434.0,509575.0,62.71,DOVISH,0.1743,-188865.0,25866.0,CLOSED,CFTC_COT+FRED
2019-04-02,2019-04-02,94556.0,-118230.0,440170.0,59.87,DOVISH_TILT,0.3175,-185262.0,25866.0,CLOSED,CFTC_COT+FRED
2019-04-09,2019-04-09,105364.0,-132809.0,447539.0,57.44,DOVISH_TILT,0.2484,-185262.0,25866.0,CLOSED,CFTC_COT+FRED
2019-04-16,2019-04-16,56273.0,-78430.0,440581.0,54.49,DOVISH_TILT,0.4578,-166477.0,25866.0,CLOSED,CFTC_COT+FRED
2019-04-23,2019-04-23,37395.0,-57396.0,440048.0,56.95,DOVISH_TILT,0.5671,-166477.0,25866.0,OPEN,CFTC_COT+FRED
2019-04-30,2019-04-30,66219.0,-88312.0,430011.0,61.3,DOVISH,0.4064,-166477.0,25866.0,CLOSED,CFTC_COT+FRED
2019-05-07,2019-05-07,75411.0,-96359.0,450039.0,60.83,DOVISH,0.3645,-166477.0,25866.0,CLOSED,CFTC_COT+FRED
2019-05-14,2019-05-14,124536.0,-137183.0,517995.0,64.57,DOVISH,0.1523,-166477.0,25866.0,CLOSED,CFTC_COT+FRED
2019-05-21,2019-05-21,88805.0,-107938.0,508643.0,61.77,DOVISH,0.3043,-166477.0,25866.0,CLOSED,CFTC_COT+FRED
2019-05-28,2019-05-28,86688.0,-109954.0,505126.0,68.14,DOVISH,0.2939,-166477.0,25866.0,CLOSED,CFTC_COT+FRED
2019-06-04,2019-06-04,156115.0,-172576.0,481495.0,77.56,DOVISH,0.0,-172576.0,25866.0,CLOSED,CFTC_COT+FRED
2019-06-11,2019-06-11,184238.0,-202027.0,496663.0,75.77,DOVISH,0.0,-202027.0,25866.0,CLOSED,CFTC_COT+FRED
2019-06-18,2019-06-18,204323.0,-223855.0,525636.0,78.24,DOVISH,0.0,-223855.0,25866.0,CLOSED,CFTC_COT+FRED
2019-06-25,2019-06-25,236554.0,-260150.0,577605.0,82.92,DOVISH,0.0,-260150.0,25866.0,CLOSED,CFTC_COT+FRED
2019-07-02,2019-07-02,258946.0,-286822.0,605949.0,81.15,DOVISH,0.0,-286822.0,25866.0,CLOSED,CFTC_COT+FRED
2019-07-09,2019-07-09,244763.0,-278416.0,598977.0,76.13,DOVISH,0.0269,-286822.0,25866.0,CLOSED,CFTC_COT+FRED
2019-07-16,2019-07-16,245501.0,-277408.0,601900.0,77.9,DOVISH,0.0301,-286822.0,25866.0,CLOSED,CFTC_COT+FRED
2019-07-23,2019-07-23,251250.0,-287839.0,616859.0,79.25,DOVISH,0.0,-287839.0,25866.0,CLOSED,CFTC_COT+FRED
2019-07-30,2019-07-30,254388.0,-287967.0,563298.0,78.58,DOVISH,0.0,-287967.0,25866.0,CLOSED,CFTC_COT+FRED
2019-08-06,2019-08-06,292545.0,-324325.0,600317.0,78.58,DOVISH,0.0,-324325.0,25866.0,CLOSED,CFTC_COT+FRED
2019-08-13,2019-08-13,290090.0,-323727.0,593962.0,76.49,DOVISH,0.0017,-324325.0,25866.0,CLOSED,CFTC_COT+FRED
2019-08-20,2019-08-20,299993.0,-336250.0,594807.0,81.76,DOVISH,0.0,-336250.0,25866.0,CLOSED,CFTC_COT+FRED
2019-08-27,2019-08-27,296838.0,-333806.0,636183.0,80.85,DOVISH,0.0067,-336250.0,25866.0,CLOSED,CFTC_COT+FRED
2019-09-03,2019-09-03,300547.0,-337741.0,634358.0,82.64,DOVISH,0.0,-337741.0,25866.0,CLOSED,CFTC_COT+FRED
2019-09-10,2019-09-10,269725.0,-305611.0,614753.0,76.13,DOVISH,0.0884,-337741.0,25866.0,CLOSED,CFTC_COT+FRED
2019-09-17,2019-09-17,282599.0,-318399.0,630990.0,74.27,DOVISH,0.0532,-337741.0,25866.0,CLOSED,CFTC_COT+FRED
2019-09-24,2019-09-24,312444.0,-345145.0,658944.0,69.0,DOVISH,0.0,-345145.0,25866.0,CLOSED,CFTC_COT+FRED
2019-10-01,2019-10-01,268993.0,-303688.0,604885.0,70.68,DOVISH,0.1117,-345145.0,25866.0,CLOSED,CFTC_COT+FRED
2019-10-08,2019-10-08,275563.0,-310942.0,616957.0,76.13,DOVISH,0.0996,-345145.0,-1823.0,CLOSED,CFTC_COT+FRED
2019-10-15,2019-10-15,253027.0,-288275.0,607387.0,68.57,DOVISH,0.1656,-345145.0,-1823.0,CLOSED,CFTC_COT+FRED
2019-10-22,2019-10-22,259132.0,-295357.0,625528.0,69.0,DOVISH,0.145,-345145.0,-1823.0,CLOSED,CFTC_COT+FRED
2019-10-29,2019-10-29,276515.0,-301216.0,643442.0,67.26,DOVISH,0.128,-345145.0,-1823.0,CLOSED,CFTC_COT+FRED
2019-11-05,2019-11-05,279828.0,-317138.0,690181.0,55.97,DOVISH_TILT,0.0816,-345145.0,-1823.0,CLOSED,CFTC_COT+FRED
2019-11-12,2019-11-12,267066.0,-301468.0,708463.0,54.49,DOVISH_TILT,0.1327,-345145.0,-16100.0,CLOSED,CFTC_COT+FRED
2019-11-19,2019-11-19,285859.0,-319095.0,719211.0,57.44,DOVISH_TILT,0.0792,-345145.0,-16100.0,CLOSED,CFTC_COT+FRED
2019-11-26,2019-11-26,271634.0,-305467.0,669268.0,58.42,DOVISH_TILT,0.1379,-345145.0,-57396.0,CLOSED,CFTC_COT+FRED
2019-12-03,2019-12-03,290705.0,-322787.0,701016.0,60.83,DOVISH,0.0777,-345145.0,-57396.0,CLOSED,CFTC_COT+FRED
2019-12-10,2019-12-10,270920.0,-302283.0,690003.0,54.98,DOVISH_TILT,0.149,-345145.0,-57396.0,CLOSED,CFTC_COT+FRED
2019-12-17,2019-12-17,286275.0,-318619.0,716987.0,55.97,DOVISH_TILT,0.0922,-345145.0,-57396.0,CLOSED,CFTC_COT+FRED
2019-12-24,2019-12-24,305652.0,-340396.0,748737.0,56.46,DOVISH_TILT,0.0165,-345145.0,-57396.0,CLOSED,CFTC_COT+FRED
2019-12-31,2019-12-31,327925.0,-366491.0,786166.0,58.42,DOVISH_TILT,0.0,-366491.0,-57396.0,CLOSED,CFTC_COT+FRED
2020-01-07,2020-01-07,322291.0,-356081.0,785857.0,60.35,DOVISH,0.0337,-366491.0,-57396.0,CLOSED,CFTC_COT+FRED
2020-01-14,2020-01-14,319235.0,-349819.0,796883.0,58.42,DOVISH_TILT,0.0539,-366491.0,-57396.0,CLOSED,CFTC_COT+FRED
2020-01-21,2020-01-21,317695.0,-351903.0,793829.0,60.83,DOVISH,0.0472,-366491.0,-57396.0,CLOSED,CFTC_COT+FRED
2020-01-28,2020-01-28,330092.0,-360814.0,715539.0,64.57,DOVISH,0.0184,-366491.0,-57396.0,CLOSED,CFTC_COT+FRED
2020-02-04,2020-02-04,299806.0,-331687.0,654572.0,66.37,DOVISH,0.1126,-366491.0,-57396.0,CLOSED,CFTC_COT+FRED
2020-02-11,2020-02-11,307974.0,-337791.0,658024.0,66.37,DOVISH,0.0929,-366491.0,-57396.0,CLOSED,CFTC_COT+FRED
2020-02-18,2020-02-18,353649.0,-385612.0,715317.0,66.37,DOVISH,0.0,-385612.0,-57396.0,CLOSED,CFTC_COT+FRED
2020-02-25,2020-02-25,335865.0,-375621.0,732917.0,75.03,DOVISH,0.0304,-385612.0,-57396.0,CLOSED,CFTC_COT+FRED
2020-03-03,2020-03-03,319733.0,-351011.0,691985.0,88.89,DOVISH,0.1054,-385612.0,-57396.0,CLOSED,CFTC_COT+FRED
2020-03-10,2020-03-10,299531.0,-328304.0,633470.0,81.76,DOVISH,0.1746,-385612.0,-57396.0,CLOSED,CFTC_COT+FRED
2020-03-17,2020-03-17,281916.0,-301709.0,573925.0,39.17,NEUTRAL,0.2556,-385612.0,-57396.0,CLOSED,CFTC_COT+FRED
2020-03-24,2020-03-24,288366.0,-311823.0,547334.0,43.54,NEUTRAL,0.2248,-385612.0,-57396.0,CLOSED,CFTC_COT+FRED
2020-03-31,2020-03-31,258849.0,-283959.0,495652.0,51.0,DOVISH_TILT,0.3097,-385612.0,-57396.0,CLOSED,CFTC_COT+FRED
2020-04-07,2020-04-07,248942.0,-275611.0,480050.0,48.5,NEUTRAL,0.3351,-385612.0,-57396.0,CLOSED,CFTC_COT+FRED
2020-04-14,2020-04-14,252501.0,-280408.0,489965.0,51.0,DOVISH_TILT,0.3205,-385612.0,-57396.0,CLOSED,CFTC_COT+FRED
2020-04-21,2020-04-21,249571.0,-280073.0,493158.0,52.5,DOVISH_TILT,0.355,-385612.0,-88312.0,CLOSED,CFTC_COT+FRED
2020-04-28,2020-04-28,262729.0,-293629.0,500816.0,52.5,DOVISH_TILT,0.318,-385612.0,-96359.0,CLOSED,CFTC_COT+FRED
2020-05-05,2020-05-05,250004.0,-281636.0,490343.0,53.0,DOVISH_TILT,0.3745,-385612.0,-107938.0,CLOSED,CFTC_COT+FRED
2020-05-12,2020-05-12,242828.0,-278533.0,496739.0,53.99,DOVISH_TILT,0.3856,-385612.0,-107938.0,CLOSED,CFTC_COT+FRED
2020-05-19,2020-05-19,251788.0,-290174.0,528205.0,53.99,DOVISH_TILT,0.3462,-385612.0,-109954.0,CLOSED,CFTC_COT+FRED
2020-05-26,2020-05-26,237914.0,-274322.0,519374.0,53.49,DOVISH_TILT,0.5224,-385612.0,-172576.0,OPEN,CFTC_COT+FRED
2020-06-02,2020-06-02,219034.0,-256623.0,475745.0,53.99,DOVISH_TILT,0.7026,-385612.0,-202027.0,OPEN,CFTC_COT+FRED
2020-06-09,2020-06-09,208613.0,-243457.0,475661.0,52.5,DOVISH_TILT,0.8788,-385612.0,-223855.0,OPEN,CFTC_COT+FRED
2020-06-16,2020-06-16,224348.0,-258020.0,489563.0,52.0,DOVISH_TILT,0.8976,-385612.0,-243457.0,OPEN,CFTC_COT+FRED
2020-06-23,2020-06-23,251957.0,-287292.0,532101.0,53.49,DOVISH_TILT,0.6916,-385612.0,-243457.0,OPEN,CFTC_COT+FRED
2020-06-30,2020-06-30,266670.0,-301463.0,561628.0,54.49,DOVISH_TILT,0.592,-385612.0,-243457.0,OPEN,CFTC_COT+FRED
2020-07-07,2020-07-07,267358.0,-302592.0,572776.0,54.49,DOVISH_TILT,0.584,-385612.0,-243457.0,OPEN,CFTC_COT+FRED
2020-07-14,2020-07-14,262428.0,-302018.0,580175.0,55.48,DOVISH_TILT,0.588,-385612.0,-243457.0,OPEN,CFTC_COT+FRED
2020-07-21,2020-07-21,266436.0,-303859.0,603138.0,55.48,DOVISH_TILT,0.5751,-385612.0,-243457.0,OPEN,CFTC_COT+FRED
2020-07-28,2020-07-28,236801.0,-278377.0,598629.0,55.48,DOVISH_TILT,0.7544,-385612.0,-243457.0,OPEN,CFTC_COT+FRED
2020-08-04,2020-08-04,238746.0,-276345.0,561837.0,56.95,DOVISH_TILT,0.7686,-385612.0,-243457.0,OPEN,CFTC_COT+FRED
2020-08-11,2020-08-11,224053.0,-268331.0,553345.0,54.49,DOVISH_TILT,0.825,-385612.0,-243457.0,OPEN,CFTC_COT+FRED
2020-08-18,2020-08-18,223518.0,-267771.0,544010.0,55.48,DOVISH_TILT,0.829,-385612.0,-243457.0,OPEN,CFTC_COT+FRED
2020-08-25,2020-08-25,221038.0,-266445.0,549282.0,54.98,DOVISH_TILT,0.8383,-385612.0,-243457.0,OPEN,CFTC_COT+FRED
2020-09-01,2020-09-01,230796.0,-277406.0,547704.0,55.97,DOVISH_TILT,0.7612,-385612.0,-243457.0,OPEN,CFTC_COT+FRED
2020-09-08,2020-09-08,236473.0,-281040.0,557457.0,55.48,DOVISH_TILT,0.7356,-385612.0,-243457.0,OPEN,CFTC_COT+FRED
2020-09-15,2020-09-15,240977.0,-285186.0,578925.0,55.48,DOVISH_TILT,0.7065,-385612.0,-243457.0,OPEN,CFTC_COT+FRED
2020-09-22,2020-09-22,219060.0,-266408.0,575877.0,55.97,DOVISH_TILT,0.8385,-385612.0,-243457.0,OPEN,CFTC_COT+FRED
2020-09-29,2020-09-29,243659.0,-286178.0,562396.0,56.95,DOVISH_TILT,0.6995,-385612.0,-243457.0,OPEN,CFTC_COT+FRED
2020-10-06,2020-10-06,248587.0,-288468.0,555555.0,55.48,DOVISH_TILT,0.6834,-385612.0,-243457.0,OPEN,CFTC_COT+FRED
2020-10-13,2020-10-13,240671.0,-284655.0,553197.0,54.49,DOVISH_TILT,0.7102,-385612.0,-243457.0,OPEN,CFTC_COT+FRED
2020-10-20,2020-10-20,249604.0,-294124.0,562993.0,55.48,DOVISH_TILT,0.6436,-385612.0,-243457.0,OPEN,CFTC_COT+FRED
2020-10-27,2020-10-27,248634.0,-296462.0,560900.0,54.49,DOVISH_TILT,0.6271,-385612.0,-243457.0,OPEN,CFTC_COT+FRED
2020-11-03,2020-11-03,242909.0,-289338.0,544774.0,53.99,DOVISH_TILT,0.6772,-385612.0,-243457.0,OPEN,CFTC_COT+FRED
2020-11-10,2020-11-10,239736.0,-283423.0,547449.0,53.0,DOVISH_TILT,0.7189,-385612.0,-243457.0,OPEN,CFTC_COT+FRED
2020-11-17,2020-11-17,251270.0,-294572.0,557533.0,53.49,DOVISH_TILT,0.6404,-385612.0,-243457.0,OPEN,CFTC_COT+FRED
2020-11-24,2020-11-24,243902.0,-284829.0,555253.0,54.49,DOVISH_TILT,0.709,-385612.0,-243457.0,OPEN,CFTC_COT+FRED
2020-12-01,2020-12-01,260314.0,-293263.0,538042.0,53.99,DOVISH_TILT,0.6496,-385612.0,-243457.0,OPEN,CFTC_COT+FRED
2020-12-08,2020-12-08,269220.0,-300723.0,549520.0,55.48,DOVISH_TILT,0.5972,-385612.0,-243457.0,OPEN,CFTC_COT+FRED
2020-12-15,2020-12-15,271584.0,-306342.0,550366.0,56.95,DOVISH_TILT,0.5576,-385612.0,-243457.0,OPEN,CFTC_COT+FRED
2020-12-21,2020-12-21,278196.0,-315099.0,560769.0,55.97,DOVISH_TILT,0.496,-385612.0,-243457.0,CLOSED,CFTC_COT+FRED
2020-12-29,2020-12-29,268872.0,-307254.0,556414.0,56.46,DOVISH_TILT,0.5512,-385612.0,-243457.0,OPEN,CFTC_COT+FRED
2021-01-05,2021-01-05,279318.0,-320923.0,568888.0,55.97,DOVISH_TILT,0.4551,-385612.0,-243457.0,CLOSED,CFTC_COT+FRED
2021-01-12,2021-01-12,246227.0,-290301.0,555538.0,55.48,DOVISH_TILT,0.6705,-385612.0,-243457.0,OPEN,CFTC_COT+FRED
2021-01-19,2021-01-19,246638.0,-287467.0,541330.0,55.48,DOVISH_TILT,0.6904,-385612.0,-243457.0,OPEN,CFTC_COT+FRED
2021-01-26,2021-01-26,257546.0,-298948.0,534574.0,56.95,DOVISH_TILT,0.6096,-385612.0,-243457.0,OPEN,CFTC_COT+FRED
2021-02-02,2021-02-02,257126.0,-297957.0,520011.0,56.95,DOVISH_TILT,0.6166,-385612.0,-243457.0,OPEN,CFTC_COT+FRED
2021-02-09,2021-02-09,251407.0,-292195.0,506741.0,56.95,DOVISH_TILT,0.6571,-385612.0,-243457.0,OPEN,CFTC_COT+FRED
2021-02-16,2021-02-16,234969.0,-275078.0,503016.0,55.97,DOVISH_TILT,0.7607,-375621.0,-243457.0,OPEN,CFTC_COT+FRED
2021-02-23,2021-02-23,215733.0,-251729.0,481125.0,56.95,DOVISH_TILT,0.9231,-351011.0,-243457.0,OPEN,CFTC_COT+FRED
2021-03-02,2021-03-02,189638.0,-222203.0,467008.0,55.97,DOVISH_TILT,1.0,-328304.0,-222203.0,OPEN,CFTC_COT+FRED
2021-03-09,2021-03-09,175163.0,-207880.0,473871.0,53.99,DOVISH_TILT,1.0,-320923.0,-207880.0,OPEN,CFTC_COT+FRED
2021-03-16,2021-03-16,180196.0,-209475.0,476467.0,54.98,DOVISH_TILT,0.9859,-320923.0,-207880.0,OPEN,CFTC_COT+FRED
2021-03-23,2021-03-23,174067.0,-201803.0,485457.0,54.98,DOVISH_TILT,1.0,-320923.0,-201803.0,OPEN,CFTC_COT+FRED
2021-03-30,2021-03-30,167528.0,-193726.0,467321.0,54.49,DOVISH_TILT,1.0,-320923.0,-193726.0,OPEN,CFTC_COT+FRED
2021-04-06,2021-04-06,189509.0,-214799.0,463353.0,54.49,DOVISH_TILT,0.8343,-320923.0,-193726.0,OPEN,CFTC_COT+FRED
2021-04-13,2021-04-13,180874.0,-208788.0,460733.0,54.49,DOVISH_TILT,0.8816,-320923.0,-193726.0,OPEN,CFTC_COT+FRED
2021-04-20,2021-04-20,181498.0,-213193.0,471738.0,54.98,DOVISH_TILT,0.847,-320923.0,-193726.0,OPEN,CFTC_COT+FRED
2021-04-27,2021-04-27,170619.0,-207177.0,473305.0,53.99,DOVISH_TILT,0.8943,-320923.0,-193726.0,OPEN,CFTC_COT+FRED
2021-05-04,2021-05-04,170741.0,-201923.0,470341.0,54.49,DOVISH_TILT,0.9356,-320923.0,-193726.0,OPEN,CFTC_COT+FRED
2021-05-11,2021-05-11,192255.0,-227084.0,498693.0,54.49,DOVISH_TILT,0.7377,-320923.0,-193726.0,OPEN,CFTC_COT+FRED
2021-05-18,2021-05-18,198889.0,-232901.0,520410.0,54.49,DOVISH_TILT,0.692,-320923.0,-193726.0,OPEN,CFTC_COT+FRED
2021-05-25,2021-05-25,214642.0,-250869.0,510164.0,54.98,DOVISH_TILT,0.5508,-320923.0,-193726.0,OPEN,CFTC_COT+FRED
2021-06-01,2021-06-01,213701.0,-248175.0,489198.0,54.49,DOVISH_TILT,0.5719,-320923.0,-193726.0,OPEN,CFTC_COT+FRED
2021-06-08,2021-06-08,209387.0,-244806.0,491858.0,55.48,DOVISH_TILT,0.5984,-320923.0,-193726.0,OPEN,CFTC_COT+FRED
2021-06-15,2021-06-15,192036.0,-231226.0,480127.0,54.49,DOVISH_TILT,0.7052,-320923.0,-193726.0,OPEN,CFTC_COT+FRED
2021-06-22,2021-06-22,166214.0,-202382.0,453940.0,50.0,DOVISH_TILT,0.9319,-320923.0,-193726.0,CLOSED,CFTC_COT+FRED
2021-06-29,2021-06-29,162226.0,-195120.0,453360.0,49.0,NEUTRAL,0.989,-320923.0,-193726.0,CLOSED,CFTC_COT+FRED
2021-07-06,2021-07-06,182821.0,-214726.0,465811.0,51.5,DOVISH_TILT,0.8349,-320923.0,-193726.0,OPEN,CFTC_COT+FRED
2021-07-13,2021-07-13,190836.0,-221028.0,495798.0,49.5,NEUTRAL,0.7854,-320923.0,-193726.0,CLOSED,CFTC_COT+FRED
2021-07-20,2021-07-20,195972.0,-228548.0,490520.0,52.5,DOVISH_TILT,0.7262,-320923.0,-193726.0,OPEN,CFTC_COT+FRED
2021-07-27,2021-07-27,199388.0,-228814.0,500187.0,52.5,DOVISH_TILT,0.7241,-320923.0,-193726.0,OPEN,CFTC_COT+FRED
2021-08-03,2021-08-03,196335.0,-231284.0,485663.0,53.99,DOVISH_TILT,0.7047,-320923.0,-193726.0,OPEN,CFTC_COT+FRED
2021-08-10,2021-08-10,168406.0,-195641.0,477232.0,50.5,DOVISH_TILT,0.9849,-320923.0,-193726.0,OPEN,CFTC_COT+FRED
2021-08-17,2021-08-17,191542.0,-214000.0,485485.0,51.0,DOVISH_TILT,0.8406,-320923.0,-193726.0,OPEN,CFTC_COT+FRED
2021-08-24,2021-08-24,210653.0,-234678.0,504735.0,50.5,DOVISH_TILT,0.678,-320923.0,-193726.0,OPEN,CFTC_COT+FRED
2021-08-31,2021-08-31,216550.0,-240512.0,507113.0,52.5,DOVISH_TILT,0.6322,-320923.0,-193726.0,OPEN,CFTC_COT+FRED
2021-09-07,2021-09-07,206039.0,-235808.0,506772.0,51.5,DOVISH_TILT,0.6692,-320923.0,-193726.0,OPEN,CFTC_COT+FRED
2021-09-14,2021-09-14,207760.0,-234251.0,506356.0,52.0,DOVISH_TILT,0.6814,-320923.0,-193726.0,OPEN,CFTC_COT+FRED
2021-09-21,2021-09-21,187647.0,-212644.0,492765.0,51.5,DOVISH_TILT,0.8513,-320923.0,-193726.0,OPEN,CFTC_COT+FRED
2021-09-28,2021-09-28,168399.0,-190151.0,490858.0,47.0,NEUTRAL,1.0,-320923.0,-190151.0,CLOSED,CFTC_COT+FRED
2021-10-05,2021-10-05,182582.0,-203702.0,483789.0,48.5,NEUTRAL,0.8964,-320923.0,-190151.0,CLOSED,CFTC_COT+FRED
2021-10-12,2021-10-12,185539.0,-207614.0,484382.0,45.02,NEUTRAL,0.8665,-320923.0,-190151.0,CLOSED,CFTC_COT+FRED
2021-10-19,2021-10-19,193349.0,-219190.0,485974.0,42.07,NEUTRAL,0.7779,-320923.0,-190151.0,CLOSED,CFTC_COT+FRED
2021-10-26,2021-10-26,214560.0,-239654.0,509794.0,39.17,NEUTRAL,0.6215,-320923.0,-190151.0,CLOSED,CFTC_COT+FRED
2021-11-02,2021-11-02,215129.0,-239877.0,507616.0,39.65,NEUTRAL,0.6198,-320923.0,-190151.0,CLOSED,CFTC_COT+FRED
2021-11-09,2021-11-09,250181.0,-275489.0,571025.0,42.07,NEUTRAL,0.3474,-320923.0,-190151.0,CLOSED,CFTC_COT+FRED
2021-11-16,2021-11-16,259780.0,-287539.0,612612.0,35.89,NEUTRAL,0.2553,-320923.0,-190151.0,CLOSED,CFTC_COT+FRED
2021-11-23,2021-11-23,234411.0,-267834.0,559823.0,33.18,HAWKISH,0.406,-320923.0,-190151.0,CLOSED,CFTC_COT+FRED
2021-11-30,2021-11-30,225860.0,-258603.0,531868.0,36.82,NEUTRAL,0.4766,-320923.0,-190151.0,CLOSED,CFTC_COT+FRED
2021-12-07,2021-12-07,217185.0,-245623.0,499307.0,28.91,HAWKISH,0.5758,-320923.0,-190151.0,CLOSED,CFTC_COT+FRED
2021-12-14,2021-12-14,202401.0,-231411.0,503709.0,30.15,HAWKISH,0.6845,-320923.0,-190151.0,CLOSED,CFTC_COT+FRED
2021-12-21,2021-12-21,205811.0,-236029.0,500846.0,28.91,HAWKISH,0.6492,-320923.0,-190151.0,CLOSED,CFTC_COT+FRED
2021-12-28,2021-12-28,213156.0,-245664.0,508912.0,27.29,HAWKISH,0.5755,-320923.0,-190151.0,CLOSED,CFTC_COT+FRED
2022-01-04,2022-01-04,211355.0,-237458.0,502717.0,26.11,HAWKISH,0.5652,-298948.0,-190151.0,CLOSED,CFTC_COT+FRED
2022-01-11,2022-01-11,199737.0,-225073.0,546516.0,21.42,HAWKISH,0.679,-298948.0,-190151.0,CLOSED,CFTC_COT+FRED
2022-01-18,2022-01-18,194207.0,-221068.0,539204.0,16.52,HAWKISH,0.7158,-298948.0,-190151.0,CLOSED,CFTC_COT+FRED
2022-01-25,2022-01-25,220151.0,-249746.0,572078.0,17.65,HAWKISH,0.4472,-297957.0,-190151.0,CLOSED,CFTC_COT+FRED
2022-02-01,2022-02-01,172142.0,-201342.0,515331.0,13.47,HAWKISH,0.8903,-292195.0,-190151.0,CLOSED,CFTC_COT+FRED
2022-02-08,2022-02-08,186706.0,-211434.0,512842.0,9.98,HAWKISH,0.7815,-287539.0,-190151.0,CLOSED,CFTC_COT+FRED
2022-02-15,2022-02-15,213613.0,-238875.0,558645.0,6.54,HAWKISH,0.4997,-287539.0,-190151.0,CLOSED,CFTC_COT+FRED
2022-02-22,2022-02-22,243148.0,-269722.0,611488.0,6.79,HAWKISH,0.1829,-287539.0,-190151.0,CLOSED,CFTC_COT+FRED
2022-03-01,2022-03-01,257622.0,-285809.0,615600.0,10.72,HAWKISH,0.0178,-287539.0,-190151.0,CLOSED,CFTC_COT+FRED
2022-03-08,2022-03-08,274388.0,-306946.0,638502.0,5.95,HAWKISH,0.0,-306946.0,-190151.0,CLOSED,CFTC_COT+FRED
2022-03-15,2022-03-15,261788.0,-297441.0,617605.0,3.92,HAWKISH,0.0814,-306946.0,-190151.0,CLOSED,CFTC_COT+FRED
2022-03-22,2022-03-22,248032.0,-281595.0,605191.0,3.36,HAWKISH,0.2171,-306946.0,-190151.0,CLOSED,CFTC_COT+FRED
2022-03-29,2022-03-29,257596.0,-285937.0,574521.0,2.41,HAWKISH,0.1799,-306946.0,-190151.0,CLOSED,CFTC_COT+FRED
2022-04-05,2022-04-05,245541.0,-278758.0,560666.0,1.76,HAWKISH,0.2413,-306946.0,-190151.0,CLOSED,CFTC_COT+FRED
2022-04-12,2022-04-12,254287.0,-288093.0,577639.0,2.23,HAWKISH,0.1614,-306946.0,-190151.0,CLOSED,CFTC_COT+FRED
2022-04-19,2022-04-19,239757.0,-275525.0,575202.0,1.45,HAWKISH,0.269,-306946.0,-190151.0,CLOSED,CFTC_COT+FRED
2022-04-26,2022-04-26,218024.0,-249294.0,557785.0,1.66,HAWKISH,0.4936,-306946.0,-190151.0,CLOSED,CFTC_COT+FRED
2022-05-03,2022-05-03,199168.0,-231852.0,560441.0,1.04,HAWKISH,0.643,-306946.0,-190151.0,CLOSED,CFTC_COT+FRED
2022-05-10,2022-05-10,193315.0,-227756.0,571447.0,3.77,HAWKISH,0.678,-306946.0,-190151.0,CLOSED,CFTC_COT+FRED
2022-05-17,2022-05-17,175360.0,-206879.0,555756.0,3.17,HAWKISH,0.8568,-306946.0,-190151.0,CLOSED,CFTC_COT+FRED
2022-05-24,2022-05-24,183813.0,-211947.0,530098.0,4.74,HAWKISH,0.8134,-306946.0,-190151.0,CLOSED,CFTC_COT+FRED
2022-05-31,2022-05-31,172589.0,-200056.0,513722.0,4.48,HAWKISH,0.9152,-306946.0,-190151.0,CLOSED,CFTC_COT+FRED
2022-06-07,2022-06-07,175268.0,-199886.0,494130.0,2.93,HAWKISH,0.9166,-306946.0,-190151.0,CLOSED,CFTC_COT+FRED
2022-06-14,2022-06-14,154598.0,-178569.0,497456.0,0.74,HAWKISH,1.0,-306946.0,-178569.0,CLOSED,CFTC_COT+FRED
2022-06-21,2022-06-21,163287.0,-186929.0,500276.0,5.12,HAWKISH,0.9349,-306946.0,-178569.0,CLOSED,CFTC_COT+FRED
2022-06-28,2022-06-28,157693.0,-182007.0,497005.0,6.3,HAWKISH,0.9732,-306946.0,-178569.0,CLOSED,CFTC_COT+FRED
2022-07-05,2022-07-05,145660.0,-165585.0,498210.0,10.53,HAWKISH,1.0,-306946.0,-165585.0,CLOSED,CFTC_COT+FRED
2022-07-12,2022-07-12,118121.0,-137788.0,542493.0,7.18,HAWKISH,1.0,-306946.0,-137788.0,CLOSED,CFTC_COT+FRED
2022-07-19,2022-07-19,94955.0,-112262.0,524786.0,4.93,HAWKISH,1.0,-306946.0,-112262.0,CLOSED,CFTC_COT+FRED
2022-07-26,2022-07-26,92690.0,-108422.0,487515.0,7.31,HAWKISH,1.0,-306946.0,-108422.0,CLOSED,CFTC_COT+FRED
2022-08-02,2022-08-02,124326.0,-135565.0,459649.0,24.6,HAWKISH,0.8633,-306946.0,-108422.0,CLOSED,CFTC_COT+FRED
2022-08-09,2022-08-09,142851.0,-154554.0,453540.0,17.36,HAWKISH,0.7676,-306946.0,-108422.0,CLOSED,CFTC_COT+FRED
2022-08-16,2022-08-16,141164.0,-153709.0,453960.0,18.24,HAWKISH,0.7719,-306946.0,-108422.0,CLOSED,CFTC_COT+FRED
2022-08-23,2022-08-23,125847.0,-138072.0,457762.0,17.08,HAWKISH,0.8506,-306946.0,-108422.0,CLOSED,CFTC_COT+FRED
2022-08-30,2022-08-30,117734.0,-129679.0,459165.0,12.79,HAWKISH,0.8929,-306946.0,-108422.0,CLOSED,CFTC_COT+FRED
2022-09-06,2022-09-06,103857.0,-114064.0,465908.0,11.92,HAWKISH,0.9716,-306946.0,-108422.0,CLOSED,CFTC_COT+FRED
2022-09-13,2022-09-13,97344.0,-110938.0,463674.0,7.59,HAWKISH,0.9873,-306946.0,-108422.0,CLOSED,CFTC_COT+FRED
2022-09-20,2022-09-20,65722.0,-75428.0,469395.0,5.12,HAWKISH,1.0,-306946.0,-75428.0,CLOSED,CFTC_COT+FRED
2022-09-27,2022-09-27,52081.0,-62138.0,457061.0,10.91,HAWKISH,1.0,-306946.0,-62138.0,CLOSED,CFTC_COT+FRED
2022-10-04,2022-10-04,88385.0,-96548.0,437065.0,15.45,HAWKISH,0.8594,-306946.0,-62138.0,CLOSED,CFTC_COT+FRED
2022-10-11,2022-10-11,94420.0,-103728.0,431395.0,10.91,HAWKISH,0.8301,-306946.0,-62138.0,CLOSED,CFTC_COT+FRED
2022-10-18,2022-10-18,76956.0,-90030.0,434701.0,8.63,HAWKISH,0.8861,-306946.0,-62138.0,CLOSED,CFTC_COT+FRED
2022-10-25,2022-10-25,68032.0,-80213.0,456072.0,8.79,HAWKISH,0.9262,-306946.0,-62138.0,CLOSED,CFTC_COT+FRED
2022-11-01,2022-11-01,64623.0,-74782.0,467276.0,7.04,HAWKISH,0.9484,-306946.0,-62138.0,CLOSED,CFTC_COT+FRED
2022-11-08,2022-11-08,82338.0,-91144.0,488471.0,20.75,HAWKISH,0.8815,-306946.0,-62138.0,CLOSED,CFTC_COT+FRED
2022-11-15,2022-11-15,126269.0,-134308.0,495171.0,32.3,HAWKISH,0.7052,-306946.0,-62138.0,CLOSED,CFTC_COT+FRED
2022-11-22,2022-11-22,116113.0,-130064.0,449542.0,28.09,HAWKISH,0.7225,-306946.0,-62138.0,CLOSED,CFTC_COT+FRED
2022-11-29,2022-11-29,110003.0,-119233.0,433661.0,27.69,HAWKISH,0.7668,-306946.0,-62138.0,CLOSED,CFTC_COT+FRED
2022-12-06,2022-12-06,115125.0,-130079.0,422100.0,33.63,HAWKISH,0.7225,-306946.0,-62138.0,CLOSED,CFTC_COT+FRED
2022-12-13,2022-12-13,125649.0,-138529.0,437040.0,39.17,NEUTRAL,0.688,-306946.0,-62138.0,CLOSED,CFTC_COT+FRED
2022-12-20,2022-12-20,128848.0,-142514.0,436653.0,62.25,DOVISH,0.6717,-306946.0,-62138.0,OPEN,CFTC_COT+FRED
2022-12-27,2022-12-27,136880.0,-153776.0,440040.0,58.9,DOVISH_TILT,0.6257,-306946.0,-62138.0,OPEN,CFTC_COT+FRED
2023-01-03,2023-01-03,141666.0,-159974.0,449393.0,54.98,DOVISH_TILT,0.6004,-306946.0,-62138.0,OPEN,CFTC_COT+FRED
2023-01-10,2023-01-10,150535.0,-172478.0,481519.0,62.71,DOVISH,0.5493,-306946.0,-62138.0,OPEN,CFTC_COT+FRED
2023-01-17,2023-01-17,153240.0,-175913.0,491818.0,65.48,DOVISH,0.5352,-306946.0,-62138.0,OPEN,CFTC_COT+FRED
2023-01-24,2023-01-24,157673.0,-180554.0,499927.0,68.14,DOVISH,0.5163,-306946.0,-62138.0,OPEN,CFTC_COT+FRED
2023-01-31,2023-01-31,160281.0,-180520.0,471642.0,64.11,DOVISH,0.5164,-306946.0,-62138.0,OPEN,CFTC_COT+FRED
2023-02-07,2023-02-07,128815.0,-152966.0,439755.0,63.65,DOVISH,0.629,-306946.0,-62138.0,OPEN,CFTC_COT+FRED
2023-02-14,2023-02-14,105529.0,-129072.0,426116.0,57.44,DOVISH_TILT,0.7266,-306946.0,-62138.0,OPEN,CFTC_COT+FRED
2023-02-21,2023-02-21,107101.0,-129355.0,422648.0,53.99,DOVISH_TILT,0.7254,-306946.0,-62138.0,OPEN,CFTC_COT+FRED
2023-02-28,2023-02-28,108593.0,-127487.0,426890.0,47.0,NEUTRAL,0.7331,-306946.0,-62138.0,CLOSED,CFTC_COT+FRED
2023-03-07,2023-03-07,98474.0,-118920.0,458474.0,37.75,NEUTRAL,0.7587,-297441.0,-62138.0,CLOSED,CFTC_COT+FRED
2023-03-14,2023-03-14,140331.0,-155440.0,459064.0,75.03,DOVISH,0.5871,-288093.0,-62138.0,OPEN,CFTC_COT+FRED
2023-03-21,2023-03-21,158605.0,-183568.0,469874.0,76.13,DOVISH,0.4626,-288093.0,-62138.0,CLOSED,CFTC_COT+FRED
2023-03-28,2023-03-28,181630.0,-201508.0,478611.0,87.65,DOVISH,0.3832,-288093.0,-62138.0,CLOSED,CFTC_COT+FRED
2023-04-04,2023-04-04,195216.0,-218250.0,476592.0,91.05,DOVISH,0.3091,-288093.0,-62138.0,CLOSED,CFTC_COT+FRED
2023-04-11,2023-04-11,192745.0,-216548.0,476567.0,87.44,DOVISH,0.2764,-275525.0,-62138.0,CLOSED,CFTC_COT+FRED
2023-04-18,2023-04-18,189893.0,-216425.0,482254.0,83.48,DOVISH,0.1756,-249294.0,-62138.0,CLOSED,CFTC_COT+FRED
2023-04-25,2023-04-25,185264.0,-211928.0,473209.0,90.72,DOVISH,0.1174,-231852.0,-62138.0,CLOSED,CFTC_COT+FRED
2023-05-02,2023-05-02,195567.0,-217584.0,493804.0,88.7,DOVISH,0.0614,-227756.0,-62138.0,CLOSED,CFTC_COT+FRED
2023-05-09,2023-05-09,195814.0,-222515.0,518951.0,92.27,DOVISH,0.0,-222515.0,-62138.0,CLOSED,CFTC_COT+FRED
2023-05-16,2023-05-16,179814.0,-211557.0,521832.0,91.53,DOVISH,0.0683,-222515.0,-62138.0,CLOSED,CFTC_COT+FRED
2023-05-23,2023-05-23,160732.0,-187023.0,479080.0,87.87,DOVISH,0.2213,-222515.0,-62138.0,CLOSED,CFTC_COT+FRED
2023-05-30,2023-05-30,169316.0,-190005.0,449515.0,82.92,DOVISH,0.2027,-222515.0,-62138.0,CLOSED,CFTC_COT+FRED
2023-06-06,2023-06-06,175641.0,-198187.0,436301.0,81.46,DOVISH,0.1517,-222515.0,-62138.0,CLOSED,CFTC_COT+FRED
2023-06-13,2023-06-13,160209.0,-186062.0,432898.0,76.13,DOVISH,0.2273,-222515.0,-62138.0,CLOSED,CFTC_COT+FRED
2023-06-20,2023-06-20,162975.0,-186537.0,438037.0,75.77,DOVISH,0.2243,-222515.0,-62138.0,CLOSED,CFTC_COT+FRED
2023-06-27,2023-06-27,151910.0,-175335.0,431861.0,73.5,DOVISH,0.2942,-222515.0,-62138.0,CLOSED,CFTC_COT+FRED
2023-07-03,2023-07-03,163097.0,-184717.0,448063.0,65.02,DOVISH,0.2357,-222515.0,-62138.0,CLOSED,CFTC_COT+FRED
2023-07-11,2023-07-11,165754.0,-187749.0,483170.0,67.7,DOVISH,0.2168,-222515.0,-62138.0,CLOSED,CFTC_COT+FRED
2023-07-18,2023-07-18,193348.0,-213715.0,482104.0,73.5,DOVISH,0.0549,-222515.0,-62138.0,CLOSED,CFTC_COT+FRED
2023-07-25,2023-07-25,173639.0,-198210.0,476176.0,69.0,DOVISH,0.1515,-222515.0,-62138.0,CLOSED,CFTC_COT+FRED
2023-08-01,2023-08-01,164924.0,-186845.0,439383.0,76.13,DOVISH,0.2224,-222515.0,-62138.0,CLOSED,CFTC_COT+FRED
2023-08-08,2023-08-08,142985.0,-167554.0,427759.0,82.05,DOVISH,0.3427,-222515.0,-62138.0,CLOSED,CFTC_COT+FRED
2023-08-15,2023-08-15,121136.0,-141930.0,433611.0,76.13,DOVISH,0.5025,-222515.0,-62138.0,OPEN,CFTC_COT+FRED
2023-08-22,2023-08-22,101946.0,-121036.0,430239.0,72.31,DOVISH,0.6328,-222515.0,-62138.0,OPEN,CFTC_COT+FRED
2023-08-29,2023-08-29,123272.0,-140594.0,442806.0,77.9,DOVISH,0.5108,-222515.0,-62138.0,OPEN,CFTC_COT+FRED
2023-09-05,2023-09-05,138006.0,-158239.0,438672.0,75.4,DOVISH,0.4008,-222515.0,-62138.0,CLOSED,CFTC_COT+FRED
2023-09-12,2023-09-12,123864.0,-144810.0,441221.0,73.89,DOVISH,0.4845,-222515.0,-62138.0,CLOSED,CFTC_COT+FRED
2023-09-19,2023-09-19,135163.0,-152932.0,438078.0,69.85,DOVISH,0.4339,-222515.0,-62138.0,CLOSED,CFTC_COT+FRED
2023-09-26,2023-09-26,115815.0,-134836.0,435620.0,71.5,DOVISH,0.5935,-222515.0,-74782.0,OPEN,CFTC_COT+FRED
2023-10-03,2023-10-03,91226.0,-111982.0,431226.0,66.82,DOVISH,0.7482,-222515.0,-74782.0,OPEN,CFTC_COT+FRED
2023-10-10,2023-10-10,71433.0,-90428.0,436499.0,74.65,DOVISH,0.8941,-222515.0,-74782.0,OPEN,CFTC_COT+FRED
2023-10-17,2023-10-17,112738.0,-127999.0,439581.0,65.02,DOVISH,0.6398,-222515.0,-74782.0,OPEN,CFTC_COT+FRED
2023-10-24,2023-10-24,149385.0,-165873.0,463476.0,72.31,DOVISH,0.3834,-222515.0,-74782.0,CLOSED,CFTC_COT+FRED
2023-10-31,2023-10-31,163425.0,-182707.0,475808.0,70.27,DOVISH,0.3014,-222515.0,-90428.0,CLOSED,CFTC_COT+FRED
2023-11-07,2023-11-07,166216.0,-186091.0,484347.0,76.49,DOVISH,0.2758,-222515.0,-90428.0,CLOSED,CFTC_COT+FRED
2023-11-14,2023-11-14,155376.0,-177019.0,486634.0,80.22,DOVISH,0.3444,-222515.0,-90428.0,CLOSED,CFTC_COT+FRED
2023-11-21,2023-11-21,171705.0,-190235.0,508429.0,78.24,DOVISH,0.2444,-222515.0,-90428.0,CLOSED,CFTC_COT+FRED
2023-11-28,2023-11-28,200084.0,-218592.0,505658.0,82.35,DOVISH,0.0297,-222515.0,-90428.0,CLOSED,CFTC_COT+FRED
2023-12-05,2023-12-05,203544.0,-226945.0,487469.0,86.53,DOVISH,0.0,-226945.0,-90428.0,CLOSED,CFTC_COT+FRED
2023-12-12,2023-12-12,188233.0,-212808.0,469939.0,82.35,DOVISH,0.1036,-226945.0,-90428.0,CLOSED,CFTC_COT+FRED
2023-12-19,2023-12-19,201339.0,-227058.0,481203.0,89.84,DOVISH,0.0,-227058.0,-90428.0,CLOSED,CFTC_COT+FRED
2023-12-26,2023-12-26,207718.0,-232345.0,491343.0,92.27,DOVISH,0.0,-232345.0,-90428.0,CLOSED,CFTC_COT+FRED
2024-01-02,2024-01-02,207649.0,-235478.0,500364.0,91.21,DOVISH,0.0,-235478.0,-90428.0,CLOSED,CFTC_COT+FRED
2024-01-09,2024-01-09,188614.0,-217701.0,489849.0,90.72,DOVISH,0.1226,-235478.0,-90428.0,CLOSED,CFTC_COT+FRED
2024-01-16,2024-01-16,179893.0,-207420.0,489334.0,92.82,DOVISH,0.1934,-235478.0,-90428.0,CLOSED,CFTC_COT+FRED
2024-01-23,2024-01-23,169474.0,-192093.0,465872.0,91.53,DOVISH,0.2991,-235478.0,-90428.0,CLOSED,CFTC_COT+FRED
2024-01-30,2024-01-30,147791.0,-170518.0,430328.0,90.72,DOVISH,0.4478,-235478.0,-90428.0,CLOSED,CFTC_COT+FRED
2024-02-06,2024-02-06,161738.0,-180241.0,419121.0,90.2,DOVISH,0.3808,-235478.0,-90428.0,CLOSED,CFTC_COT+FRED
2024-02-13,2024-02-13,131168.0,-152980.0,420812.0,84.81,DOVISH,0.5688,-235478.0,-90428.0,OPEN,CFTC_COT+FRED
2024-02-20,2024-02-20,140262.0,-159411.0,407063.0,86.06,DOVISH,0.5244,-235478.0,-90428.0,OPEN,CFTC_COT+FRED
2024-02-27,2024-02-27,141636.0,-158352.0,411195.0,83.2,DOVISH,0.5317,-235478.0,-90428.0,OPEN,CFTC_COT+FRED
2024-03-05,2024-03-05,191293.0,-206792.0,471616.0,87.21,DOVISH,0.1978,-235478.0,-90428.0,CLOSED,CFTC_COT+FRED
2024-03-12,2024-03-12,201602.0,-218273.0,516057.0,86.29,DOVISH,0.1186,-235478.0,-90428.0,CLOSED,CFTC_COT+FRED
2024-03-19,2024-03-19,201602.0,-217530.0,535047.0,83.75,DOVISH,0.1237,-235478.0,-90428.0,CLOSED,CFTC_COT+FRED
2024-03-26,2024-03-26,199294.0,-218340.0,503642.0,86.76,DOVISH,0.1182,-235478.0,-90428.0,CLOSED,CFTC_COT+FRED
2024-04-02,2024-04-02,207250.0,-225714.0,500045.0,83.2,DOVISH,0.0673,-235478.0,-90428.0,CLOSED,CFTC_COT+FRED
2024-04-09,2024-04-09,202419.0,-224582.0,505214.0,82.05,DOVISH,0.0751,-235478.0,-90428.0,CLOSED,CFTC_COT+FRED
2024-04-16,2024-04-16,201923.0,-222758.0,517193.0,74.27,DOVISH,0.0877,-235478.0,-90428.0,CLOSED,CFTC_COT+FRED
2024-04-23,2024-04-23,202891.0,-226872.0,516249.0,78.24,DOVISH,0.0593,-235478.0,-90428.0,CLOSED,CFTC_COT+FRED
2024-04-30,2024-04-30,204210.0,-227498.0,519791.0,71.5,DOVISH,0.055,-235478.0,-90428.0,CLOSED,CFTC_COT+FRED
2024-05-07,2024-05-07,199567.0,-227266.0,529835.0,79.58,DOVISH,0.0566,-235478.0,-90428.0,CLOSED,CFTC_COT+FRED
2024-05-14,2024-05-14,204496.0,-232110.0,522952.0,79.9,DOVISH,0.0232,-235478.0,-90428.0,CLOSED,CFTC_COT+FRED
2024-05-21,2024-05-21,229806.0,-258663.0,530591.0,79.58,DOVISH,0.0,-258663.0,-90428.0,CLOSED,CFTC_COT+FRED
2024-05-28,2024-05-28,236585.0,-260950.0,485430.0,75.4,DOVISH,0.0,-260950.0,-90428.0,CLOSED,CFTC_COT+FRED
2024-06-04,2024-06-04,237302.0,-265931.0,447488.0,81.15,DOVISH,0.0,-265931.0,-90428.0,CLOSED,CFTC_COT+FRED
2024-06-11,2024-06-11,233926.0,-260511.0,436857.0,79.9,DOVISH,0.0309,-265931.0,-90428.0,CLOSED,CFTC_COT+FRED
2024-06-18,2024-06-18,243084.0,-267730.0,444345.0,83.48,DOVISH,0.0,-267730.0,-90428.0,CLOSED,CFTC_COT+FRED
2024-06-25,2024-06-25,246229.0,-271488.0,452190.0,84.55,DOVISH,0.0,-271488.0,-90428.0,CLOSED,CFTC_COT+FRED
2024-07-02,2024-07-02,241543.0,-264799.0,454730.0,82.05,DOVISH,0.0369,-271488.0,-90428.0,CLOSED,CFTC_COT+FRED
2024-07-09,2024-07-09,254775.0,-280629.0,516324.0,85.32,DOVISH,0.0,-280629.0,-90428.0,CLOSED,CFTC_COT+FRED
2024-07-16,2024-07-16,285024.0,-309304.0,579862.0,89.47,DOVISH,0.0,-309304.0,-90428.0,CLOSED,CFTC_COT+FRED
2024-07-23,2024-07-23,273074.0,-300925.0,572306.0,90.02,DOVISH,0.0383,-309304.0,-90428.0,CLOSED,CFTC_COT+FRED
2024-07-30,2024-07-30,246601.0,-272857.0,510914.0,90.89,DOVISH,0.1665,-309304.0,-90428.0,CLOSED,CFTC_COT+FRED
2024-08-06,2024-08-06,238749.0,-269034.0,480645.0,95.35,DOVISH,0.184,-309304.0,-90428.0,CLOSED,CFTC_COT+FRED
2024-08-13,2024-08-13,267264.0,-292502.0,505872.0,95.85,DOVISH,0.0768,-309304.0,-90428.0,CLOSED,CFTC_COT+FRED
2024-08-20,2024-08-20,291253.0,-316506.0,532867.0,95.35,DOVISH,0.0,-316506.0,-90428.0,CLOSED,CFTC_COT+FRED
2024-08-27,2024-08-27,294445.0,-322319.0,521759.0,96.58,DOVISH,0.0,-322319.0,-90428.0,CLOSED,CFTC_COT+FRED
2024-09-03,2024-09-03,287558.0,-311887.0,511136.0,96.23,DOVISH,0.045,-322319.0,-90428.0,CLOSED,CFTC_COT+FRED
2024-09-10,2024-09-10,282501.0,-306899.0,511501.0,97.85,DOVISH,0.0665,-322319.0,-90428.0,CLOSED,CFTC_COT+FRED
2024-09-17,2024-09-17,310066.0,-335127.0,537627.0,97.85,DOVISH,0.0,-335127.0,-90428.0,CLOSED,CFTC_COT+FRED
2024-09-24,2024-09-24,315390.0,-339706.0,564640.0,95.35,DOVISH,0.0,-339706.0,-90428.0,CLOSED,CFTC_COT+FRED
2024-10-01,2024-10-01,299931.0,-327524.0,533107.0,94.16,DOVISH,0.0489,-339706.0,-90428.0,CLOSED,CFTC_COT+FRED
2024-10-08,2024-10-08,278180.0,-303976.0,520316.0,88.49,DOVISH,0.1688,-339706.0,-127999.0,CLOSED,CFTC_COT+FRED
2024-10-15,2024-10-15,286434.0,-312658.0,541232.0,89.09,DOVISH,0.1449,-339706.0,-152980.0,CLOSED,CFTC_COT+FRED
2024-10-22,2024-10-22,296204.0,-324701.0,573760.0,87.44,DOVISH,0.0804,-339706.0,-152980.0,CLOSED,CFTC_COT+FRED
2024-10-29,2024-10-29,278653.0,-303671.0,579468.0,85.57,DOVISH,0.193,-339706.0,-152980.0,CLOSED,CFTC_COT+FRED
2024-11-05,2024-11-05,255329.0,-283059.0,558034.0,83.48,DOVISH,0.3034,-339706.0,-152980.0,CLOSED,CFTC_COT+FRED
2024-11-12,2024-11-12,236451.0,-265582.0,535981.0,69.42,DOVISH,0.397,-339706.0,-152980.0,CLOSED,CFTC_COT+FRED
2024-11-19,2024-11-19,234367.0,-262322.0,502952.0,72.31,DOVISH,0.4144,-339706.0,-152980.0,CLOSED,CFTC_COT+FRED
2024-11-26,2024-11-26,250338.0,-272520.0,472660.0,74.65,DOVISH,0.3598,-339706.0,-152980.0,CLOSED,CFTC_COT+FRED
2024-12-03,2024-12-03,259736.0,-286275.0,462040.0,76.13,DOVISH,0.2861,-339706.0,-152980.0,CLOSED,CFTC_COT+FRED
2024-12-10,2024-12-10,275586.0,-296871.0,483346.0,76.85,DOVISH,0.2294,-339706.0,-152980.0,CLOSED,CFTC_COT+FRED
2024-12-17,2024-12-17,262041.0,-285233.0,466571.0,73.11,DOVISH,0.2917,-339706.0,-152980.0,CLOSED,CFTC_COT+FRED
2024-12-24,2024-12-24,247629.0,-273336.0,454646.0,60.35,DOVISH,0.3554,-339706.0,-152980.0,CLOSED,CFTC_COT+FRED
2024-12-31,2024-12-31,247279.0,-271296.0,458584.0,62.25,DOVISH,0.3664,-339706.0,-152980.0,CLOSED,CFTC_COT+FRED
2025-01-07,2025-01-07,254911.0,-278646.0,477043.0,59.87,DOVISH_TILT,0.327,-339706.0,-152980.0,CLOSED,CFTC_COT+FRED
2025-01-14,2025-01-14,279363.0,-302452.0,526467.0,56.46,DOVISH_TILT,0.1995,-339706.0,-152980.0,CLOSED,CFTC_COT+FRED
2025-01-21,2025-01-21,300784.0,-326608.0,571387.0,60.35,DOVISH,0.0701,-339706.0,-152980.0,CLOSED,CFTC_COT+FRED
2025-01-28,2025-01-28,299409.0,-323722.0,577505.0,65.02,DOVISH,0.0856,-339706.0,-152980.0,CLOSED,CFTC_COT+FRED
2025-02-04,2025-02-04,302508.0,-328175.0,542004.0,64.11,DOVISH,0.0618,-339706.0,-152980.0,CLOSED,CFTC_COT+FRED
2025-02-11,2025-02-11,284504.0,-309888.0,528719.0,60.35,DOVISH,0.1644,-339706.0,-158352.0,CLOSED,CFTC_COT+FRED
2025-02-18,2025-02-18,268674.0,-296071.0,522330.0,60.35,DOVISH,0.2406,-339706.0,-158352.0,CLOSED,CFTC_COT+FRED
2025-02-25,2025-02-25,261625.0,-288100.0,512179.0,70.27,DOVISH,0.3883,-339706.0,-206792.0,CLOSED,CFTC_COT+FRED
2025-03-04,2025-03-04,243261.0,-271115.0,489270.0,74.65,DOVISH,0.5614,-339706.0,-217530.0,OPEN,CFTC_COT+FRED
2025-03-11,2025-03-11,236100.0,-265188.0,511276.0,75.4,DOVISH,0.6099,-339706.0,-217530.0,OPEN,CFTC_COT+FRED
2025-03-18,2025-03-18,257932.0,-285168.0,533566.0,71.5,DOVISH,0.4494,-339706.0,-218340.0,CLOSED,CFTC_COT+FRED
2025-03-25,2025-03-25,249796.0,-278598.0,511482.0,74.65,DOVISH,0.5225,-339706.0,-222758.0,OPEN,CFTC_COT+FRED
2025-04-01,2025-04-01,238434.0,-265061.0,498746.0,77.9,DOVISH,0.6383,-339706.0,-222758.0,OPEN,CFTC_COT+FRED
2025-04-08,2025-04-08,200715.0,-232183.0,445468.0,82.92,DOVISH,0.9194,-339706.0,-222758.0,OPEN,CFTC_COT+FRED
2025-04-15,2025-04-15,202210.0,-231912.0,456628.0,78.92,DOVISH,0.9553,-339706.0,-226872.0,OPEN,CFTC_COT+FRED
2025-04-22,2025-04-22,175378.0,-202268.0,465351.0,81.46,DOVISH,1.0,-339706.0,-202268.0,OPEN,CFTC_COT+FRED
2025-04-29,2025-04-29,163318.0,-190761.0,451868.0,84.55,DOVISH,1.0,-339706.0,-190761.0,OPEN,CFTC_COT+FRED
2025-05-06,2025-05-06,162497.0,-192103.0,452414.0,80.85,DOVISH,0.991,-339706.0,-190761.0,OPEN,CFTC_COT+FRED
2025-05-13,2025-05-13,161209.0,-191207.0,440842.0,72.31,DOVISH,0.997,-339706.0,-190761.0,OPEN,CFTC_COT+FRED
2025-05-20,2025-05-20,163981.0,-197648.0,448000.0,74.27,DOVISH,0.9538,-339706.0,-190761.0,OPEN,CFTC_COT+FRED
2025-05-27,2025-05-27,174184.0,-207587.0,437538.0,76.13,DOVISH,0.887,-339706.0,-190761.0,OPEN,CFTC_COT+FRED
2025-06-03,2025-06-03,187905.0,-220826.0,415941.0,74.65,DOVISH,0.7981,-339706.0,-190761.0,OPEN,CFTC_COT+FRED
2025-06-10,2025-06-10,187481.0,-222718.0,417143.0,72.71,DOVISH,0.7854,-339706.0,-190761.0,OPEN,CFTC_COT+FRED
2025-06-17,2025-06-17,200648.0,-237727.0,441214.0,75.4,DOVISH,0.6847,-339706.0,-190761.0,OPEN,CFTC_COT+FRED
2025-06-24,2025-06-24,195004.0,-230560.0,434958.0,81.76,DOVISH,0.7328,-339706.0,-190761.0,OPEN,CFTC_COT+FRED
2025-07-01,2025-07-01,201980.0,-236069.0,437662.0,80.85,DOVISH,0.6958,-339706.0,-190761.0,OPEN,CFTC_COT+FRED
2025-07-08,2025-07-08,202968.0,-238354.0,443144.0,76.85,DOVISH,0.6805,-339706.0,-190761.0,OPEN,CFTC_COT+FRED
2025-07-15,2025-07-15,213115.0,-250688.0,448531.0,75.03,DOVISH,0.5977,-339706.0,-190761.0,OPEN,CFTC_COT+FRED
2025-07-22,2025-07-22,253038.0,-282337.0,489423.0,79.25,DOVISH,0.3852,-339706.0,-190761.0,CLOSED,CFTC_COT+FRED
2025-07-29,2025-07-29,223596.0,-259079.0,445259.0,78.24,DOVISH,0.5413,-339706.0,-190761.0,OPEN,CFTC_COT+FRED
2025-08-05,2025-08-05,237050.0,-270146.0,449647.0,82.64,DOVISH,0.467,-339706.0,-190761.0,CLOSED,CFTC_COT+FRED
2025-08-12,2025-08-12,229485.0,-263065.0,446152.0,82.64,DOVISH,0.5146,-339706.0,-190761.0,OPEN,CFTC_COT+FRED
2025-08-19,2025-08-19,212590.0,-249965.0,438541.0,81.76,DOVISH,0.6025,-339706.0,-190761.0,OPEN,CFTC_COT+FRED
2025-08-26,2025-08-26,214311.0,-250965.0,443760.0,85.57,DOVISH,0.5958,-339706.0,-190761.0,OPEN,CFTC_COT+FRED
2025-09-02,2025-09-02,249530.0,-273898.0,492908.0,84.29,DOVISH,0.4418,-339706.0,-190761.0,CLOSED,CFTC_COT+FRED
2025-09-09,2025-09-09,261740.0,-273375.0,509625.0,87.21,DOVISH,0.4453,-339706.0,-190761.0,CLOSED,CFTC_COT+FRED
2025-09-16,2025-09-16,266410.0,-302371.0,516221.0,87.87,DOVISH,0.2507,-339706.0,-190761.0,CLOSED,CFTC_COT+FRED
2025-09-23,2025-09-23,266749.0,-298403.0,528789.0,80.85,DOVISH,0.2167,-328175.0,-190761.0,CLOSED,CFTC_COT+FRED
2025-09-30,2025-09-30,252908.0,-288236.0,493748.0,78.58,DOVISH,0.2906,-328175.0,-190761.0,CLOSED,CFTC_COT+FRED
2025-10-07,2025-10-07,231956.0,-263772.0,485559.0,79.58,DOVISH,0.4687,-328175.0,-190761.0,CLOSED,CFTC_COT+FRED
2025-10-14,2025-10-14,203916.0,-236867.0,485788.0,82.35,DOVISH,0.6645,-328175.0,-190761.0,OPEN,CFTC_COT+FRED
2025-10-21,2025-10-21,176609.0,-210117.0,472421.0,83.2,DOVISH,0.8591,-328175.0,-190761.0,OPEN,CFTC_COT+FRED
2025-10-28,2025-10-28,204664.0,-237027.0,457122.0,82.64,DOVISH,0.6633,-328175.0,-190761.0,OPEN,CFTC_COT+FRED
2025-11-04,2025-11-04,202307.0,-236542.0,450399.0,69.85,DOVISH,0.6668,-328175.0,-190761.0,OPEN,CFTC_COT+FRED
2025-11-10,2025-11-10,207069.0,-244823.0,459997.0,69.85,DOVISH,0.6066,-328175.0,-190761.0,OPEN,CFTC_COT+FRED
2025-11-18,2025-11-18,210339.0,-245585.0,471953.0,69.85,DOVISH,0.601,-328175.0,-190761.0,OPEN,CFTC_COT+FRED
2025-11-25,2025-11-25,204588.0,-241403.0,432946.0,75.77,DOVISH,0.6315,-328175.0,-190761.0,OPEN,CFTC_COT+FRED
2025-12-02,2025-12-02,217560.0,-255348.0,418490.0,72.71,DOVISH,0.53,-328175.0,-190761.0,OPEN,CFTC_COT+FRED
2025-12-09,2025-12-09,223886.0,-262579.0,432569.0,68.57,DOVISH,0.4774,-328175.0,-190761.0,CLOSED,CFTC_COT+FRED
2025-12-16,2025-12-16,233978.0,-274358.0,471093.0,63.18,DOVISH,0.3916,-328175.0,-190761.0,CLOSED,CFTC_COT+FRED
2025-12-23,2025-12-23,240700.0,-283526.0,492103.0,63.18,DOVISH,0.3249,-328175.0,-190761.0,CLOSED,CFTC_COT+FRED
2025-12-30,2025-12-30,231173.0,-275246.0,481866.0,64.57,DOVISH,0.3852,-328175.0,-190761.0,CLOSED,CFTC_COT+FRED
2026-01-06,2026-01-06,227632.0,-272035.0,488116.0,63.65,DOVISH,0.4085,-328175.0,-190761.0,CLOSED,CFTC_COT+FRED
2026-01-13,2026-01-13,251238.0,-297106.0,527455.0,60.83,DOVISH,0.2261,-328175.0,-190761.0,CLOSED,CFTC_COT+FRED
2026-01-20,2026-01-20,244770.0,-289689.0,528004.0,57.44,DOVISH_TILT,0.2801,-328175.0,-190761.0,CLOSED,CFTC_COT+FRED
2026-01-27,2026-01-27,205396.0,-248285.0,488463.0,60.83,DOVISH,0.5814,-328175.0,-190761.0,OPEN,CFTC_COT+FRED
2026-02-03,2026-02-03,165604.0,-207778.0,409694.0,58.9,DOVISH_TILT,0.8572,-309888.0,-190761.0,OPEN,CFTC_COT+FRED
2026-02-10,2026-02-10,160012.0,-197738.0,404391.0,64.57,DOVISH,0.9375,-302371.0,-190761.0,OPEN,CFTC_COT+FRED
2026-02-17,2026-02-17,159915.0,-196782.0,407078.0,65.48,DOVISH,0.9461,-302371.0,-190761.0,OPEN,CFTC_COT+FRED
2026-02-24,2026-02-24,159177.0,-200806.0,420182.0,65.48,DOVISH,0.91,-302371.0,-190761.0,OPEN,CFTC_COT+FRED
2026-03-03,2026-03-03,160145.0,-200583.0,409789.0,61.77,DOVISH,0.912,-302371.0,-190761.0,OPEN,CFTC_COT+FRED
2026-03-10,2026-03-10,163132.0,-202976.0,413956.0,58.9,DOVISH_TILT,0.8906,-302371.0,-190761.0,OPEN,CFTC_COT+FRED
2026-03-17,2026-03-17,159869.0,-198648.0,411388.0,53.49,DOVISH_TILT,0.9293,-302371.0,-190761.0,OPEN,CFTC_COT+FRED
2026-03-24,2026-03-24,168327.0,-203828.0,403925.0,42.56,NEUTRAL,0.8829,-302371.0,-190761.0,CLOSED,CFTC_COT+FRED
2026-03-31,2026-03-31,163202.0,-201640.0,361409.0,48.0,NEUTRAL,0.9025,-302371.0,-190761.0,CLOSED,CFTC_COT+FRED
2026-04-07,2026-04-07,156305.0,-193751.0,354877.0,47.0,NEUTRAL,0.9732,-302371.0,-190761.0,CLOSED,CFTC_COT+FRED
2026-04-14,2026-04-14,162526.0,-201082.0,362274.0,49.5,NEUTRAL,0.9075,-302371.0,-190761.0,CLOSED,CFTC_COT+FRED
2026-04-21,2026-04-21,164006.0,-202940.0,365842.0,48.5,NEUTRAL,0.8909,-302371.0,-190761.0,CLOSED,CFTC_COT+FRED
2026-04-28,2026-04-28,159571.0,-194813.0,369530.0,45.51,NEUTRAL,0.9676,-302371.0,-191207.0,CLOSED,CFTC_COT+FRED
2026-05-05,2026-05-05,163303.0,-198935.0,367932.0,41.1,NEUTRAL,0.9305,-302371.0,-191207.0,CLOSED,CFTC_COT+FRED
2026-05-12,2026-05-12,171622.0,-210258.0,376496.0,37.75,NEUTRAL,0.848,-302371.0,-193751.0,CLOSED,CFTC_COT+FRED
2026-05-19,2026-05-19,159833.0,-191629.0,379325.0,31.86,HAWKISH,1.0,-302371.0,-191629.0,CLOSED,CFTC_COT+FRED
2026-05-26,2026-05-26,154260.0,-185766.0,353489.0,37.29,NEUTRAL,1.0,-302371.0,-185766.0,CLOSED,CFTC_COT+FRED
2026-06-02,2026-06-02,176020.0,-206345.0,326052.0,35.43,NEUTRAL,0.8235,-302371.0,-185766.0,CLOSED,CFTC_COT+FRED
2026-06-09,2026-06-09,173837.0,-201036.0,332709.0,31.86,HAWKISH,0.869,-302371.0,-185766.0,CLOSED,CFTC_COT+FRED
2026-06-16,2026-06-16,180220.0,-207563.0,339330.0,35.43,NEUTRAL,0.8131,-302371.0,-185766.0,CLOSED,CFTC_COT+FRED
2026-06-23,2026-06-23,181339.0,-205404.0,352167.0,30.58,HAWKISH,0.8316,-302371.0,-185766.0,CLOSED,CFTC_COT+FRED
2026-06-30,2026-06-30,194019.0,-221070.0,369541.0,31.43,HAWKISH,0.6972,-302371.0,-185766.0,CLOSED,CFTC_COT+FRED
2026-07-07,2026-07-07,194246.0,-222282.0,371776.0,29.32,HAWKISH,0.6868,-302371.0,-185766.0,CLOSED,CFTC_COT+FRED
2026-07-14,2026-07-14,186682.0,-214788.0,383689.0,29.73,HAWKISH,0.7511,-302371.0,-185766.0,CLOSED,CFTC_COT+FRED
2026-07-21,2026-07-21,183910.0,-213199.0,383368.0,26.5,HAWKISH,0.7647,-302371.0,-185766.0,CLOSED,CFTC_COT+FRED
2026-07-28,2026-07-28,182070.0,-212309.0,384603.0,26.5,HAWKISH,0.7724,-302371.0,-185766.0,CLOSED,CFTC_COT+FRED
2026-08-04,2026-08-04,197634.0,-226491.0,371551.0,28.91,HAWKISH,0.6507,-302371.0,-185766.0,CLOSED,CFTC_COT+FRED
2026-08-11,2026-08-11,217940.0,-252640.0,400309.0,28.09,HAWKISH,0.4265,-302371.0,-185766.0,CLOSED,CFTC_COT+FRED
2026-08-18,2026-08-18,222189.0,-258418.0,406260.0,29.32,HAWKISH,0.3769,-302371.0,-185766.0,CLOSED,CFTC_COT+FRED
2026-08-25,2026-08-25,243334.0,-279585.0,427957.0,30.15,HAWKISH,0.1954,-302371.0,-185766.0,CLOSED,CFTC_COT+FRED
2026-09-01,2026-09-01,228124.0,-264718.0,415196.0,21.76,HAWKISH,0.3229,-302371.0,-185766.0,CLOSED,CFTC_COT+FRED
2026-09-08,2026-09-08,231960.0,-270274.0,411227.0,21.76,HAWKISH,0.2753,-302371.0,-185766.0,CLOSED,CFTC_COT+FRED
2026-09-15,2026-09-15,230338.0,-261721.0,409899.0,13.71,HAWKISH,0.3257,-298403.0,-185766.0,CLOSED,CFTC_COT+FRED
2026-09-22,2026-09-22,225853.0,-262903.0,412800.0,19.47,HAWKISH,0.3072,-297106.0,-185766.0,CLOSED,CFTC_COT+FRED
