date,Three_Day_High,Three_Day_Low,Sweep_Floor,ATR_14,source
2000-09-20,272.29998779296875,271.3999938964844,269.8999938964844,0.8428562709263393,DERIVED_FROM_YFINANCE_GC=F
2000-09-21,271.8999938964844,269.0,267.5,1.0499986921037947,DERIVED_FROM_YFINANCE_GC=F
2000-09-22,271.8999938964844,269.0,267.5,0.8285696847098214,DERIVED_FROM_YFINANCE_GC=F
2000-09-25,271.79998779296875,269.0,267.5,0.8428562709263393,DERIVED_FROM_YFINANCE_GC=F
2000-09-26,274.1000061035156,270.29998779296875,268.79998779296875,0.9214281354631696,DERIVED_FROM_YFINANCE_GC=F
2000-09-27,274.1000061035156,271.79998779296875,270.29998779296875,0.8214307512555804,DERIVED_FROM_YFINANCE_GC=F
2000-09-28,278.3999938964844,273.8999938964844,272.3999938964844,1.128572736467634,DERIVED_FROM_YFINANCE_GC=F
2000-09-29,278.3999938964844,273.8999938964844,272.3999938964844,1.3142852783203125,DERIVED_FROM_YFINANCE_GC=F
2000-10-02,278.3999938964844,272.0,270.5,1.5571441650390625,DERIVED_FROM_YFINANCE_GC=F
2000-10-03,277.5,272.0,270.5,1.621429443359375,DERIVED_FROM_YFINANCE_GC=F
2000-10-04,274.6000061035156,271.5,270.0,1.7285723005022322,DERIVED_FROM_YFINANCE_GC=F
2000-10-05,273.5,270.1000061035156,268.6000061035156,1.8071441650390625,DERIVED_FROM_YFINANCE_GC=F
2000-10-06,272.79998779296875,270.0,268.5,1.8428584507533483,DERIVED_FROM_YFINANCE_GC=F
2000-10-09,271.0,269.29998779296875,267.79998779296875,1.871431623186384,DERIVED_FROM_YFINANCE_GC=F
2000-10-10,270.6000061035156,269.1000061035156,267.6000061035156,1.9071459089006697,DERIVED_FROM_YFINANCE_GC=F
2000-10-11,272.3999938964844,269.1000061035156,267.6000061035156,1.864288330078125,DERIVED_FROM_YFINANCE_GC=F
2000-10-12,273.5,269.1000061035156,267.6000061035156,1.9857177734375,DERIVED_FROM_YFINANCE_GC=F
2000-10-13,276.3999938964844,270.5,269.0,2.3000030517578125,DERIVED_FROM_YFINANCE_GC=F
2000-10-16,276.3999938964844,270.5,269.0,2.4214303152901784,DERIVED_FROM_YFINANCE_GC=F
2000-10-17,276.3999938964844,271.5,270.0,2.471429007393973,DERIVED_FROM_YFINANCE_GC=F
2000-10-18,274.20001220703125,271.1000061035156,269.6000061035156,2.1785714285714284,DERIVED_FROM_YFINANCE_GC=F
2000-10-19,271.5,270.29998779296875,268.79998779296875,2.000002179827009,DERIVED_FROM_YFINANCE_GC=F
2000-10-20,271.1000061035156,270.1000061035156,268.6000061035156,1.757143293108259,DERIVED_FROM_YFINANCE_GC=F
2000-10-23,271.20001220703125,270.1000061035156,268.6000061035156,1.757143293108259,DERIVED_FROM_YFINANCE_GC=F
2000-10-24,271.70001220703125,270.1000061035156,268.6000061035156,1.757143293108259,DERIVED_FROM_YFINANCE_GC=F
2000-10-25,271.70001220703125,269.79998779296875,268.29998779296875,1.6714303152901786,DERIVED_FROM_YFINANCE_GC=F
2000-10-26,271.70001220703125,266.0,264.5,1.9214303152901786,DERIVED_FROM_YFINANCE_GC=F
2000-10-27,270.1000061035156,264.8999938964844,263.3999938964844,1.9785723005022322,DERIVED_FROM_YFINANCE_GC=F
2000-10-30,267.1000061035156,264.3999938964844,262.8999938964844,1.985715593610491,DERIVED_FROM_YFINANCE_GC=F
2000-10-31,267.0,264.29998779296875,262.79998779296875,1.8285740443638392,DERIVED_FROM_YFINANCE_GC=F
2000-11-01,265.5,264.29998779296875,262.79998779296875,1.6642892020089286,DERIVED_FROM_YFINANCE_GC=F
2000-11-02,265.0,263.8999938964844,262.3999938964844,1.3142896379743303,DERIVED_FROM_YFINANCE_GC=F
2000-11-03,265.0,263.8999938964844,262.3999938964844,1.0642896379743303,DERIVED_FROM_YFINANCE_GC=F
2000-11-06,264.6000061035156,263.8999938964844,262.3999938964844,1.0142909458705358,DERIVED_FROM_YFINANCE_GC=F
2000-11-07,264.6000061035156,264.3999938964844,262.8999938964844,0.9928632463727679,DERIVED_FROM_YFINANCE_GC=F
2000-11-08,264.6000061035156,264.29998779296875,262.79998779296875,0.9500056675502232,DERIVED_FROM_YFINANCE_GC=F
2000-11-09,265.0,264.29998779296875,262.79998779296875,0.9857221330915179,DERIVED_FROM_YFINANCE_GC=F
2000-11-10,265.79998779296875,264.29998779296875,262.79998779296875,0.9642922537667411,DERIVED_FROM_YFINANCE_GC=F
2000-11-13,265.79998779296875,264.5,263.0,0.9428623744419643,DERIVED_FROM_YFINANCE_GC=F
2000-11-14,265.79998779296875,264.29998779296875,262.79998779296875,0.9357190813337054,DERIVED_FROM_YFINANCE_GC=F
2000-11-15,264.8999938964844,264.29998779296875,262.79998779296875,0.6857190813337054,DERIVED_FROM_YFINANCE_GC=F
2000-11-16,265.1000061035156,264.29998779296875,262.79998779296875,0.5500052315848214,DERIVED_FROM_YFINANCE_GC=F
2000-11-17,265.79998779296875,264.8999938964844,263.3999938964844,0.5214320591517857,DERIVED_FROM_YFINANCE_GC=F
2000-11-20,265.79998779296875,265.1000061035156,263.6000061035156,0.5571441650390625,DERIVED_FROM_YFINANCE_GC=F
2000-11-21,266.29998779296875,265.20001220703125,263.70001220703125,0.5499986921037946,DERIVED_FROM_YFINANCE_GC=F
2000-11-22,266.29998779296875,265.20001220703125,263.70001220703125,0.5214255196707589,DERIVED_FROM_YFINANCE_GC=F
2000-11-27,266.29998779296875,265.70001220703125,264.20001220703125,0.5285666329520089,DERIVED_FROM_YFINANCE_GC=F
2000-11-28,270.1000061035156,265.70001220703125,264.20001220703125,0.7857099260602679,DERIVED_FROM_YFINANCE_GC=F
2000-11-29,270.1000061035156,266.29998779296875,264.79998779296875,0.7999965122767857,DERIVED_FROM_YFINANCE_GC=F
2000-11-30,270.1000061035156,265.79998779296875,264.29998779296875,1.0928540910993303,DERIVED_FROM_YFINANCE_GC=F
2000-12-01,270.20001220703125,265.79998779296875,264.29998779296875,1.3285675048828125,DERIVED_FROM_YFINANCE_GC=F
2000-12-04,272.0,265.79998779296875,264.29998779296875,1.521425519670759,DERIVED_FROM_YFINANCE_GC=F
2000-12-05,272.0,266.20001220703125,264.70001220703125,1.6642826625279017,DERIVED_FROM_YFINANCE_GC=F
2000-12-06,272.0,268.5,267.0,1.7285679408482142,DERIVED_FROM_YFINANCE_GC=F
2000-12-07,274.29998779296875,269.8999938964844,268.3999938964844,1.9642813546316964,DERIVED_FROM_YFINANCE_GC=F
2000-12-08,276.0,269.8999938964844,268.3999938964844,2.1928514753069197,DERIVED_FROM_YFINANCE_GC=F
2000-12-11,276.0,270.6000061035156,269.1000061035156,2.2142813546316966,DERIVED_FROM_YFINANCE_GC=F
2000-12-12,276.0,269.20001220703125,267.70001220703125,2.385711669921875,DERIVED_FROM_YFINANCE_GC=F
2000-12-13,273.0,269.20001220703125,267.70001220703125,2.399998256138393,DERIVED_FROM_YFINANCE_GC=F
2000-12-14,270.70001220703125,268.1000061035156,266.6000061035156,2.514284406389509,DERIVED_FROM_YFINANCE_GC=F
2000-12-15,270.29998779296875,268.0,266.5,2.5428575788225447,DERIVED_FROM_YFINANCE_GC=F
2000-12-18,270.3999938964844,268.0,266.5,2.371427263532366,DERIVED_FROM_YFINANCE_GC=F
2000-12-19,270.3999938964844,268.0,266.5,2.399996076311384,DERIVED_FROM_YFINANCE_GC=F
2000-12-20,270.3999938964844,269.0,267.5,2.142852783203125,DERIVED_FROM_YFINANCE_GC=F
2000-12-21,272.5,269.0,267.5,2.0571376255580356,DERIVED_FROM_YFINANCE_GC=F
2000-12-22,273.70001220703125,269.0,267.5,1.892852783203125,DERIVED_FROM_YFINANCE_GC=F
2000-12-26,274.0,272.0,270.5,1.6785670689174108,DERIVED_FROM_YFINANCE_GC=F
2000-12-27,274.79998779296875,273.0,271.5,1.7142791748046875,DERIVED_FROM_YFINANCE_GC=F
2000-12-28,275.20001220703125,273.20001220703125,271.70001220703125,1.514280046735491,DERIVED_FROM_YFINANCE_GC=F
2000-12-29,275.20001220703125,271.70001220703125,270.20001220703125,1.52142333984375,DERIVED_FROM_YFINANCE_GC=F
2001-01-02,275.20001220703125,271.70001220703125,270.20001220703125,1.4714224679129464,DERIVED_FROM_YFINANCE_GC=F
2001-01-03,273.20001220703125,268.3999938964844,266.8999938964844,1.514280046735491,DERIVED_FROM_YFINANCE_GC=F
2001-01-04,272.0,268.0,266.5,1.4857090541294642,DERIVED_FROM_YFINANCE_GC=F
2001-01-05,268.3999938964844,267.29998779296875,265.79998779296875,1.378568376813616,DERIVED_FROM_YFINANCE_GC=F
2001-01-08,268.0,267.29998779296875,265.79998779296875,1.3571406773158483,DERIVED_FROM_YFINANCE_GC=F
2001-01-09,268.0,267.29998779296875,265.79998779296875,1.25714111328125,DERIVED_FROM_YFINANCE_GC=F
2001-01-10,268.0,267.5,266.0,1.242856706891741,DERIVED_FROM_YFINANCE_GC=F
2001-01-11,268.0,264.70001220703125,263.20001220703125,1.392854963030134,DERIVED_FROM_YFINANCE_GC=F
2001-01-12,267.5,264.0,262.5,1.242856706891741,DERIVED_FROM_YFINANCE_GC=F
2001-01-16,264.70001220703125,263.8999938964844,262.3999938964844,1.1642848423549108,DERIVED_FROM_YFINANCE_GC=F
2001-01-17,264.0,263.29998779296875,261.79998779296875,1.1857147216796875,DERIVED_FROM_YFINANCE_GC=F
2001-01-18,263.8999938964844,263.20001220703125,261.70001220703125,1.0785718645368303,DERIVED_FROM_YFINANCE_GC=F
2001-01-19,264.20001220703125,263.20001220703125,261.70001220703125,1.0714285714285714,DERIVED_FROM_YFINANCE_GC=F
2001-01-22,264.29998779296875,263.20001220703125,261.70001220703125,0.8285696847098214,DERIVED_FROM_YFINANCE_GC=F
2001-01-23,266.3999938964844,264.20001220703125,262.70001220703125,0.9571424211774554,DERIVED_FROM_YFINANCE_GC=F
2001-01-24,266.3999938964844,264.29998779296875,262.79998779296875,0.7214268275669643,DERIVED_FROM_YFINANCE_GC=F
2001-01-25,266.3999938964844,264.29998779296875,262.79998779296875,0.8214285714285714,DERIVED_FROM_YFINANCE_GC=F
2001-01-26,266.1000061035156,264.29998779296875,262.79998779296875,0.7857142857142857,DERIVED_FROM_YFINANCE_GC=F
2001-01-29,264.5,262.79998779296875,261.29998779296875,0.8571428571428571,DERIVED_FROM_YFINANCE_GC=F
2001-01-30,264.5,262.79998779296875,261.29998779296875,0.8571428571428571,DERIVED_FROM_YFINANCE_GC=F
2001-01-31,266.6000061035156,262.79998779296875,261.29998779296875,1.0928584507533483,DERIVED_FROM_YFINANCE_GC=F
2001-02-01,266.6000061035156,262.79998779296875,261.29998779296875,1.0571441650390625,DERIVED_FROM_YFINANCE_GC=F
2001-02-02,268.8999938964844,262.8999938964844,261.3999938964844,1.242856706891741,DERIVED_FROM_YFINANCE_GC=F
2001-02-05,268.8999938964844,263.70001220703125,262.20001220703125,1.378570556640625,DERIVED_FROM_YFINANCE_GC=F
2001-02-06,268.8999938964844,265.1000061035156,263.6000061035156,1.4785701206752233,DERIVED_FROM_YFINANCE_GC=F
2001-02-07,268.20001220703125,261.79998779296875,260.29998779296875,1.7142878941127233,DERIVED_FROM_YFINANCE_GC=F
2001-02-08,265.79998779296875,261.79998779296875,260.29998779296875,1.7214311872209822,DERIVED_FROM_YFINANCE_GC=F
2001-02-09,263.8999938964844,259.79998779296875,258.29998779296875,1.97857666015625,DERIVED_FROM_YFINANCE_GC=F
2001-02-12,263.5,259.0,257.5,1.9357190813337053,DERIVED_FROM_YFINANCE_GC=F
2001-02-13,263.5,259.0,257.5,2.100006103515625,DERIVED_FROM_YFINANCE_GC=F
2001-02-14,262.5,259.0,257.5,1.992861066545759,DERIVED_FROM_YFINANCE_GC=F
2001-02-15,262.5,259.3999938964844,257.8999938964844,2.0428597586495534,DERIVED_FROM_YFINANCE_GC=F
2001-02-16,261.0,255.1000061035156,253.6000061035156,2.235715593610493,DERIVED_FROM_YFINANCE_GC=F
2001-02-20,260.0,255.0,253.5,2.485715593610493,DERIVED_FROM_YFINANCE_GC=F
2001-02-21,259.5,255.0,253.5,2.4428580147879484,DERIVED_FROM_YFINANCE_GC=F
2001-02-22,258.5,255.0,253.5,2.4285736083984397,DERIVED_FROM_YFINANCE_GC=F
2001-02-23,258.5,255.0,253.5,2.2642887660435287,DERIVED_FROM_YFINANCE_GC=F
2001-02-26,260.8999938964844,256.6000061035156,255.10000610351562,2.2928597586495556,DERIVED_FROM_YFINANCE_GC=F
2001-02-27,265.79998779296875,257.5,256.0,2.500002179827011,DERIVED_FROM_YFINANCE_GC=F
2001-02-28,267.3999938964844,259.6000061035156,258.1000061035156,2.371429443359377,DERIVED_FROM_YFINANCE_GC=F
2001-03-01,267.3999938964844,261.5,260.0,2.335715157645091,DERIVED_FROM_YFINANCE_GC=F
2001-03-02,267.3999938964844,265.20001220703125,263.70001220703125,2.1857125418526806,DERIVED_FROM_YFINANCE_GC=F
2001-03-05,266.79998779296875,262.1000061035156,260.6000061035156,2.2999986921037965,DERIVED_FROM_YFINANCE_GC=F
2001-03-06,265.20001220703125,262.1000061035156,260.6000061035156,2.142854963030136,DERIVED_FROM_YFINANCE_GC=F
2001-03-07,262.5,259.8999938964844,258.3999938964844,2.3071419852120556,DERIVED_FROM_YFINANCE_GC=F
2001-03-08,262.5,259.0,257.5,2.414284842354913,DERIVED_FROM_YFINANCE_GC=F
2001-03-09,265.3999938964844,259.0,257.5,2.385713849748884,DERIVED_FROM_YFINANCE_GC=F
2001-03-12,270.79998779296875,259.0,257.5,2.521427699497768,DERIVED_FROM_YFINANCE_GC=F
2001-03-13,271.6000061035156,265.3999938964844,263.8999938964844,2.349999564034598,DERIVED_FROM_YFINANCE_GC=F
2001-03-14,271.6000061035156,266.79998779296875,265.29998779296875,2.5428575788225447,DERIVED_FROM_YFINANCE_GC=F
2001-03-15,271.6000061035156,262.5,261.0,2.778570992606027,DERIVED_FROM_YFINANCE_GC=F
2001-03-16,266.79998779296875,260.0,258.5,2.7857142857142856,DERIVED_FROM_YFINANCE_GC=F
2001-03-19,262.5,257.0,255.5,2.650000435965402,DERIVED_FROM_YFINANCE_GC=F
2001-03-20,260.0,257.0,255.5,2.657141549246652,DERIVED_FROM_YFINANCE_GC=F
2001-03-21,260.5,257.0,255.5,2.6642848423549106,DERIVED_FROM_YFINANCE_GC=F
2001-03-22,261.8999938964844,259.79998779296875,258.29998779296875,2.650000435965402,DERIVED_FROM_YFINANCE_GC=F
2001-03-23,261.8999938964844,260.5,259.0,2.485713413783482,DERIVED_FROM_YFINANCE_GC=F
2001-03-26,261.8999938964844,261.1000061035156,259.6000061035156,2.485713413783482,DERIVED_FROM_YFINANCE_GC=F
2001-03-27,261.8999938964844,261.1000061035156,259.6000061035156,2.3285696847098216,DERIVED_FROM_YFINANCE_GC=F
2001-03-28,261.8999938964844,261.0,259.5,2.2214268275669644,DERIVED_FROM_YFINANCE_GC=F
2001-03-29,261.8999938964844,259.70001220703125,258.20001220703125,2.028568812779018,DERIVED_FROM_YFINANCE_GC=F
2001-03-30,261.0,258.20001220703125,256.70001220703125,1.7999965122767858,DERIVED_FROM_YFINANCE_GC=F
2001-04-02,260.3999938964844,256.6000061035156,255.10000610351562,1.9357081821986608,DERIVED_FROM_YFINANCE_GC=F
2001-04-03,260.3999938964844,255.0,253.5,1.7999921526227678,DERIVED_FROM_YFINANCE_GC=F
2001-04-04,259.29998779296875,255.0,253.5,1.7142791748046875,DERIVED_FROM_YFINANCE_GC=F
2001-04-05,260.5,255.0,253.5,1.7999943324497767,DERIVED_FROM_YFINANCE_GC=F
2001-04-06,260.5,255.5,254.0,1.6857081821986608,DERIVED_FROM_YFINANCE_GC=F
2001-04-09,260.5,257.70001220703125,256.20001220703125,1.7357112339564733,DERIVED_FROM_YFINANCE_GC=F
2001-04-10,260.5,257.70001220703125,256.20001220703125,1.8642817905970983,DERIVED_FROM_YFINANCE_GC=F
2001-04-11,260.5,256.6000061035156,255.10000610351562,1.885709490094866,DERIVED_FROM_YFINANCE_GC=F
2001-04-12,260.5,256.5,255.0,2.0785675048828125,DERIVED_FROM_YFINANCE_GC=F
2001-04-16,261.0,256.5,255.0,2.2142813546316966,DERIVED_FROM_YFINANCE_GC=F
2001-04-17,263.79998779296875,256.5,255.0,2.4499947684151784,DERIVED_FROM_YFINANCE_GC=F
2001-04-18,263.79998779296875,259.0,257.5,2.5857086181640625,DERIVED_FROM_YFINANCE_GC=F
2001-04-19,263.79998779296875,259.5,258.0,2.6928514753069197,DERIVED_FROM_YFINANCE_GC=F
2001-04-20,265.29998779296875,259.5,258.0,2.8214242117745534,DERIVED_FROM_YFINANCE_GC=F
2001-04-23,265.29998779296875,259.5,258.0,2.757138933454241,DERIVED_FROM_YFINANCE_GC=F
2001-04-24,265.29998779296875,262.29998779296875,260.79998779296875,2.7071380615234375,DERIVED_FROM_YFINANCE_GC=F
2001-04-25,265.0,262.6000061035156,261.1000061035156,2.5785653250558034,DERIVED_FROM_YFINANCE_GC=F
2001-04-26,265.0,262.0,260.5,2.4857068743024553,DERIVED_FROM_YFINANCE_GC=F
2001-04-27,265.0,262.0,260.5,2.528564453125,DERIVED_FROM_YFINANCE_GC=F
2001-04-30,264.3999938964844,262.0,260.5,2.392848423549107,DERIVED_FROM_YFINANCE_GC=F
2001-05-01,264.3999938964844,263.5,262.0,2.2214202880859375,DERIVED_FROM_YFINANCE_GC=F
2001-05-02,264.3999938964844,263.8999938964844,262.3999938964844,2.128564017159598,DERIVED_FROM_YFINANCE_GC=F
2001-05-03,265.3999938964844,264.0,262.5,1.9499925885881697,DERIVED_FROM_YFINANCE_GC=F
2001-05-04,266.29998779296875,264.3999938964844,262.8999938964844,1.8499930245535714,DERIVED_FROM_YFINANCE_GC=F
2001-05-07,266.29998779296875,265.3999938964844,263.8999938964844,1.5999930245535714,DERIVED_FROM_YFINANCE_GC=F
2001-05-08,266.29998779296875,266.1000061035156,264.6000061035156,1.399993896484375,DERIVED_FROM_YFINANCE_GC=F
2001-05-09,266.1000061035156,265.1000061035156,263.6000061035156,1.27142333984375,DERIVED_FROM_YFINANCE_GC=F
2001-05-10,270.0,265.1000061035156,263.6000061035156,1.3357086181640625,DERIVED_FROM_YFINANCE_GC=F
2001-05-11,270.0,265.1000061035156,263.6000061035156,1.27142333984375,DERIVED_FROM_YFINANCE_GC=F
2001-05-14,270.0,267.8999938964844,266.3999938964844,1.1999969482421875,DERIVED_FROM_YFINANCE_GC=F
2001-05-15,269.1000061035156,267.8999938964844,266.3999938964844,1.135711669921875,DERIVED_FROM_YFINANCE_GC=F
2001-05-16,268.29998779296875,267.8999938964844,266.3999938964844,0.9785679408482143,DERIVED_FROM_YFINANCE_GC=F
2001-05-17,272.0,268.1000061035156,266.6000061035156,1.1142817905970983,DERIVED_FROM_YFINANCE_GC=F
2001-05-18,273.6000061035156,268.1000061035156,266.6000061035156,1.1928536551339286,DERIVED_FROM_YFINANCE_GC=F
2001-05-21,287.3999938964844,272.0,270.5,2.171423775809152,DERIVED_FROM_YFINANCE_GC=F
2001-05-22,287.3999938964844,273.6000061035156,272.1000061035156,2.285709926060268,DERIVED_FROM_YFINANCE_GC=F
2001-05-23,287.3999938964844,285.1000061035156,283.6000061035156,2.2357090541294644,DERIVED_FROM_YFINANCE_GC=F
2001-05-24,285.3999938964844,283.6000061035156,282.1000061035156,2.278566632952009,DERIVED_FROM_YFINANCE_GC=F
2001-05-25,285.1000061035156,279.1000061035156,277.6000061035156,2.5857107979910716,DERIVED_FROM_YFINANCE_GC=F
2001-05-29,283.6000061035156,277.8999938964844,276.3999938964844,2.6714259556361606,DERIVED_FROM_YFINANCE_GC=F
2001-05-30,279.1000061035156,273.79998779296875,272.29998779296875,2.892854963030134,DERIVED_FROM_YFINANCE_GC=F
2001-05-31,277.8999938964844,264.20001220703125,262.70001220703125,3.3142830984933034,DERIVED_FROM_YFINANCE_GC=F
2001-06-01,275.0,264.20001220703125,262.70001220703125,3.485713413783482,DERIVED_FROM_YFINANCE_GC=F
2001-06-04,275.0,264.20001220703125,262.70001220703125,3.5714263916015625,DERIVED_FROM_YFINANCE_GC=F
2001-06-05,268.1000061035156,264.5,263.0,3.7142835344587053,DERIVED_FROM_YFINANCE_GC=F
2001-06-06,266.8999938964844,264.5,263.0,3.7999986921037947,DERIVED_FROM_YFINANCE_GC=F
2001-06-07,267.0,264.5,263.0,3.649998256138393,DERIVED_FROM_YFINANCE_GC=F
2001-06-08,267.0,264.5,263.0,3.642854963030134,DERIVED_FROM_YFINANCE_GC=F
2001-06-11,274.20001220703125,265.0,263.5,3.242856706891741,DERIVED_FROM_YFINANCE_GC=F
2001-06-12,274.20001220703125,265.0,263.5,3.5928562709263394,DERIVED_FROM_YFINANCE_GC=F
2001-06-13,274.20001220703125,266.20001220703125,264.70001220703125,3.8285718645368303,DERIVED_FROM_YFINANCE_GC=F
2001-06-14,272.5,266.5,265.0,3.900000435965402,DERIVED_FROM_YFINANCE_GC=F
2001-06-15,276.0,269.0,267.5,3.864286150251116,DERIVED_FROM_YFINANCE_GC=F
2001-06-18,276.0,270.0,268.5,4.0714263916015625,DERIVED_FROM_YFINANCE_GC=F
2001-06-19,276.0,271.20001220703125,269.70001220703125,3.871425083705357,DERIVED_FROM_YFINANCE_GC=F
2001-06-20,274.70001220703125,271.20001220703125,269.70001220703125,3.1714259556361606,DERIVED_FROM_YFINANCE_GC=F
2001-06-21,273.3999938964844,271.0,269.5,3.1071384974888394,DERIVED_FROM_YFINANCE_GC=F
2001-06-22,273.3999938964844,271.0,269.5,2.992854527064732,DERIVED_FROM_YFINANCE_GC=F
2001-06-25,273.6000061035156,271.0,269.5,2.9357125418526784,DERIVED_FROM_YFINANCE_GC=F
2001-06-26,275.0,271.79998779296875,270.29998779296875,3.028570992606027,DERIVED_FROM_YFINANCE_GC=F
2001-06-27,277.0,272.0,270.5,3.135713849748884,DERIVED_FROM_YFINANCE_GC=F
2001-06-28,277.0,272.1000061035156,270.6000061035156,3.3214285714285716,DERIVED_FROM_YFINANCE_GC=F
2001-06-29,277.0,269.29998779296875,267.79998779296875,2.9357147216796875,DERIVED_FROM_YFINANCE_GC=F
2001-07-02,275.70001220703125,269.29998779296875,267.79998779296875,2.5357164655412947,DERIVED_FROM_YFINANCE_GC=F
2001-07-03,270.6000061035156,269.29998779296875,267.79998779296875,2.364288330078125,DERIVED_FROM_YFINANCE_GC=F
2001-07-05,270.6000061035156,267.6000061035156,266.1000061035156,2.3142874581473216,DERIVED_FROM_YFINANCE_GC=F
2001-07-06,269.3999938964844,263.70001220703125,262.20001220703125,2.3071441650390625,DERIVED_FROM_YFINANCE_GC=F
2001-07-09,267.6000061035156,263.70001220703125,262.20001220703125,2.0714307512555803,DERIVED_FROM_YFINANCE_GC=F
2001-07-10,266.5,263.70001220703125,262.20001220703125,2.0214320591517856,DERIVED_FROM_YFINANCE_GC=F
2001-07-11,266.5,265.8999938964844,264.3999938964844,1.9714311872209822,DERIVED_FROM_YFINANCE_GC=F
2001-07-12,268.29998779296875,266.20001220703125,264.70001220703125,1.9500013078962053,DERIVED_FROM_YFINANCE_GC=F
2001-07-13,268.29998779296875,266.20001220703125,264.70001220703125,2.014284406389509,DERIVED_FROM_YFINANCE_GC=F
2001-07-16,268.29998779296875,266.6000061035156,265.1000061035156,1.9357125418526786,DERIVED_FROM_YFINANCE_GC=F
2001-07-17,267.1000061035156,266.6000061035156,265.1000061035156,1.75714111328125,DERIVED_FROM_YFINANCE_GC=F
2001-07-18,268.1000061035156,266.8999938964844,265.3999938964844,1.6071428571428572,DERIVED_FROM_YFINANCE_GC=F
2001-07-19,270.3999938964844,266.8999938964844,265.3999938964844,1.4785701206752233,DERIVED_FROM_YFINANCE_GC=F
2001-07-20,270.3999938964844,268.1000061035156,266.6000061035156,1.3499973842075892,DERIVED_FROM_YFINANCE_GC=F
2001-07-23,270.3999938964844,269.3999938964844,267.8999938964844,1.2928532191685267,DERIVED_FROM_YFINANCE_GC=F
2001-07-24,269.8999938964844,268.79998779296875,267.29998779296875,1.2857099260602678,DERIVED_FROM_YFINANCE_GC=F
2001-07-25,269.8999938964844,268.79998779296875,267.29998779296875,1.2214268275669642,DERIVED_FROM_YFINANCE_GC=F
2001-07-26,269.70001220703125,267.70001220703125,266.20001220703125,1.0857129778180803,DERIVED_FROM_YFINANCE_GC=F
2001-07-27,269.70001220703125,266.20001220703125,264.70001220703125,1.135713849748884,DERIVED_FROM_YFINANCE_GC=F
2001-07-30,267.70001220703125,266.20001220703125,264.70001220703125,1.1785692487444197,DERIVED_FROM_YFINANCE_GC=F
2001-07-31,267.5,264.1000061035156,262.6000061035156,1.3999982561383928,DERIVED_FROM_YFINANCE_GC=F
2001-08-01,267.5,264.1000061035156,262.6000061035156,1.4000004359654017,DERIVED_FROM_YFINANCE_GC=F
2001-08-02,268.1000061035156,264.1000061035156,262.6000061035156,1.4428601946149553,DERIVED_FROM_YFINANCE_GC=F
2001-08-03,268.1000061035156,264.3999938964844,262.8999938964844,1.5428597586495536,DERIVED_FROM_YFINANCE_GC=F
2001-08-06,268.5,265.79998779296875,264.29998779296875,1.6714303152901786,DERIVED_FROM_YFINANCE_GC=F
2001-08-07,268.5,266.1000061035156,264.6000061035156,1.6500004359654017,DERIVED_FROM_YFINANCE_GC=F
2001-08-08,268.5,265.8999938964844,264.3999938964844,1.5785740443638392,DERIVED_FROM_YFINANCE_GC=F
2001-08-09,268.0,265.8999938964844,264.3999938964844,1.6571459089006697,DERIVED_FROM_YFINANCE_GC=F
2001-08-10,274.0,265.8999938964844,264.3999938964844,2.0571463448660716,DERIVED_FROM_YFINANCE_GC=F
2001-08-13,275.79998779296875,265.8999938964844,264.3999938964844,2.1785736083984375,DERIVED_FROM_YFINANCE_GC=F
2001-08-14,275.79998779296875,268.0,266.5,2.24285888671875,DERIVED_FROM_YFINANCE_GC=F
2001-08-15,276.29998779296875,273.0,271.5,2.3214285714285716,DERIVED_FROM_YFINANCE_GC=F
2001-08-16,276.29998779296875,273.20001220703125,271.70001220703125,2.3071419852120534,DERIVED_FROM_YFINANCE_GC=F
2001-08-17,276.29998779296875,273.20001220703125,271.70001220703125,2.271429879324777,DERIVED_FROM_YFINANCE_GC=F
2001-08-20,279.29998779296875,275.0,273.5,2.3214285714285716,DERIVED_FROM_YFINANCE_GC=F
2001-08-21,279.29998779296875,275.0,273.5,2.399998256138393,DERIVED_FROM_YFINANCE_GC=F
2001-08-22,279.29998779296875,275.0,273.5,2.3142830984933034,DERIVED_FROM_YFINANCE_GC=F
2001-08-23,277.20001220703125,274.8999938964844,273.3999938964844,2.1857125418526784,DERIVED_FROM_YFINANCE_GC=F
2001-08-24,275.29998779296875,274.8999938964844,273.3999938964844,2.0714263916015625,DERIVED_FROM_YFINANCE_GC=F
2001-08-27,275.29998779296875,272.5,271.0,2.2071402413504466,DERIVED_FROM_YFINANCE_GC=F
2001-08-28,275.29998779296875,272.3999938964844,270.8999938964844,2.128568376813616,DERIVED_FROM_YFINANCE_GC=F
2001-08-29,272.6000061035156,272.29998779296875,270.79998779296875,1.999997820172991,DERIVED_FROM_YFINANCE_GC=F
2001-08-30,274.20001220703125,272.29998779296875,270.79998779296875,1.6999991280691964,DERIVED_FROM_YFINANCE_GC=F
2001-08-31,275.3999938964844,272.29998779296875,270.79998779296875,1.621427263532366,DERIVED_FROM_YFINANCE_GC=F
2001-09-04,275.3999938964844,273.70001220703125,272.20001220703125,1.5642830984933036,DERIVED_FROM_YFINANCE_GC=F
2001-09-05,275.3999938964844,271.6000061035156,270.1000061035156,1.5428553989955358,DERIVED_FROM_YFINANCE_GC=F
2001-09-06,274.3999938964844,271.6000061035156,270.1000061035156,1.4785701206752233,DERIVED_FROM_YFINANCE_GC=F
2001-09-07,273.0,271.6000061035156,270.1000061035156,1.499997820172991,DERIVED_FROM_YFINANCE_GC=F
2001-09-10,273.1000061035156,272.0,270.5,1.2142857142857142,DERIVED_FROM_YFINANCE_GC=F
2001-09-14,273.1000061035156,271.6000061035156,270.1000061035156,1.0928584507533483,DERIVED_FROM_YFINANCE_GC=F
2001-09-17,290.20001220703125,271.6000061035156,270.1000061035156,2.342858450753348,DERIVED_FROM_YFINANCE_GC=F
2001-09-18,290.20001220703125,271.6000061035156,270.1000061035156,2.364288330078125,DERIVED_FROM_YFINANCE_GC=F
2001-09-19,290.20001220703125,288.1000061035156,286.6000061035156,2.4571446010044644,DERIVED_FROM_YFINANCE_GC=F
2001-09-20,291.5,288.1000061035156,286.6000061035156,2.500002179827009,DERIVED_FROM_YFINANCE_GC=F
2001-09-21,291.5,288.1000061035156,286.6000061035156,2.6642870221819197,DERIVED_FROM_YFINANCE_GC=F
2001-09-24,291.8999938964844,289.0,287.5,2.849999564034598,DERIVED_FROM_YFINANCE_GC=F
2001-09-25,291.8999938964844,289.0,287.5,2.871425083705357,DERIVED_FROM_YFINANCE_GC=F
2001-09-26,291.8999938964844,289.70001220703125,288.20001220703125,2.8071398053850447,DERIVED_FROM_YFINANCE_GC=F
2001-09-27,293.29998779296875,289.70001220703125,288.20001220703125,2.9357103620256697,DERIVED_FROM_YFINANCE_GC=F
2001-09-28,293.5,289.0,287.5,3.0571398053850447,DERIVED_FROM_YFINANCE_GC=F
2001-10-01,294.0,289.0,287.5,3.2642822265625,DERIVED_FROM_YFINANCE_GC=F
2001-10-02,294.0,289.0,287.5,3.364281790597098,DERIVED_FROM_YFINANCE_GC=F
2001-10-03,294.0,289.8999938964844,288.3999938964844,3.521425519670759,DERIVED_FROM_YFINANCE_GC=F
2001-10-04,292.8999938964844,289.8999938964844,288.3999938964844,3.50714111328125,DERIVED_FROM_YFINANCE_GC=F
2001-10-05,292.1000061035156,289.8999938964844,288.3999938964844,2.3214263916015625,DERIVED_FROM_YFINANCE_GC=F
2001-10-08,292.5,290.0,288.5,2.4357103620256697,DERIVED_FROM_YFINANCE_GC=F
2001-10-09,292.5,290.0,288.5,2.392854963030134,DERIVED_FROM_YFINANCE_GC=F
2001-10-10,292.70001220703125,288.8999938964844,287.3999938964844,2.4214281354631697,DERIVED_FROM_YFINANCE_GC=F
2001-10-11,292.70001220703125,284.0,282.5,2.5928562709263394,DERIVED_FROM_YFINANCE_GC=F
2001-10-12,292.70001220703125,280.5,279.0,2.757143293108259,DERIVED_FROM_YFINANCE_GC=F
2001-10-15,287.5,280.5,279.0,2.8214307512555803,DERIVED_FROM_YFINANCE_GC=F
2001-10-16,284.8999938964844,280.5,279.0,2.964287894112723,DERIVED_FROM_YFINANCE_GC=F
2001-10-17,284.8999938964844,281.70001220703125,280.20001220703125,2.842858450753348,DERIVED_FROM_YFINANCE_GC=F
2001-10-18,283.3999938964844,281.70001220703125,280.20001220703125,2.607142857142857,DERIVED_FROM_YFINANCE_GC=F
2001-10-19,283.3999938964844,279.20001220703125,277.70001220703125,2.6714281354631697,DERIVED_FROM_YFINANCE_GC=F
2001-10-22,283.3999938964844,279.0,277.5,2.5785718645368303,DERIVED_FROM_YFINANCE_GC=F
2001-10-23,282.5,275.5,274.0,2.742856706891741,DERIVED_FROM_YFINANCE_GC=F
2001-10-24,280.1000061035156,275.5,274.0,2.75714111328125,DERIVED_FROM_YFINANCE_GC=F
2001-10-25,277.0,275.5,274.0,2.628570556640625,DERIVED_FROM_YFINANCE_GC=F
2001-10-26,277.79998779296875,275.8999938964844,274.3999938964844,2.621427263532366,DERIVED_FROM_YFINANCE_GC=F
2001-10-29,277.8999938964844,275.8999938964844,274.3999938964844,2.5499986921037947,DERIVED_FROM_YFINANCE_GC=F
2001-10-30,279.1000061035156,277.79998779296875,276.29998779296875,2.364283970424107,DERIVED_FROM_YFINANCE_GC=F
2001-10-31,281.20001220703125,277.8999938964844,276.3999938964844,2.1642848423549106,DERIVED_FROM_YFINANCE_GC=F
2001-11-01,281.20001220703125,278.5,277.0,1.871427263532366,DERIVED_FROM_YFINANCE_GC=F
2001-11-02,281.20001220703125,279.5,278.0,1.6642848423549108,DERIVED_FROM_YFINANCE_GC=F
2001-11-05,280.5,279.5,278.0,1.4714268275669642,DERIVED_FROM_YFINANCE_GC=F
2001-11-06,279.79998779296875,278.5,277.0,1.4857134137834822,DERIVED_FROM_YFINANCE_GC=F
2001-11-07,279.79998779296875,278.5,277.0,1.485715593610491,DERIVED_FROM_YFINANCE_GC=F
2001-11-08,281.0,278.5,277.0,1.2785731724330358,DERIVED_FROM_YFINANCE_GC=F
2001-11-09,281.0,276.79998779296875,275.29998779296875,1.500002179827009,DERIVED_FROM_YFINANCE_GC=F
2001-11-12,281.0,276.79998779296875,275.29998779296875,1.2142878941127233,DERIVED_FROM_YFINANCE_GC=F
2001-11-13,278.29998779296875,276.79998779296875,275.29998779296875,1.1714303152901786,DERIVED_FROM_YFINANCE_GC=F
2001-11-14,278.29998779296875,277.20001220703125,275.70001220703125,1.1928580147879464,DERIVED_FROM_YFINANCE_GC=F
2001-11-15,278.29998779296875,277.79998779296875,276.29998779296875,1.0571441650390625,DERIVED_FROM_YFINANCE_GC=F
2001-11-16,277.79998779296875,275.1000061035156,273.6000061035156,1.242856706891741,DERIVED_FROM_YFINANCE_GC=F
2001-11-19,277.79998779296875,274.70001220703125,273.20001220703125,1.1857125418526786,DERIVED_FROM_YFINANCE_GC=F
2001-11-20,275.1000061035156,272.70001220703125,271.20001220703125,1.1785692487444197,DERIVED_FROM_YFINANCE_GC=F
2001-11-21,274.70001220703125,272.70001220703125,271.20001220703125,1.1214250837053572,DERIVED_FROM_YFINANCE_GC=F
2001-11-26,273.0,272.70001220703125,271.20001220703125,1.1142817905970983,DERIVED_FROM_YFINANCE_GC=F
2001-11-27,273.0,272.29998779296875,270.79998779296875,1.1499982561383928,DERIVED_FROM_YFINANCE_GC=F
2001-11-28,273.20001220703125,272.29998779296875,270.79998779296875,1.121429443359375,DERIVED_FROM_YFINANCE_GC=F
2001-11-29,274.1000061035156,272.29998779296875,270.79998779296875,1.0999995640345983,DERIVED_FROM_YFINANCE_GC=F
2001-11-30,275.3999938964844,273.0,271.5,1.1785714285714286,DERIVED_FROM_YFINANCE_GC=F
2001-12-03,275.5,272.6000061035156,271.1000061035156,1.0857129778180803,DERIVED_FROM_YFINANCE_GC=F
2001-12-04,277.5,272.6000061035156,271.1000061035156,1.3285696847098214,DERIVED_FROM_YFINANCE_GC=F
2001-12-05,277.5,272.6000061035156,271.1000061035156,1.4214281354631697,DERIVED_FROM_YFINANCE_GC=F
2001-12-06,277.5,273.0,271.5,1.5714285714285714,DERIVED_FROM_YFINANCE_GC=F
2001-12-07,277.20001220703125,273.0,271.5,1.6571415492466517,DERIVED_FROM_YFINANCE_GC=F
2001-12-10,275.6000061035156,273.0,271.5,1.5428575788225447,DERIVED_FROM_YFINANCE_GC=F
2001-12-11,274.3999938964844,271.20001220703125,269.70001220703125,1.7071424211774553,DERIVED_FROM_YFINANCE_GC=F
2001-12-12,274.3999938964844,271.20001220703125,269.70001220703125,1.635713849748884,DERIVED_FROM_YFINANCE_GC=F
2001-12-13,273.79998779296875,271.20001220703125,269.70001220703125,1.7285701206752233,DERIVED_FROM_YFINANCE_GC=F
2001-12-14,274.3999938964844,271.5,270.0,1.7857121058872767,DERIVED_FROM_YFINANCE_GC=F
2001-12-17,278.5,272.5,271.0,2.0714263916015625,DERIVED_FROM_YFINANCE_GC=F
2001-12-18,278.5,273.5,272.0,2.0928540910993303,DERIVED_FROM_YFINANCE_GC=F
2001-12-19,281.29998779296875,275.0,273.5,2.285709926060268,DERIVED_FROM_YFINANCE_GC=F
2001-12-20,281.29998779296875,275.5,274.0,2.4642813546316966,DERIVED_FROM_YFINANCE_GC=F
2001-12-21,281.29998779296875,275.5,274.0,2.3285675048828125,DERIVED_FROM_YFINANCE_GC=F
2001-12-26,280.0,275.5,274.0,2.2285679408482144,DERIVED_FROM_YFINANCE_GC=F
2001-12-27,280.8999938964844,276.0,274.5,2.278566632952009,DERIVED_FROM_YFINANCE_GC=F
2001-12-28,280.8999938964844,276.0,274.5,2.27142333984375,DERIVED_FROM_YFINANCE_GC=F
2001-12-31,280.8999938964844,276.5,275.0,2.249995640345982,DERIVED_FROM_YFINANCE_GC=F
2002-01-02,278.70001220703125,276.5,275.0,2.3285675048828125,DERIVED_FROM_YFINANCE_GC=F
2002-01-03,278.8999938964844,276.5,275.0,2.149996076311384,DERIVED_FROM_YFINANCE_GC=F
2002-01-04,278.8999938964844,276.79998779296875,275.29998779296875,2.128566196986607,DERIVED_FROM_YFINANCE_GC=F
2002-01-07,278.8999938964844,278.20001220703125,276.70001220703125,2.0642809186662947,DERIVED_FROM_YFINANCE_GC=F
2002-01-08,279.0,278.20001220703125,276.70001220703125,2.028566632952009,DERIVED_FROM_YFINANCE_GC=F
2002-01-09,279.0,278.6000061035156,277.1000061035156,1.7214224679129464,DERIVED_FROM_YFINANCE_GC=F
2002-01-10,283.3999938964844,278.6000061035156,277.1000061035156,1.9571358816964286,DERIVED_FROM_YFINANCE_GC=F
2002-01-11,287.1000061035156,278.8999938964844,277.3999938964844,1.9642813546316964,DERIVED_FROM_YFINANCE_GC=F
2002-01-14,287.3999938964844,283.3999938964844,281.8999938964844,1.635709490094866,DERIVED_FROM_YFINANCE_GC=F
2002-01-15,287.3999938964844,285.3999938964844,283.8999938964844,1.7071380615234375,DERIVED_FROM_YFINANCE_GC=F
2002-01-16,287.3999938964844,284.3999938964844,282.8999938964844,1.5928519112723214,DERIVED_FROM_YFINANCE_GC=F
2002-01-17,287.29998779296875,284.3999938964844,282.8999938964844,1.5928519112723214,DERIVED_FROM_YFINANCE_GC=F
2002-01-18,287.29998779296875,284.3999938964844,282.8999938964844,1.6214229038783483,DERIVED_FROM_YFINANCE_GC=F
2002-01-22,287.29998779296875,283.1000061035156,281.6000061035156,1.649993896484375,DERIVED_FROM_YFINANCE_GC=F
2002-01-23,284.3999938964844,281.5,280.0,1.6071363176618303,DERIVED_FROM_YFINANCE_GC=F
2002-01-24,283.1000061035156,278.6000061035156,277.1000061035156,1.7999943324497767,DERIVED_FROM_YFINANCE_GC=F
2002-01-25,281.5,278.1000061035156,276.6000061035156,1.7857099260602678,DERIVED_FROM_YFINANCE_GC=F
2002-01-28,278.79998779296875,278.1000061035156,276.6000061035156,1.7857099260602678,DERIVED_FROM_YFINANCE_GC=F
2002-01-29,278.79998779296875,278.1000061035156,276.6000061035156,1.7928532191685267,DERIVED_FROM_YFINANCE_GC=F
2002-01-30,281.3999938964844,278.29998779296875,276.79998779296875,1.9928545270647322,DERIVED_FROM_YFINANCE_GC=F
2002-01-31,283.20001220703125,278.29998779296875,276.79998779296875,1.8642839704241072,DERIVED_FROM_YFINANCE_GC=F
2002-02-01,283.20001220703125,280.5,279.0,1.7428545270647322,DERIVED_FROM_YFINANCE_GC=F
2002-02-04,287.5,280.5,279.0,2.107140677315848,DERIVED_FROM_YFINANCE_GC=F
2002-02-05,290.0,280.79998779296875,279.29998779296875,2.2928553989955356,DERIVED_FROM_YFINANCE_GC=F
2002-02-06,298.20001220703125,282.20001220703125,280.70001220703125,2.857142857142857,DERIVED_FROM_YFINANCE_GC=F
2002-02-07,308.0,285.3999938964844,283.8999938964844,3.492856706891741,DERIVED_FROM_YFINANCE_GC=F
2002-02-08,308.0,290.0,288.5,3.6642848423549106,DERIVED_FROM_YFINANCE_GC=F
2002-02-11,308.0,296.20001220703125,294.70001220703125,4.121427263532366,DERIVED_FROM_YFINANCE_GC=F
2002-02-12,307.3999938964844,296.20001220703125,294.70001220703125,4.435712541852679,DERIVED_FROM_YFINANCE_GC=F
2002-02-13,307.3999938964844,297.0,295.5,4.492856706891741,DERIVED_FROM_YFINANCE_GC=F
2002-02-14,303.5,296.70001220703125,295.20001220703125,4.742856706891741,DERIVED_FROM_YFINANCE_GC=F
2002-02-15,300.70001220703125,296.70001220703125,295.20001220703125,4.771429879324777,DERIVED_FROM_YFINANCE_GC=F
2002-02-19,301.6000061035156,296.70001220703125,295.20001220703125,4.964287894112723,DERIVED_FROM_YFINANCE_GC=F
2002-02-20,301.6000061035156,293.20001220703125,291.70001220703125,5.114286150251116,DERIVED_FROM_YFINANCE_GC=F
2002-02-21,301.6000061035156,290.79998779296875,289.29998779296875,5.164287022181919,DERIVED_FROM_YFINANCE_GC=F
2002-02-22,297.29998779296875,290.79998779296875,289.29998779296875,5.135716029575893,DERIVED_FROM_YFINANCE_GC=F
2002-02-25,294.20001220703125,290.79998779296875,289.29998779296875,4.8000030517578125,DERIVED_FROM_YFINANCE_GC=F
2002-02-26,293.3999938964844,291.5,290.0,4.592860630580357,DERIVED_FROM_YFINANCE_GC=F
2002-02-27,298.0,291.5,290.0,4.335715157645089,DERIVED_FROM_YFINANCE_GC=F
2002-02-28,298.0,291.5,290.0,3.6857169015066966,DERIVED_FROM_YFINANCE_GC=F
2002-03-01,298.0,293.20001220703125,291.70001220703125,3.357147216796875,DERIVED_FROM_YFINANCE_GC=F
2002-03-04,298.0,295.29998779296875,293.79998779296875,2.9000047956194197,DERIVED_FROM_YFINANCE_GC=F
2002-03-05,298.0,296.0,294.5,2.5642896379743303,DERIVED_FROM_YFINANCE_GC=F
2002-03-06,298.0,294.0,292.5,2.585717337472098,DERIVED_FROM_YFINANCE_GC=F
2002-03-07,298.0,293.3999938964844,291.8999938964844,2.342860630580357,DERIVED_FROM_YFINANCE_GC=F
2002-03-08,298.0,290.1000061035156,288.6000061035156,2.507145472935268,DERIVED_FROM_YFINANCE_GC=F
2002-03-11,293.5,290.1000061035156,288.6000061035156,2.2785731724330356,DERIVED_FROM_YFINANCE_GC=F
2002-03-12,291.1000061035156,290.1000061035156,288.6000061035156,1.978574480329241,DERIVED_FROM_YFINANCE_GC=F
2002-03-13,293.6000061035156,290.1000061035156,288.6000061035156,1.9142870221819197,DERIVED_FROM_YFINANCE_GC=F
2002-03-14,293.6000061035156,291.1000061035156,289.6000061035156,1.8000008719308036,DERIVED_FROM_YFINANCE_GC=F
2002-03-15,293.6000061035156,291.0,289.5,1.9357147216796875,DERIVED_FROM_YFINANCE_GC=F
2002-03-18,293.6000061035156,289.8999938964844,288.3999938964844,1.8928571428571428,DERIVED_FROM_YFINANCE_GC=F
2002-03-19,292.1000061035156,289.8999938964844,288.3999938964844,1.6714303152901786,DERIVED_FROM_YFINANCE_GC=F
2002-03-20,292.79998779296875,289.8999938964844,288.3999938964844,1.5285709926060267,DERIVED_FROM_YFINANCE_GC=F
2002-03-21,292.79998779296875,292.1000061035156,290.6000061035156,1.5285688127790178,DERIVED_FROM_YFINANCE_GC=F
2002-03-22,292.79998779296875,292.1000061035156,290.6000061035156,1.4857112339564733,DERIVED_FROM_YFINANCE_GC=F
2002-03-25,297.29998779296875,292.1000061035156,290.6000061035156,1.7142835344587053,DERIVED_FROM_YFINANCE_GC=F
2002-03-26,297.3999938964844,292.79998779296875,291.29998779296875,1.4357125418526786,DERIVED_FROM_YFINANCE_GC=F
2002-03-27,297.3999938964844,296.6000061035156,295.1000061035156,1.4499969482421875,DERIVED_FROM_YFINANCE_GC=F
2002-03-28,303.1000061035156,296.29998779296875,294.79998779296875,1.6928558349609375,DERIVED_FROM_YFINANCE_GC=F
2002-04-01,304.5,296.29998779296875,294.79998779296875,1.9785701206752233,DERIVED_FROM_YFINANCE_GC=F
2002-04-02,304.5,296.29998779296875,294.79998779296875,2.0857129778180803,DERIVED_FROM_YFINANCE_GC=F
2002-04-03,306.79998779296875,300.5,299.0,2.2142835344587053,DERIVED_FROM_YFINANCE_GC=F
2002-04-04,306.79998779296875,300.70001220703125,299.20001220703125,2.499997820172991,DERIVED_FROM_YFINANCE_GC=F
2002-04-05,306.79998779296875,299.0,297.5,2.5714263916015625,DERIVED_FROM_YFINANCE_GC=F
2002-04-08,306.0,298.70001220703125,297.20001220703125,2.7642822265625,DERIVED_FROM_YFINANCE_GC=F
2002-04-09,302.6000061035156,298.70001220703125,297.20001220703125,2.785709926060268,DERIVED_FROM_YFINANCE_GC=F
2002-04-10,302.5,298.5,297.0,2.878568376813616,DERIVED_FROM_YFINANCE_GC=F
2002-04-11,302.5,297.70001220703125,296.20001220703125,3.1714259556361606,DERIVED_FROM_YFINANCE_GC=F
2002-04-12,303.20001220703125,297.70001220703125,296.20001220703125,3.242856706891741,DERIVED_FROM_YFINANCE_GC=F
2002-04-15,303.20001220703125,297.70001220703125,296.20001220703125,3.0428575788225447,DERIVED_FROM_YFINANCE_GC=F
2002-04-16,303.29998779296875,299.8999938964844,298.3999938964844,3.278570992606027,DERIVED_FROM_YFINANCE_GC=F
2002-04-17,303.29998779296875,297.5,296.0,3.400000435965402,DERIVED_FROM_YFINANCE_GC=F
2002-04-18,303.29998779296875,297.5,296.0,3.235713413783482,DERIVED_FROM_YFINANCE_GC=F
2002-04-19,306.0,297.5,296.0,3.228570120675223,DERIVED_FROM_YFINANCE_GC=F
2002-04-22,306.0,298.79998779296875,297.29998779296875,3.235713413783482,DERIVED_FROM_YFINANCE_GC=F
2002-04-23,306.0,301.8999938964844,300.3999938964844,3.0571441650390625,DERIVED_FROM_YFINANCE_GC=F
2002-04-24,304.1000061035156,301.8999938964844,300.3999938964844,2.857145036969866,DERIVED_FROM_YFINANCE_GC=F
2002-04-25,305.70001220703125,302.79998779296875,301.29998779296875,2.721431187220982,DERIVED_FROM_YFINANCE_GC=F
2002-04-26,309.29998779296875,302.79998779296875,301.29998779296875,2.8071463448660716,DERIVED_FROM_YFINANCE_GC=F
2002-04-29,312.5,304.29998779296875,302.79998779296875,3.0571463448660716,DERIVED_FROM_YFINANCE_GC=F
2002-04-30,312.5,305.3999938964844,303.8999938964844,2.9428601946149553,DERIVED_FROM_YFINANCE_GC=F
2002-05-01,312.5,306.5,305.0,2.7642909458705356,DERIVED_FROM_YFINANCE_GC=F
2002-05-02,311.20001220703125,308.8999938964844,307.3999938964844,2.6571480887276784,DERIVED_FROM_YFINANCE_GC=F
2002-05-03,309.1000061035156,308.29998779296875,306.79998779296875,2.592862810407366,DERIVED_FROM_YFINANCE_GC=F
2002-05-06,312.20001220703125,308.29998779296875,306.79998779296875,2.6285792759486606,DERIVED_FROM_YFINANCE_GC=F
2002-05-07,312.20001220703125,308.29998779296875,306.79998779296875,2.5214364188058034,DERIVED_FROM_YFINANCE_GC=F
2002-05-08,312.20001220703125,311.20001220703125,309.70001220703125,2.228578839983259,DERIVED_FROM_YFINANCE_GC=F
2002-05-09,311.6000061035156,308.20001220703125,306.70001220703125,2.192864554268973,DERIVED_FROM_YFINANCE_GC=F
2002-05-10,311.6000061035156,307.5,306.0,2.1500069754464284,DERIVED_FROM_YFINANCE_GC=F
2002-05-13,311.0,307.5,306.0,2.128577096121652,DERIVED_FROM_YFINANCE_GC=F
2002-05-14,311.0,307.5,306.0,2.0714329310825894,DERIVED_FROM_YFINANCE_GC=F
2002-05-15,311.0,306.79998779296875,305.29998779296875,2.221433367047991,DERIVED_FROM_YFINANCE_GC=F
2002-05-16,311.0,306.79998779296875,305.29998779296875,1.964292253766741,DERIVED_FROM_YFINANCE_GC=F
2002-05-17,309.79998779296875,306.79998779296875,305.29998779296875,1.614290509905134,DERIVED_FROM_YFINANCE_GC=F
2002-05-20,310.6000061035156,308.70001220703125,307.20001220703125,1.6428636823381697,DERIVED_FROM_YFINANCE_GC=F
2002-05-21,315.70001220703125,309.79998779296875,308.29998779296875,1.842862810407366,DERIVED_FROM_YFINANCE_GC=F
2002-05-22,315.79998779296875,310.6000061035156,309.1000061035156,1.8357173374720983,DERIVED_FROM_YFINANCE_GC=F
2002-05-23,318.0,315.70001220703125,314.20001220703125,1.9357169015066964,DERIVED_FROM_YFINANCE_GC=F
2002-05-24,322.5,315.79998779296875,314.29998779296875,1.9785723005022322,DERIVED_FROM_YFINANCE_GC=F
2002-05-28,322.5,318.0,316.5,2.0571441650390625,DERIVED_FROM_YFINANCE_GC=F
2002-05-29,323.8999938964844,320.3999938964844,318.8999938964844,2.2785731724330356,DERIVED_FROM_YFINANCE_GC=F
2002-05-30,325.3999938964844,320.3999938964844,318.8999938964844,2.142859322684152,DERIVED_FROM_YFINANCE_GC=F
2002-05-31,326.70001220703125,323.5,322.0,2.228574480329241,DERIVED_FROM_YFINANCE_GC=F
2002-06-03,329.0,323.5,322.0,2.464287894112723,DERIVED_FROM_YFINANCE_GC=F
2002-06-04,329.0,323.5,322.0,2.6857169015066966,DERIVED_FROM_YFINANCE_GC=F
2002-06-05,330.29998779296875,324.20001220703125,322.70001220703125,2.6714281354631697,DERIVED_FROM_YFINANCE_GC=F
2002-06-06,330.29998779296875,320.1000061035156,318.6000061035156,3.121425083705357,DERIVED_FROM_YFINANCE_GC=F
2002-06-07,330.29998779296875,320.1000061035156,318.6000061035156,3.392854963030134,DERIVED_FROM_YFINANCE_GC=F
2002-06-10,327.5,320.1000061035156,318.6000061035156,3.5928540910993303,DERIVED_FROM_YFINANCE_GC=F
2002-06-11,327.5,318.0,316.5,3.6999969482421875,DERIVED_FROM_YFINANCE_GC=F
2002-06-12,327.5,316.0,314.5,3.9571424211774553,DERIVED_FROM_YFINANCE_GC=F
2002-06-13,323.8999938964844,316.0,314.5,4.049998692103794,DERIVED_FROM_YFINANCE_GC=F
2002-06-14,322.29998779296875,316.0,314.5,3.9642835344587053,DERIVED_FROM_YFINANCE_GC=F
2002-06-17,322.29998779296875,317.0,315.5,4.085710797991071,DERIVED_FROM_YFINANCE_GC=F
2002-06-18,321.5,317.0,315.5,3.9642835344587053,DERIVED_FROM_YFINANCE_GC=F
2002-06-19,321.5,317.0,315.5,4.014284406389509,DERIVED_FROM_YFINANCE_GC=F
2002-06-20,320.6000061035156,317.0,315.5,3.885711669921875,DERIVED_FROM_YFINANCE_GC=F
2002-06-21,324.5,317.0,315.5,3.878570556640625,DERIVED_FROM_YFINANCE_GC=F
2002-06-24,325.20001220703125,319.79998779296875,318.29998779296875,3.8428562709263394,DERIVED_FROM_YFINANCE_GC=F
2002-06-25,327.29998779296875,321.29998779296875,319.79998779296875,3.8214285714285716,DERIVED_FROM_YFINANCE_GC=F
2002-06-26,327.29998779296875,318.0,316.5,3.721429007393973,DERIVED_FROM_YFINANCE_GC=F
2002-06-27,327.29998779296875,318.0,316.5,3.642857142857143,DERIVED_FROM_YFINANCE_GC=F
2002-06-28,324.0,318.0,316.5,3.478570120675223,DERIVED_FROM_YFINANCE_GC=F
2002-07-01,324.0,313.5,312.0,3.4142848423549106,DERIVED_FROM_YFINANCE_GC=F
2002-07-02,320.29998779296875,313.5,312.0,3.1857125418526784,DERIVED_FROM_YFINANCE_GC=F
2002-07-03,315.29998779296875,312.79998779296875,311.29998779296875,3.114283970424107,DERIVED_FROM_YFINANCE_GC=F
2002-07-08,315.29998779296875,310.8999938964844,309.3999938964844,3.014284406389509,DERIVED_FROM_YFINANCE_GC=F
2002-07-09,315.29998779296875,310.8999938964844,309.3999938964844,2.9142848423549106,DERIVED_FROM_YFINANCE_GC=F
2002-07-10,316.1000061035156,310.8999938964844,309.3999938964844,3.0714263916015625,DERIVED_FROM_YFINANCE_GC=F
2002-07-11,316.1000061035156,312.1000061035156,310.6000061035156,3.0142822265625,DERIVED_FROM_YFINANCE_GC=F
2002-07-12,317.20001220703125,312.6000061035156,311.1000061035156,3.0928540910993303,DERIVED_FROM_YFINANCE_GC=F
2002-07-15,317.20001220703125,314.70001220703125,313.20001220703125,2.871425083705357,DERIVED_FROM_YFINANCE_GC=F
2002-07-16,320.5,315.6000061035156,314.1000061035156,3.007138933454241,DERIVED_FROM_YFINANCE_GC=F
2002-07-17,320.5,315.6000061035156,314.1000061035156,2.9428536551339284,DERIVED_FROM_YFINANCE_GC=F
2002-07-18,320.5,317.20001220703125,315.70001220703125,2.507138933454241,DERIVED_FROM_YFINANCE_GC=F
2002-07-19,318.20001220703125,317.0,315.5,2.2642822265625,DERIVED_FROM_YFINANCE_GC=F
2002-07-22,323.8999938964844,317.0,315.5,2.664282662527902,DERIVED_FROM_YFINANCE_GC=F
2002-07-23,323.8999938964844,317.0,315.5,2.278566632952009,DERIVED_FROM_YFINANCE_GC=F
2002-07-24,323.8999938964844,312.70001220703125,311.20001220703125,3.02142333984375,DERIVED_FROM_YFINANCE_GC=F
2002-07-25,323.6000061035156,311.5,310.0,2.9285670689174106,DERIVED_FROM_YFINANCE_GC=F
2002-07-26,312.70001220703125,309.79998779296875,308.29998779296875,2.914282662527902,DERIVED_FROM_YFINANCE_GC=F
2002-07-29,311.5,303.3999938964844,301.8999938964844,3.1999969482421875,DERIVED_FROM_YFINANCE_GC=F
2002-07-30,309.79998779296875,300.79998779296875,299.29998779296875,3.0999973842075894,DERIVED_FROM_YFINANCE_GC=F
2002-07-31,305.20001220703125,300.79998779296875,299.29998779296875,3.264284406389509,DERIVED_FROM_YFINANCE_GC=F
2002-08-01,305.29998779296875,300.79998779296875,299.29998779296875,3.3357129778180803,DERIVED_FROM_YFINANCE_GC=F
2002-08-02,305.29998779296875,298.0,296.5,3.7071402413504466,DERIVED_FROM_YFINANCE_GC=F
2002-08-05,307.8999938964844,298.0,296.5,3.664282662527902,DERIVED_FROM_YFINANCE_GC=F
2002-08-06,309.6000061035156,298.0,296.5,3.7142835344587053,DERIVED_FROM_YFINANCE_GC=F
2002-08-07,309.6000061035156,303.6000061035156,302.1000061035156,3.9142848423549106,DERIVED_FROM_YFINANCE_GC=F
2002-08-08,315.5,304.79998779296875,303.29998779296875,4.599999564034598,DERIVED_FROM_YFINANCE_GC=F
2002-08-09,315.5,304.79998779296875,303.29998779296875,4.414287022181919,DERIVED_FROM_YFINANCE_GC=F
2002-08-12,315.5,307.8999938964844,306.3999938964844,4.750002179827009,DERIVED_FROM_YFINANCE_GC=F
2002-08-13,318.0,310.0,308.5,4.271432059151786,DERIVED_FROM_YFINANCE_GC=F
2002-08-14,318.0,310.0,308.5,4.285716465541294,DERIVED_FROM_YFINANCE_GC=F
2002-08-15,318.0,311.0,309.5,4.592858450753348,DERIVED_FROM_YFINANCE_GC=F
2002-08-16,317.0,311.0,309.5,4.521429879324777,DERIVED_FROM_YFINANCE_GC=F
2002-08-19,317.0,311.0,309.5,4.535714285714286,DERIVED_FROM_YFINANCE_GC=F
2002-08-20,316.5,305.5,304.0,4.857142857142857,DERIVED_FROM_YFINANCE_GC=F
2002-08-21,315.0,305.5,304.0,4.800000871930804,DERIVED_FROM_YFINANCE_GC=F
2002-08-22,313.1000061035156,305.5,304.0,4.507145472935268,DERIVED_FROM_YFINANCE_GC=F
2002-08-23,308.70001220703125,304.8999938964844,303.3999938964844,4.392861502511161,DERIVED_FROM_YFINANCE_GC=F
2002-08-26,308.0,304.8999938964844,303.3999938964844,4.278575352260044,DERIVED_FROM_YFINANCE_GC=F
2002-08-27,310.5,304.8999938964844,303.3999938964844,4.335717337472098,DERIVED_FROM_YFINANCE_GC=F
2002-08-28,312.8999938964844,305.20001220703125,303.70001220703125,3.9357169015066966,DERIVED_FROM_YFINANCE_GC=F
2002-08-29,312.8999938964844,308.5,307.0,3.850001743861607,DERIVED_FROM_YFINANCE_GC=F
2002-08-30,312.8999938964844,308.5,307.0,3.74285888671875,DERIVED_FROM_YFINANCE_GC=F
2002-09-03,312.8999938964844,309.3999938964844,307.8999938964844,3.478572300502232,DERIVED_FROM_YFINANCE_GC=F
2002-09-04,313.3999938964844,312.0,310.5,3.4500013078962053,DERIVED_FROM_YFINANCE_GC=F
2002-09-05,314.8999938964844,312.3999938964844,310.8999938964844,3.128572736467634,DERIVED_FROM_YFINANCE_GC=F
2002-09-06,318.20001220703125,312.5,311.0,2.978574480329241,DERIVED_FROM_YFINANCE_GC=F
2002-09-09,320.0,314.8999938964844,313.3999938964844,2.9071459089006697,DERIVED_FROM_YFINANCE_GC=F
2002-09-10,321.29998779296875,318.20001220703125,316.70001220703125,2.4214303152901784,DERIVED_FROM_YFINANCE_GC=F
2002-09-11,321.29998779296875,317.8999938964844,316.3999938964844,2.471429007393973,DERIVED_FROM_YFINANCE_GC=F
2002-09-12,321.29998779296875,316.6000061035156,315.1000061035156,2.371427263532366,DERIVED_FROM_YFINANCE_GC=F
2002-09-13,318.8999938964844,316.6000061035156,315.1000061035156,2.3428540910993303,DERIVED_FROM_YFINANCE_GC=F
2002-09-16,319.0,316.6000061035156,315.1000061035156,2.407139369419643,DERIVED_FROM_YFINANCE_GC=F
2002-09-17,319.0,316.6000061035156,315.1000061035156,2.1714259556361606,DERIVED_FROM_YFINANCE_GC=F
2002-09-18,319.0,316.6000061035156,315.1000061035156,1.8642839704241072,DERIVED_FROM_YFINANCE_GC=F
2002-09-19,320.6000061035156,317.0,315.5,1.8999982561383928,DERIVED_FROM_YFINANCE_GC=F
2002-09-20,322.6000061035156,317.0,315.5,1.7928553989955358,DERIVED_FROM_YFINANCE_GC=F
2002-09-23,322.6000061035156,320.6000061035156,319.1000061035156,1.8071419852120536,DERIVED_FROM_YFINANCE_GC=F
2002-09-24,323.0,321.8999938964844,320.3999938964844,1.8142852783203125,DERIVED_FROM_YFINANCE_GC=F
2002-09-25,325.8999938964844,321.8999938964844,320.3999938964844,1.9142848423549108,DERIVED_FROM_YFINANCE_GC=F
2002-09-26,325.8999938964844,322.20001220703125,320.70001220703125,1.9428536551339286,DERIVED_FROM_YFINANCE_GC=F
2002-09-27,325.8999938964844,320.29998779296875,318.79998779296875,1.9499991280691964,DERIVED_FROM_YFINANCE_GC=F
2002-09-30,322.20001220703125,319.0,317.5,2.007143293108259,DERIVED_FROM_YFINANCE_GC=F
2002-10-01,324.20001220703125,319.0,317.5,2.0857151576450894,DERIVED_FROM_YFINANCE_GC=F
2002-10-02,324.20001220703125,319.0,317.5,2.2071446010044644,DERIVED_FROM_YFINANCE_GC=F
2002-10-03,324.20001220703125,319.6000061035156,318.1000061035156,2.1785736083984375,DERIVED_FROM_YFINANCE_GC=F
2002-10-04,322.8999938964844,319.6000061035156,318.1000061035156,2.142859322684152,DERIVED_FROM_YFINANCE_GC=F
2002-10-07,322.8999938964844,319.6000061035156,318.1000061035156,2.1785736083984375,DERIVED_FROM_YFINANCE_GC=F
2002-10-08,322.8999938964844,321.0,319.5,2.1928601946149553,DERIVED_FROM_YFINANCE_GC=F
2002-10-09,322.20001220703125,318.20001220703125,316.70001220703125,2.2000013078962053,DERIVED_FROM_YFINANCE_GC=F
2002-10-10,322.20001220703125,318.20001220703125,316.70001220703125,2.1571437290736606,DERIVED_FROM_YFINANCE_GC=F
2002-10-11,319.70001220703125,316.5,315.0,2.3285718645368303,DERIVED_FROM_YFINANCE_GC=F
2002-10-14,319.6000061035156,316.29998779296875,314.79998779296875,2.3000008719308034,DERIVED_FROM_YFINANCE_GC=F
2002-10-15,319.29998779296875,316.29998779296875,314.79998779296875,2.214287894112723,DERIVED_FROM_YFINANCE_GC=F
2002-10-16,318.0,312.6000061035156,311.1000061035156,2.3214307512555803,DERIVED_FROM_YFINANCE_GC=F
2002-10-17,318.0,312.6000061035156,311.1000061035156,2.3214285714285716,DERIVED_FROM_YFINANCE_GC=F
2002-10-18,315.5,311.5,310.0,2.3428562709263394,DERIVED_FROM_YFINANCE_GC=F
2002-10-21,314.5,311.5,310.0,2.135713849748884,DERIVED_FROM_YFINANCE_GC=F
2002-10-22,314.0,310.8999938964844,309.3999938964844,2.0714285714285716,DERIVED_FROM_YFINANCE_GC=F
2002-10-23,313.29998779296875,310.8999938964844,309.3999938964844,2.107142857142857,DERIVED_FROM_YFINANCE_GC=F
2002-10-24,313.29998779296875,310.8999938964844,309.3999938964844,2.0642852783203125,DERIVED_FROM_YFINANCE_GC=F
2002-10-25,313.29998779296875,309.79998779296875,308.29998779296875,2.150000435965402,DERIVED_FROM_YFINANCE_GC=F
2002-10-28,314.0,309.79998779296875,308.29998779296875,2.364283970424107,DERIVED_FROM_YFINANCE_GC=F
2002-10-29,315.20001220703125,309.79998779296875,308.29998779296875,2.228572300502232,DERIVED_FROM_YFINANCE_GC=F
2002-10-30,317.70001220703125,312.79998779296875,311.29998779296875,2.3071441650390625,DERIVED_FROM_YFINANCE_GC=F
2002-10-31,317.70001220703125,314.0,312.5,2.2071446010044644,DERIVED_FROM_YFINANCE_GC=F
2002-11-01,318.0,316.0,314.5,2.264286586216518,DERIVED_FROM_YFINANCE_GC=F
2002-11-04,318.79998779296875,316.0,314.5,2.1999991280691966,DERIVED_FROM_YFINANCE_GC=F
2002-11-05,318.79998779296875,318.0,316.5,1.864286150251116,DERIVED_FROM_YFINANCE_GC=F
2002-11-06,318.79998779296875,318.20001220703125,316.70001220703125,1.7357134137834822,DERIVED_FROM_YFINANCE_GC=F
2002-11-07,318.29998779296875,317.5,316.0,1.6071428571428572,DERIVED_FROM_YFINANCE_GC=F
2002-11-08,320.5,317.5,316.0,1.7071424211774553,DERIVED_FROM_YFINANCE_GC=F
2002-11-11,321.5,317.5,316.0,1.628570556640625,DERIVED_FROM_YFINANCE_GC=F
2002-11-12,321.5,320.5,319.0,1.4642835344587053,DERIVED_FROM_YFINANCE_GC=F
2002-11-13,324.5,321.20001220703125,319.70001220703125,1.6071406773158483,DERIVED_FROM_YFINANCE_GC=F
2002-11-14,324.5,317.5,316.0,1.9499969482421875,DERIVED_FROM_YFINANCE_GC=F
2002-11-15,324.5,317.5,316.0,1.7785688127790178,DERIVED_FROM_YFINANCE_GC=F
2002-11-18,320.70001220703125,317.5,316.0,1.8499973842075892,DERIVED_FROM_YFINANCE_GC=F
2002-11-19,320.70001220703125,317.8999938964844,316.3999938964844,1.7785688127790178,DERIVED_FROM_YFINANCE_GC=F
2002-11-20,320.70001220703125,318.6000061035156,317.1000061035156,1.6999969482421875,DERIVED_FROM_YFINANCE_GC=F
2002-11-21,319.20001220703125,317.3999938964844,315.8999938964844,1.6785692487444197,DERIVED_FROM_YFINANCE_GC=F
2002-11-22,318.6000061035156,317.3999938964844,315.8999938964844,1.621427263532366,DERIVED_FROM_YFINANCE_GC=F
2002-11-25,320.70001220703125,317.20001220703125,315.70001220703125,1.8357129778180803,DERIVED_FROM_YFINANCE_GC=F
2002-11-26,320.70001220703125,316.5,315.0,2.128572736467634,DERIVED_FROM_YFINANCE_GC=F
2002-11-27,320.70001220703125,316.5,315.0,2.2071424211774553,DERIVED_FROM_YFINANCE_GC=F
2002-12-02,318.8999938964844,316.5,315.0,2.121427263532366,DERIVED_FROM_YFINANCE_GC=F
2002-12-03,318.8999938964844,315.5,314.0,2.264284406389509,DERIVED_FROM_YFINANCE_GC=F
2002-12-04,321.20001220703125,315.5,314.0,2.5500008719308034,DERIVED_FROM_YFINANCE_GC=F
2002-12-05,323.0,315.5,314.0,2.5428597586495534,DERIVED_FROM_YFINANCE_GC=F
2002-12-06,324.79998779296875,317.1000061035156,315.6000061035156,2.3142874581473216,DERIVED_FROM_YFINANCE_GC=F
2002-12-09,328.0,319.79998779296875,318.29998779296875,2.514288766043527,DERIVED_FROM_YFINANCE_GC=F
2002-12-10,328.0,321.0,319.5,2.4428601946149553,DERIVED_FROM_YFINANCE_GC=F
2002-12-11,328.0,323.0,321.5,2.5642896379743303,DERIVED_FROM_YFINANCE_GC=F
2002-12-12,326.6000061035156,323.0,321.5,2.6500026157924106,DERIVED_FROM_YFINANCE_GC=F
2002-12-13,333.0,323.0,321.5,3.1500026157924106,DERIVED_FROM_YFINANCE_GC=F
2002-12-16,336.0,323.20001220703125,321.70001220703125,3.5571463448660716,DERIVED_FROM_YFINANCE_GC=F
2002-12-17,337.0,326.5,325.0,3.628574916294643,DERIVED_FROM_YFINANCE_GC=F
2002-12-18,342.0,330.29998779296875,328.79998779296875,3.721431187220982,DERIVED_FROM_YFINANCE_GC=F
2002-12-19,342.5,332.5,331.0,3.9857177734375,DERIVED_FROM_YFINANCE_GC=F
2002-12-20,349.20001220703125,336.5,335.0,4.364290509905134,DERIVED_FROM_YFINANCE_GC=F
2002-12-23,349.20001220703125,337.0,335.5,4.578576224190848,DERIVED_FROM_YFINANCE_GC=F
2002-12-24,349.20001220703125,340.0,338.5,4.614290509905134,DERIVED_FROM_YFINANCE_GC=F
2002-12-26,347.70001220703125,340.0,338.5,4.571432931082589,DERIVED_FROM_YFINANCE_GC=F
2002-12-27,350.3999938964844,342.0,340.5,4.614290509905134,DERIVED_FROM_YFINANCE_GC=F
2002-12-30,350.5,346.0,344.5,4.585717337472098,DERIVED_FROM_YFINANCE_GC=F
2002-12-31,350.5,343.3999938964844,341.8999938964844,4.957144601004464,DERIVED_FROM_YFINANCE_GC=F
2003-01-02,350.5,341.0,339.5,5.200001307896206,DERIVED_FROM_YFINANCE_GC=F
2003-01-03,350.3999938964844,341.0,339.5,5.1785736083984375,DERIVED_FROM_YFINANCE_GC=F
2003-01-06,351.20001220703125,341.0,339.5,5.021429879324777,DERIVED_FROM_YFINANCE_GC=F
2003-01-07,351.70001220703125,345.20001220703125,343.70001220703125,4.657143729073661,DERIVED_FROM_YFINANCE_GC=F
2003-01-08,351.70001220703125,345.20001220703125,343.70001220703125,4.650002615792411,DERIVED_FROM_YFINANCE_GC=F
2003-01-09,353.8999938964844,346.29998779296875,344.79998779296875,4.8000030517578125,DERIVED_FROM_YFINANCE_GC=F
2003-01-10,353.8999938964844,346.29998779296875,344.79998779296875,4.450003487723214,DERIVED_FROM_YFINANCE_GC=F
2003-01-13,354.5,346.29998779296875,344.79998779296875,4.028575352260044,DERIVED_FROM_YFINANCE_GC=F
2003-01-14,354.70001220703125,352.0,350.5,3.7928619384765625,DERIVED_FROM_YFINANCE_GC=F
2003-01-15,354.70001220703125,352.0,350.5,3.6571480887276784,DERIVED_FROM_YFINANCE_GC=F
2003-01-16,354.70001220703125,350.0,348.5,3.614290509905134,DERIVED_FROM_YFINANCE_GC=F
2003-01-17,357.70001220703125,350.0,348.5,3.8000052315848216,DERIVED_FROM_YFINANCE_GC=F
2003-01-21,357.70001220703125,350.0,348.5,3.6428636823381697,DERIVED_FROM_YFINANCE_GC=F
2003-01-22,357.70001220703125,356.20001220703125,354.70001220703125,3.221433367047991,DERIVED_FROM_YFINANCE_GC=F
2003-01-23,360.5,356.20001220703125,354.70001220703125,2.97857666015625,DERIVED_FROM_YFINANCE_GC=F
2003-01-24,364.5,356.20001220703125,354.70001220703125,3.214290073939732,DERIVED_FROM_YFINANCE_GC=F
2003-01-27,368.2000122070313,359.0,357.5,3.0500052315848256,DERIVED_FROM_YFINANCE_GC=F
2003-01-28,372.0,364.5,363.0,3.2785753522600447,DERIVED_FROM_YFINANCE_GC=F
2003-01-29,372.0,367.0,365.5,3.0357164655412947,DERIVED_FROM_YFINANCE_GC=F
2003-01-30,372.0,366.2999877929688,364.7999877929688,2.757145472935264,DERIVED_FROM_YFINANCE_GC=F
2003-01-31,370.0,362.6000061035156,361.1000061035156,3.242858886718746,DERIVED_FROM_YFINANCE_GC=F
2003-02-03,371.5,362.6000061035156,361.1000061035156,3.478572300502228,DERIVED_FROM_YFINANCE_GC=F
2003-02-04,372.0,362.6000061035156,361.1000061035156,3.571428571428567,DERIVED_FROM_YFINANCE_GC=F
2003-02-05,379.5,367.0,365.5,3.999999999999992,DERIVED_FROM_YFINANCE_GC=F
2003-02-06,388.8999938964844,368.0,366.5,4.921428135463161,DERIVED_FROM_YFINANCE_GC=F
2003-02-07,388.8999938964844,368.3999938964844,366.8999938964844,5.035714285714278,DERIVED_FROM_YFINANCE_GC=F
2003-02-10,388.8999938964844,367.5,366.0,5.457142421177447,DERIVED_FROM_YFINANCE_GC=F
2003-02-11,377.0,363.7000122070313,362.2000122070313,5.971429007393961,DERIVED_FROM_YFINANCE_GC=F
2003-02-12,374.5,361.7999877929688,360.2999877929688,5.999999999999984,DERIVED_FROM_YFINANCE_GC=F
2003-02-13,372.0,352.6000061035156,351.1000061035156,6.514286586216501,DERIVED_FROM_YFINANCE_GC=F
2003-02-14,365.3999938964844,349.0,347.5,6.964285714285694,DERIVED_FROM_YFINANCE_GC=F
2003-02-18,364.6000061035156,349.0,347.5,7.242858886718734,DERIVED_FROM_YFINANCE_GC=F
2003-02-19,359.0,342.0,340.5,7.878572736467618,DERIVED_FROM_YFINANCE_GC=F
2003-02-20,357.6000061035156,342.0,340.5,8.042857578822533,DERIVED_FROM_YFINANCE_GC=F
2003-02-21,355.0,342.0,340.5,7.878572736467622,DERIVED_FROM_YFINANCE_GC=F
2003-02-24,355.0,344.0,342.5,7.700001307896193,DERIVED_FROM_YFINANCE_GC=F
2003-02-25,358.0,350.0,348.5,7.857145036969854,DERIVED_FROM_YFINANCE_GC=F
2003-02-26,359.0,351.79998779296875,350.29998779296875,7.735715593610483,DERIVED_FROM_YFINANCE_GC=F
2003-02-27,359.0,351.5,350.0,6.992858886718742,DERIVED_FROM_YFINANCE_GC=F
2003-02-28,359.0,346.1000061035156,344.6000061035156,6.942858014787938,DERIVED_FROM_YFINANCE_GC=F
2003-03-03,356.0,346.1000061035156,344.6000061035156,6.735715593610483,DERIVED_FROM_YFINANCE_GC=F
2003-03-04,350.20001220703125,346.1000061035156,344.6000061035156,6.2142878941127195,DERIVED_FROM_YFINANCE_GC=F
2003-03-05,353.20001220703125,349.20001220703125,347.70001220703125,6.24285888671875,DERIVED_FROM_YFINANCE_GC=F
2003-03-06,353.20001220703125,349.20001220703125,347.70001220703125,5.392859322684152,DERIVED_FROM_YFINANCE_GC=F
2003-03-07,356.79998779296875,353.1000061035156,351.6000061035156,4.942858014787946,DERIVED_FROM_YFINANCE_GC=F
2003-03-10,356.79998779296875,350.79998779296875,349.29998779296875,4.821428571428571,DERIVED_FROM_YFINANCE_GC=F
2003-03-11,356.79998779296875,350.79998779296875,349.29998779296875,4.392859322684152,DERIVED_FROM_YFINANCE_GC=F
2003-03-12,354.70001220703125,350.5,349.0,4.264288766043527,DERIVED_FROM_YFINANCE_GC=F
2003-03-13,354.70001220703125,346.5,345.0,4.185716901506696,DERIVED_FROM_YFINANCE_GC=F
2003-03-14,350.5,335.8999938964844,334.3999938964844,4.8000030517578125,DERIVED_FROM_YFINANCE_GC=F
2003-03-17,346.5,335.8999938964844,334.3999938964844,4.400002615792411,DERIVED_FROM_YFINANCE_GC=F
2003-03-18,343.0,335.8999938964844,334.3999938964844,4.364288330078125,DERIVED_FROM_YFINANCE_GC=F
2003-03-19,343.0,336.0,334.5,4.335717337472098,DERIVED_FROM_YFINANCE_GC=F
2003-03-20,343.0,336.0,334.5,3.878574916294643,DERIVED_FROM_YFINANCE_GC=F
2003-03-21,340.1000061035156,332.8999938964844,331.3999938964844,3.8142896379743303,DERIVED_FROM_YFINANCE_GC=F
2003-03-24,336.1000061035156,326.0,324.5,4.2357177734375,DERIVED_FROM_YFINANCE_GC=F
2003-03-25,332.8999938964844,326.0,324.5,4.200003487723214,DERIVED_FROM_YFINANCE_GC=F
2003-03-26,329.5,326.0,324.5,4.271432059151786,DERIVED_FROM_YFINANCE_GC=F
2003-03-27,330.29998779296875,328.3999938964844,326.8999938964844,4.142861502511161,DERIVED_FROM_YFINANCE_GC=F
2003-03-28,330.29998779296875,328.3999938964844,326.8999938964844,3.8285740443638394,DERIVED_FROM_YFINANCE_GC=F
2003-03-31,331.5,328.70001220703125,327.20001220703125,3.75,DERIVED_FROM_YFINANCE_GC=F
2003-04-01,336.3999938964844,328.70001220703125,327.20001220703125,3.999997820172991,DERIVED_FROM_YFINANCE_GC=F
2003-04-02,338.3999938964844,328.70001220703125,327.20001220703125,4.042855398995536,DERIVED_FROM_YFINANCE_GC=F
2003-04-03,338.3999938964844,327.5,326.0,3.871427263532366,DERIVED_FROM_YFINANCE_GC=F
2003-04-04,338.3999938964844,323.20001220703125,321.70001220703125,4.292855398995536,DERIVED_FROM_YFINANCE_GC=F
2003-04-07,335.70001220703125,323.0,321.5,4.00714111328125,DERIVED_FROM_YFINANCE_GC=F
2003-04-08,329.70001220703125,319.29998779296875,317.79998779296875,4.142854963030134,DERIVED_FROM_YFINANCE_GC=F
2003-04-09,325.5,319.29998779296875,317.79998779296875,4.207140241350446,DERIVED_FROM_YFINANCE_GC=F
2003-04-10,327.0,319.29998779296875,317.79998779296875,4.335710797991071,DERIVED_FROM_YFINANCE_GC=F
2003-04-11,327.29998779296875,321.5,320.0,4.049996512276786,DERIVED_FROM_YFINANCE_GC=F
2003-04-14,327.8999938964844,322.0,320.5,4.121425083705357,DERIVED_FROM_YFINANCE_GC=F
2003-04-15,327.8999938964844,323.3999938964844,321.8999938964844,4.307137625558036,DERIVED_FROM_YFINANCE_GC=F
2003-04-16,327.8999938964844,322.5,321.0,4.414280482700893,DERIVED_FROM_YFINANCE_GC=F
2003-04-17,326.0,322.5,321.0,4.464281354631696,DERIVED_FROM_YFINANCE_GC=F
2003-04-21,328.29998779296875,322.5,321.0,4.442853655133929,DERIVED_FROM_YFINANCE_GC=F
2003-04-22,333.5,323.5,322.0,4.342854091099331,DERIVED_FROM_YFINANCE_GC=F
2003-04-23,336.5,326.0,324.5,4.249995640345982,DERIVED_FROM_YFINANCE_GC=F
2003-04-24,336.5,329.5,328.0,3.892852783203125,DERIVED_FROM_YFINANCE_GC=F
2003-04-25,336.5,331.5,330.0,3.6928536551339284,DERIVED_FROM_YFINANCE_GC=F
2003-04-28,335.20001220703125,331.5,330.0,3.621425083705357,DERIVED_FROM_YFINANCE_GC=F
2003-04-29,335.20001220703125,331.79998779296875,330.29998779296875,3.3071398053850447,DERIVED_FROM_YFINANCE_GC=F
2003-04-30,335.0,333.0,331.5,3.242854527064732,DERIVED_FROM_YFINANCE_GC=F
2003-05-01,337.0,333.0,331.5,3.121425083705357,DERIVED_FROM_YFINANCE_GC=F
2003-05-02,339.0,333.0,331.5,2.9214259556361606,DERIVED_FROM_YFINANCE_GC=F
2003-05-05,342.20001220703125,337.0,335.5,2.607140677315848,DERIVED_FROM_YFINANCE_GC=F
2003-05-06,342.29998779296875,339.0,337.5,2.4357125418526784,DERIVED_FROM_YFINANCE_GC=F
2003-05-07,342.5,342.20001220703125,340.70001220703125,2.2071424211774553,DERIVED_FROM_YFINANCE_GC=F
2003-05-08,342.5,342.1000061035156,340.6000061035156,2.0714285714285716,DERIVED_FROM_YFINANCE_GC=F
2003-05-09,344.6000061035156,342.1000061035156,340.6000061035156,2.0857151576450894,DERIVED_FROM_YFINANCE_GC=F
2003-05-12,348.20001220703125,342.1000061035156,340.6000061035156,1.6500004359654017,DERIVED_FROM_YFINANCE_GC=F
2003-05-13,351.6000061035156,344.6000061035156,343.1000061035156,1.628572736467634,DERIVED_FROM_YFINANCE_GC=F
2003-05-14,351.6000061035156,348.20001220703125,346.70001220703125,1.5142865862165178,DERIVED_FROM_YFINANCE_GC=F
2003-05-15,351.6000061035156,350.0,348.5,1.257143293108259,DERIVED_FROM_YFINANCE_GC=F
2003-05-16,352.6000061035156,350.0,348.5,1.1714303152901786,DERIVED_FROM_YFINANCE_GC=F
2003-05-19,352.70001220703125,350.1000061035156,348.6000061035156,1.0642874581473214,DERIVED_FROM_YFINANCE_GC=F
2003-05-20,364.2000122070313,352.6000061035156,351.1000061035156,1.635716029575897,DERIVED_FROM_YFINANCE_GC=F
2003-05-21,366.2999877929688,352.70001220703125,351.20001220703125,1.5500008719308076,DERIVED_FROM_YFINANCE_GC=F
2003-05-22,366.3999938964844,364.2000122070313,362.7000122070313,1.5500008719308036,DERIVED_FROM_YFINANCE_GC=F
2003-05-23,368.1000061035156,366.2999877929688,364.7999877929688,1.8214285714285714,DERIVED_FROM_YFINANCE_GC=F
2003-05-27,368.7999877929688,366.3999938964844,364.8999938964844,1.778570992606031,DERIVED_FROM_YFINANCE_GC=F
2003-05-28,368.7999877929688,367.7999877929688,366.2999877929688,1.8357129778180845,DERIVED_FROM_YFINANCE_GC=F
2003-05-29,368.7999877929688,358.6000061035156,357.1000061035156,2.4642835344587133,DERIVED_FROM_YFINANCE_GC=F
2003-05-30,370.0,358.6000061035156,357.1000061035156,2.9714246477399633,DERIVED_FROM_YFINANCE_GC=F
2003-06-02,370.0,358.6000061035156,357.1000061035156,3.6071406773158565,DERIVED_FROM_YFINANCE_GC=F
2003-06-03,370.0,360.0,358.5,3.892854963030142,DERIVED_FROM_YFINANCE_GC=F
2003-06-04,369.6000061035156,360.0,358.5,4.057139805385053,DERIVED_FROM_YFINANCE_GC=F
2003-06-05,367.0,360.0,358.5,4.378568376813624,DERIVED_FROM_YFINANCE_GC=F
2003-06-06,370.0,360.8999938964844,359.3999938964844,5.007138933454249,DERIVED_FROM_YFINANCE_GC=F
2003-06-09,370.0,360.8999938964844,359.3999938964844,5.471424647739964,DERIVED_FROM_YFINANCE_GC=F
2003-06-10,370.0,360.8999938964844,359.3999938964844,5.142852783203125,DERIVED_FROM_YFINANCE_GC=F
2003-06-11,368.1000061035156,351.5,350.0,5.764282226562504,DERIVED_FROM_YFINANCE_GC=F
2003-06-12,366.1000061035156,351.5,350.0,6.035709926060276,DERIVED_FROM_YFINANCE_GC=F
2003-06-13,362.2999877929688,351.0,349.5,6.085710797991079,DERIVED_FROM_YFINANCE_GC=F
2003-06-16,357.0,351.0,349.5,6.37142726353237,DERIVED_FROM_YFINANCE_GC=F
2003-06-17,359.29998779296875,351.0,349.5,6.499997820172995,DERIVED_FROM_YFINANCE_GC=F
2003-06-18,365.0,352.29998779296875,350.79998779296875,6.271427699497768,DERIVED_FROM_YFINANCE_GC=F
2003-06-19,365.0,356.5,355.0,6.02857317243304,DERIVED_FROM_YFINANCE_GC=F
2003-06-20,365.0,356.0,354.5,5.878572736467638,DERIVED_FROM_YFINANCE_GC=F
2003-06-23,363.0,356.0,354.5,5.828571864536839,DERIVED_FROM_YFINANCE_GC=F
2003-06-24,363.0,351.5,350.0,5.964285714285722,DERIVED_FROM_YFINANCE_GC=F
2003-06-25,362.2999877929688,346.29998779296875,344.79998779296875,6.1857147216796955,DERIVED_FROM_YFINANCE_GC=F
2003-06-26,357.29998779296875,346.29998779296875,344.79998779296875,5.792857578822553,DERIVED_FROM_YFINANCE_GC=F
2003-06-27,354.0,343.3999938964844,341.8999938964844,5.742856706891749,DERIVED_FROM_YFINANCE_GC=F
2003-06-30,349.8999938964844,343.3999938964844,341.8999938964844,5.485715593610503,DERIVED_FROM_YFINANCE_GC=F
2003-07-01,345.5,343.3999938964844,341.8999938964844,4.721429007393981,DERIVED_FROM_YFINANCE_GC=F
2003-07-02,351.3999938964844,345.20001220703125,343.70001220703125,4.828571864536839,DERIVED_FROM_YFINANCE_GC=F
2003-07-03,351.3999938964844,345.29998779296875,343.79998779296875,4.500000000000008,DERIVED_FROM_YFINANCE_GC=F
2003-07-07,351.3999938964844,351.0,349.5,4.185712541852687,DERIVED_FROM_YFINANCE_GC=F
2003-07-08,351.3999938964844,351.0,349.5,3.98571341378349,DERIVED_FROM_YFINANCE_GC=F
2003-07-09,351.0,344.1000061035156,342.6000061035156,3.8428562709263474,DERIVED_FROM_YFINANCE_GC=F
2003-07-10,351.0,343.6000061035156,342.1000061035156,3.4214259556361646,DERIVED_FROM_YFINANCE_GC=F
2003-07-11,344.1000061035156,343.6000061035156,342.1000061035156,2.9214259556361646,DERIVED_FROM_YFINANCE_GC=F
2003-07-14,344.0,343.6000061035156,342.1000061035156,2.492854527064732,DERIVED_FROM_YFINANCE_GC=F
2003-07-15,346.8999938964844,343.6000061035156,342.1000061035156,2.228570120675223,DERIVED_FROM_YFINANCE_GC=F
2003-07-16,347.70001220703125,344.0,342.5,1.6785692487444197,DERIVED_FROM_YFINANCE_GC=F
2003-07-17,347.70001220703125,342.1000061035156,340.6000061035156,1.4214259556361608,DERIVED_FROM_YFINANCE_GC=F
2003-07-18,347.70001220703125,342.1000061035156,340.6000061035156,0.9999978201729911,DERIVED_FROM_YFINANCE_GC=F
2003-07-21,344.29998779296875,342.1000061035156,340.6000061035156,0.9142804827008929,DERIVED_FROM_YFINANCE_GC=F
2003-07-22,350.8999938964844,343.1000061035156,341.6000061035156,1.1714237758091517,DERIVED_FROM_YFINANCE_GC=F
2003-07-23,350.8999938964844,344.29998779296875,342.79998779296875,0.7857099260602679,DERIVED_FROM_YFINANCE_GC=F
2003-07-24,350.8999938964844,350.6000061035156,349.1000061035156,0.7857099260602679,DERIVED_FROM_YFINANCE_GC=F
2003-07-25,358.70001220703125,350.6000061035156,349.1000061035156,0.7714255196707589,DERIVED_FROM_YFINANCE_GC=F
2003-07-28,362.7000122070313,350.6000061035156,349.1000061035156,0.8071398053850446,DERIVED_FROM_YFINANCE_GC=F
2003-07-29,362.7000122070313,358.70001220703125,357.20001220703125,0.5214255196707589,DERIVED_FROM_YFINANCE_GC=F
2003-07-30,364.7999877929688,362.7000122070313,361.2000122070313,0.4857112339564732,DERIVED_FROM_YFINANCE_GC=F
2003-07-31,364.7999877929688,354.5,353.0,1.021425519670759,DERIVED_FROM_YFINANCE_GC=F
2003-08-01,364.7999877929688,353.0,351.5,1.3214263916015625,DERIVED_FROM_YFINANCE_GC=F
2003-08-04,362.0,346.0,344.5,1.8214263916015625,DERIVED_FROM_YFINANCE_GC=F
2003-08-05,357.5,346.0,344.5,2.157139369419643,DERIVED_FROM_YFINANCE_GC=F
2003-08-06,355.1000061035156,346.0,344.5,2.27142333984375,DERIVED_FROM_YFINANCE_GC=F
2003-08-07,352.20001220703125,346.29998779296875,344.79998779296875,2.499995640345982,DERIVED_FROM_YFINANCE_GC=F
2003-08-08,353.3999938964844,348.20001220703125,346.70001220703125,2.7285679408482144,DERIVED_FROM_YFINANCE_GC=F
2003-08-11,357.5,349.0,347.5,2.857140677315848,DERIVED_FROM_YFINANCE_GC=F
2003-08-12,361.0,350.1000061035156,348.6000061035156,3.1928558349609375,DERIVED_FROM_YFINANCE_GC=F
2003-08-13,361.0,352.0,350.5,3.4499991280692006,DERIVED_FROM_YFINANCE_GC=F
2003-08-14,363.7999877929688,357.20001220703125,355.70001220703125,3.91428266252791,DERIVED_FROM_YFINANCE_GC=F
2003-08-15,366.0,357.20001220703125,355.70001220703125,4.157139369419651,DERIVED_FROM_YFINANCE_GC=F
2003-08-18,366.0,357.20001220703125,355.70001220703125,4.335710797991079,DERIVED_FROM_YFINANCE_GC=F
2003-08-19,366.0,358.0,356.5,4.707140241350459,DERIVED_FROM_YFINANCE_GC=F
2003-08-20,366.0,357.0,355.5,4.47856794084823,DERIVED_FROM_YFINANCE_GC=F
2003-08-21,367.0,357.0,355.5,4.5785675048828285,DERIVED_FROM_YFINANCE_GC=F
2003-08-22,367.0,357.0,355.5,4.135709490094878,DERIVED_FROM_YFINANCE_GC=F
2003-08-25,367.0,361.1000061035156,359.6000061035156,4.007138933454253,DERIVED_FROM_YFINANCE_GC=F
2003-08-26,364.6000061035156,361.0,359.5,4.1071406773158605,DERIVED_FROM_YFINANCE_GC=F
2003-08-27,366.5,361.0,359.5,4.271425519670771,DERIVED_FROM_YFINANCE_GC=F
2003-08-28,375.0,361.0,359.5,4.6928558349609455,DERIVED_FROM_YFINANCE_GC=F
2003-08-29,375.0,361.0,359.5,4.621427263532374,DERIVED_FROM_YFINANCE_GC=F
2003-09-02,375.0,369.0,367.5,4.607140677315856,DERIVED_FROM_YFINANCE_GC=F
2003-09-03,375.0,369.0,367.5,4.399998256138401,DERIVED_FROM_YFINANCE_GC=F
2003-09-04,375.0,373.8999938964844,372.3999938964844,3.978570120675223,DERIVED_FROM_YFINANCE_GC=F
2003-09-05,375.0,372.8999938964844,371.3999938964844,3.771427699497768,DERIVED_FROM_YFINANCE_GC=F
2003-09-08,377.6000061035156,372.8999938964844,371.3999938964844,3.9285714285714284,DERIVED_FROM_YFINANCE_GC=F
2003-09-09,377.6000061035156,372.8999938964844,371.3999938964844,3.735713413783478,DERIVED_FROM_YFINANCE_GC=F
2003-09-10,381.7000122070313,375.1000061035156,373.6000061035156,3.900000435965398,DERIVED_FROM_YFINANCE_GC=F
2003-09-11,381.7000122070313,375.1000061035156,373.6000061035156,3.600001743861607,DERIVED_FROM_YFINANCE_GC=F
2003-09-12,381.7000122070313,378.0,376.5,3.5357164655412987,DERIVED_FROM_YFINANCE_GC=F
2003-09-15,380.0,375.7999877929688,374.2999877929688,3.607147216796879,DERIVED_FROM_YFINANCE_GC=F
2003-09-16,378.0,375.3999938964844,373.8999938964844,3.4214324951171955,DERIVED_FROM_YFINANCE_GC=F
2003-09-17,375.7999877929688,373.5,372.0,3.1000039236886243,DERIVED_FROM_YFINANCE_GC=F
2003-09-18,376.2000122070313,373.5,372.0,2.635718209402918,DERIVED_FROM_YFINANCE_GC=F
2003-09-19,376.6000061035156,373.5,372.0,2.342860630580369,DERIVED_FROM_YFINANCE_GC=F
2003-09-22,381.7999877929688,376.2000122070313,374.7000122070313,2.392859322684168,DERIVED_FROM_YFINANCE_GC=F
2003-09-23,387.2000122070313,376.6000061035156,375.1000061035156,2.7285744803292533,DERIVED_FROM_YFINANCE_GC=F
2003-09-24,387.2000122070313,381.7999877929688,380.2999877929688,2.771434238978815,DERIVED_FROM_YFINANCE_GC=F
2003-09-25,387.5,385.8999938964844,384.3999938964844,2.8142918178013594,DERIVED_FROM_YFINANCE_GC=F
2003-09-26,387.5,385.0,383.5,2.657148088727699,DERIVED_FROM_YFINANCE_GC=F
2003-09-29,387.5,380.7999877929688,379.2999877929688,2.77857753208707,DERIVED_FROM_YFINANCE_GC=F
2003-09-30,385.0,380.1000061035156,378.6000061035156,2.657148088727691,DERIVED_FROM_YFINANCE_GC=F
2003-10-01,388.7000122070313,380.1000061035156,378.6000061035156,2.992863246372776,DERIVED_FROM_YFINANCE_GC=F
2003-10-02,388.7000122070313,380.1000061035156,378.6000061035156,3.085719517299119,DERIVED_FROM_YFINANCE_GC=F
2003-10-03,388.7000122070313,380.5,379.0,3.135718209402914,DERIVED_FROM_YFINANCE_GC=F
2003-10-06,386.2999877929688,368.0,366.5,4.285718645368312,DERIVED_FROM_YFINANCE_GC=F
2003-10-07,385.1000061035156,368.0,366.5,4.492861066545771,DERIVED_FROM_YFINANCE_GC=F
2003-10-08,384.5,368.0,366.5,4.592858450753356,DERIVED_FROM_YFINANCE_GC=F
2003-10-09,377.7999877929688,370.7000122070313,369.2000122070313,4.692858014787963,DERIVED_FROM_YFINANCE_GC=F
2003-10-10,377.7999877929688,369.0,367.5,4.778573172433048,DERIVED_FROM_YFINANCE_GC=F
2003-10-13,377.7999877929688,369.0,367.5,4.507141113281262,DERIVED_FROM_YFINANCE_GC=F
2003-10-14,373.5,369.0,367.5,4.671425955636169,DERIVED_FROM_YFINANCE_GC=F
2003-10-15,375.7999877929688,370.0,368.5,4.721424647739967,DERIVED_FROM_YFINANCE_GC=F
2003-10-16,375.7999877929688,370.0,368.5,4.664282662527918,DERIVED_FROM_YFINANCE_GC=F
2003-10-17,375.7999877929688,372.7000122070313,371.2000122070313,4.371425083705382,DERIVED_FROM_YFINANCE_GC=F
2003-10-20,374.0,369.5,368.0,4.24999782017302,DERIVED_FROM_YFINANCE_GC=F
2003-10-21,374.5,369.5,368.0,3.9857112339564975,DERIVED_FROM_YFINANCE_GC=F
2003-10-22,382.0,369.5,368.0,4.321426391601583,DERIVED_FROM_YFINANCE_GC=F
2003-10-23,386.6000061035156,373.0,371.5,4.342854091099347,DERIVED_FROM_YFINANCE_GC=F
2003-10-24,387.7999877929688,377.6000061035156,376.1000061035156,3.3928527832031454,DERIVED_FROM_YFINANCE_GC=F
2003-10-27,394.0,384.1000061035156,382.6000061035156,3.82142421177457,DERIVED_FROM_YFINANCE_GC=F
2003-10-28,394.0,384.1000061035156,382.6000061035156,3.671425955636177,DERIVED_FROM_YFINANCE_GC=F
2003-10-29,394.0,383.0,381.5,3.892854963030146,DERIVED_FROM_YFINANCE_GC=F
2003-10-30,389.0,380.7999877929688,379.2999877929688,3.878570556640633,DERIVED_FROM_YFINANCE_GC=F
2003-10-31,387.1000061035156,380.7999877929688,379.2999877929688,3.7857164655412987,DERIVED_FROM_YFINANCE_GC=F
2003-11-03,387.1000061035156,380.7999877929688,379.2999877929688,3.5428597586495534,DERIVED_FROM_YFINANCE_GC=F
2003-11-04,387.1000061035156,382.7999877929688,381.2999877929688,3.50000435965401,DERIVED_FROM_YFINANCE_GC=F
2003-11-05,384.5,377.0,375.5,3.378574916294631,DERIVED_FROM_YFINANCE_GC=F
2003-11-06,383.0,377.0,375.5,3.5642896379743143,DERIVED_FROM_YFINANCE_GC=F
2003-11-07,382.6000061035156,377.0,375.5,3.478574480329221,DERIVED_FROM_YFINANCE_GC=F
2003-11-10,383.2999877929688,380.6000061035156,379.1000061035156,3.4785723005022198,DERIVED_FROM_YFINANCE_GC=F
2003-11-11,386.6000061035156,380.6000061035156,379.1000061035156,3.1428593226841355,DERIVED_FROM_YFINANCE_GC=F
2003-11-12,388.7000122070313,383.2999877929688,381.7999877929688,2.9428601946149473,DERIVED_FROM_YFINANCE_GC=F
2003-11-13,396.5,386.6000061035156,385.1000061035156,3.3142896379743183,DERIVED_FROM_YFINANCE_GC=F
2003-11-14,396.5,388.7000122070313,387.2000122070313,2.6857190813336933,DERIVED_FROM_YFINANCE_GC=F
2003-11-17,397.7999877929688,396.0,394.5,2.807146344866063,DERIVED_FROM_YFINANCE_GC=F
2003-11-18,398.0,396.0,394.5,2.471433367047979,DERIVED_FROM_YFINANCE_GC=F
2003-11-19,398.0,397.6000061035156,396.1000061035156,2.464290073939724,DERIVED_FROM_YFINANCE_GC=F
2003-11-20,398.0,397.6000061035156,396.1000061035156,2.4500034877232144,DERIVED_FROM_YFINANCE_GC=F
2003-11-21,397.7000122070313,393.7000122070313,392.2000122070313,2.521429879324777,DERIVED_FROM_YFINANCE_GC=F
2003-11-24,397.7000122070313,393.7000122070313,392.2000122070313,2.5499986921037987,DERIVED_FROM_YFINANCE_GC=F
2003-11-25,395.7999877929688,391.5,390.0,2.8714272635323703,DERIVED_FROM_YFINANCE_GC=F
2003-11-26,395.7999877929688,389.5,388.0,2.9428558349609455,DERIVED_FROM_YFINANCE_GC=F
2003-12-01,402.0,389.5,388.0,3.614283970424115,DERIVED_FROM_YFINANCE_GC=F
2003-12-02,402.8999938964844,389.5,388.0,3.857142857142857,DERIVED_FROM_YFINANCE_GC=F
2003-12-03,406.0,390.6000061035156,389.1000061035156,4.085712977818084,DERIVED_FROM_YFINANCE_GC=F
2003-12-04,406.0,397.0,395.5,4.114283970424107,DERIVED_FROM_YFINANCE_GC=F
2003-12-05,406.0,399.5,398.0,3.871427263532366,DERIVED_FROM_YFINANCE_GC=F
2003-12-08,406.7999877929688,400.0,398.5,4.278568812779022,DERIVED_FROM_YFINANCE_GC=F
2003-12-09,409.5,400.0,398.5,4.314285278320308,DERIVED_FROM_YFINANCE_GC=F
2003-12-10,409.5,400.0,398.5,4.485713413783482,DERIVED_FROM_YFINANCE_GC=F
2003-12-11,412.0,405.2999877929688,403.7999877929688,4.492856706891737,DERIVED_FROM_YFINANCE_GC=F
2003-12-12,412.0,402.7000122070313,401.2000122070313,4.792855398995523,DERIVED_FROM_YFINANCE_GC=F
2003-12-15,412.0,402.7000122070313,401.2000122070313,5.085712977818072,DERIVED_FROM_YFINANCE_GC=F
2003-12-16,411.0,401.6000061035156,400.1000061035156,5.607142857142849,DERIVED_FROM_YFINANCE_GC=F
2003-12-17,411.0,401.6000061035156,400.1000061035156,5.499999999999992,DERIVED_FROM_YFINANCE_GC=F
2003-12-18,411.0,401.6000061035156,400.1000061035156,5.457140241350435,DERIVED_FROM_YFINANCE_GC=F
2003-12-19,413.2000122070313,407.0,405.5,5.014284406389501,DERIVED_FROM_YFINANCE_GC=F
2003-12-22,413.2000122070313,407.7000122070313,406.2000122070313,4.799998692103794,DERIVED_FROM_YFINANCE_GC=F
2003-12-23,413.2000122070313,408.0,406.5,4.499997820172987,DERIVED_FROM_YFINANCE_GC=F
2003-12-24,411.5,408.1000061035156,406.6000061035156,4.4428558349609295,DERIVED_FROM_YFINANCE_GC=F
2003-12-29,413.2000122070313,409.6000061035156,408.1000061035156,4.2785709926060225,DERIVED_FROM_YFINANCE_GC=F
2003-12-30,415.7999877929688,409.7999877929688,408.2999877929688,4.042857578822536,DERIVED_FROM_YFINANCE_GC=F
2003-12-31,416.8999938964844,410.5,409.0,3.892857142857135,DERIVED_FROM_YFINANCE_GC=F
2004-01-05,417.2000122070313,413.0,411.5,3.728572300502228,DERIVED_FROM_YFINANCE_GC=F
2004-01-06,422.5,416.8999938964844,415.3999938964844,3.771427699497764,DERIVED_FROM_YFINANCE_GC=F
2004-01-07,424.2999877929688,417.2000122070313,415.7000122070313,3.471429007393969,DERIVED_FROM_YFINANCE_GC=F
2004-01-08,424.2999877929688,422.5,421.0,3.107145036969858,DERIVED_FROM_YFINANCE_GC=F
2004-01-09,424.2999877929688,422.0,420.5,2.4428601946149473,DERIVED_FROM_YFINANCE_GC=F
2004-01-12,423.8999938964844,422.0,420.5,2.235717773437492,DERIVED_FROM_YFINANCE_GC=F
2004-01-13,428.2000122070313,422.0,420.5,2.185721261160706,DERIVED_FROM_YFINANCE_GC=F
2004-01-14,428.2000122070313,423.0,421.5,2.050005231584813,DERIVED_FROM_YFINANCE_GC=F
2004-01-15,428.2000122070313,421.7000122070313,420.2000122070313,1.971433367047979,DERIVED_FROM_YFINANCE_GC=F
2004-01-16,425.8999938964844,421.7000122070313,420.2000122070313,1.828576224190836,DERIVED_FROM_YFINANCE_GC=F
2004-01-20,422.0,408.2999877929688,406.7999877929688,1.71429007393972,DERIVED_FROM_YFINANCE_GC=F
2004-01-21,422.0,406.7000122070313,405.2000122070313,1.5214320591517694,DERIVED_FROM_YFINANCE_GC=F
2004-01-22,412.6000061035156,406.7000122070313,405.2000122070313,1.2785753522600325,DERIVED_FROM_YFINANCE_GC=F
2004-01-23,412.6000061035156,406.7000122070313,405.2000122070313,1.1428593226841477,DERIVED_FROM_YFINANCE_GC=F
2004-01-26,412.6000061035156,407.8999938964844,406.3999938964844,1.2714298793247687,DERIVED_FROM_YFINANCE_GC=F
2004-01-27,411.2999877929688,406.6000061035156,405.1000061035156,0.8785727364676299,DERIVED_FROM_YFINANCE_GC=F
2004-01-28,410.0,406.6000061035156,405.1000061035156,1.114286150251116,DERIVED_FROM_YFINANCE_GC=F
2004-01-29,414.5,406.6000061035156,405.1000061035156,1.4214281354631737,DERIVED_FROM_YFINANCE_GC=F
2004-01-30,414.5,396.5,395.0,2.6999991280692006,DERIVED_FROM_YFINANCE_GC=F
2004-02-02,414.5,396.5,395.0,3.021427699497772,DERIVED_FROM_YFINANCE_GC=F
2004-02-03,412.0,394.0,392.5,3.514282226562508,DERIVED_FROM_YFINANCE_GC=F
2004-02-04,403.2999877929688,394.0,392.5,3.5999973842075934,DERIVED_FROM_YFINANCE_GC=F
2004-02-05,403.2999877929688,394.0,392.5,3.657139369419651,DERIVED_FROM_YFINANCE_GC=F
2004-02-06,403.0,397.5,396.0,3.885711669921887,DERIVED_FROM_YFINANCE_GC=F
2004-02-09,407.0,397.0,395.5,4.592854091099347,DERIVED_FROM_YFINANCE_GC=F
2004-02-10,407.5,397.0,395.5,4.871425083705374,DERIVED_FROM_YFINANCE_GC=F
2004-02-11,410.5,397.0,395.5,5.128568376813624,DERIVED_FROM_YFINANCE_GC=F
2004-02-12,412.0,403.7999877929688,402.2999877929688,5.54285539899554,DERIVED_FROM_YFINANCE_GC=F
2004-02-13,413.5,406.0,404.5,5.642854963030138,DERIVED_FROM_YFINANCE_GC=F
2004-02-17,416.0,406.0,404.5,6.12142726353237,DERIVED_FROM_YFINANCE_GC=F
2004-02-18,416.0,408.0,406.5,6.242856706891741,DERIVED_FROM_YFINANCE_GC=F
2004-02-19,416.0,408.0,406.5,6.207142421177456,DERIVED_FROM_YFINANCE_GC=F
2004-02-20,415.3999938964844,409.0,407.5,5.1571415492466555,DERIVED_FROM_YFINANCE_GC=F
2004-02-23,415.2999877929688,395.0,393.5,5.885711669921883,DERIVED_FROM_YFINANCE_GC=F
2004-02-24,411.2999877929688,395.0,393.5,5.414284842354919,DERIVED_FROM_YFINANCE_GC=F
2004-02-25,409.0,395.0,393.5,5.392857142857155,DERIVED_FROM_YFINANCE_GC=F
2004-02-26,404.7999877929688,395.0,393.5,5.892857142857155,DERIVED_FROM_YFINANCE_GC=F
2004-02-27,404.7999877929688,395.0,393.5,5.6928558349609535,DERIVED_FROM_YFINANCE_GC=F
2004-03-01,404.7999877929688,395.0,393.5,5.035712105887297,DERIVED_FROM_YFINANCE_GC=F
2004-03-02,396.3999938964844,395.0,393.5,4.75714111328127,DERIVED_FROM_YFINANCE_GC=F
2004-03-03,398.7999877929688,393.5,392.0,4.907139369419672,DERIVED_FROM_YFINANCE_GC=F
2004-03-04,398.7999877929688,391.1000061035156,389.6000061035156,4.649996076311412,DERIVED_FROM_YFINANCE_GC=F
2004-03-05,398.7999877929688,391.1000061035156,389.6000061035156,4.571424211774586,DERIVED_FROM_YFINANCE_GC=F
2004-03-08,401.0,391.1000061035156,389.6000061035156,4.578567504882845,DERIVED_FROM_YFINANCE_GC=F
2004-03-09,401.0,393.0,391.5,4.378566196986648,DERIVED_FROM_YFINANCE_GC=F
2004-03-10,402.3999938964844,399.0,397.5,4.221422467912987,DERIVED_FROM_YFINANCE_GC=F
2004-03-11,402.3999938964844,399.0,397.5,4.285709926060308,DERIVED_FROM_YFINANCE_GC=F
2004-03-12,402.3999938964844,399.1000061035156,397.6000061035156,3.2928532191685633,DERIVED_FROM_YFINANCE_GC=F
2004-03-15,400.0,395.2999877929688,393.7999877929688,3.4857112339565055,DERIVED_FROM_YFINANCE_GC=F
2004-03-16,399.3999938964844,395.2999877929688,393.7999877929688,3.478567940848239,DERIVED_FROM_YFINANCE_GC=F
2004-03-17,402.0,395.2999877929688,393.7999877929688,2.9642835344587257,DERIVED_FROM_YFINANCE_GC=F
2004-03-18,404.0,399.3999938964844,397.8999938964844,3.028570992606043,DERIVED_FROM_YFINANCE_GC=F
2004-03-19,411.1000061035156,402.0,400.5,3.271429879324789,DERIVED_FROM_YFINANCE_GC=F
2004-03-22,412.0,404.0,402.5,3.3357151576451014,DERIVED_FROM_YFINANCE_GC=F
2004-03-23,417.3999938964844,411.1000061035156,409.6000061035156,3.271429879324785,DERIVED_FROM_YFINANCE_GC=F
2004-03-24,417.3999938964844,412.0,410.5,3.100001743861615,DERIVED_FROM_YFINANCE_GC=F
2004-03-25,417.3999938964844,417.2000122070313,415.7000122070313,3.1142861502511203,DERIVED_FROM_YFINANCE_GC=F
2004-03-26,417.3999938964844,416.0,414.5,2.621429443359383,DERIVED_FROM_YFINANCE_GC=F
2004-03-29,422.0,416.0,414.5,2.8357151576450894,DERIVED_FROM_YFINANCE_GC=F
2004-03-30,422.1000061035156,416.0,414.5,2.7071446010044644,DERIVED_FROM_YFINANCE_GC=F
2004-03-31,424.3999938964844,416.5,415.0,2.971429007393969,DERIVED_FROM_YFINANCE_GC=F
2004-04-01,428.0,416.5,415.0,3.4357147216796835,DERIVED_FROM_YFINANCE_GC=F
2004-04-02,432.0,416.5,415.0,3.5857129778180763,DERIVED_FROM_YFINANCE_GC=F
2004-04-05,432.0,417.5,416.0,4.114283970424107,DERIVED_FROM_YFINANCE_GC=F
2004-04-06,432.0,414.0,412.5,4.471426827566964,DERIVED_FROM_YFINANCE_GC=F
2004-04-07,429.0,414.0,412.5,4.671425955636165,DERIVED_FROM_YFINANCE_GC=F
2004-04-08,423.6000061035156,414.0,412.5,4.785712105887277,DERIVED_FROM_YFINANCE_GC=F
2004-04-12,423.6000061035156,415.6000061035156,414.1000061035156,5.028568812779022,DERIVED_FROM_YFINANCE_GC=F
2004-04-13,423.6000061035156,417.7999877929688,416.2999877929688,4.971426827566968,DERIVED_FROM_YFINANCE_GC=F
2004-04-14,423.2999877929688,406.0,404.5,5.9785701206752275,DERIVED_FROM_YFINANCE_GC=F
2004-04-15,422.1000061035156,399.0,397.5,6.428571428571432,DERIVED_FROM_YFINANCE_GC=F
2004-04-16,417.7999877929688,396.5,395.0,6.664284842354911,DERIVED_FROM_YFINANCE_GC=F
2004-04-19,407.8999938964844,396.5,395.0,6.607142857142861,DERIVED_FROM_YFINANCE_GC=F
2004-04-20,404.6000061035156,396.5,395.0,6.921428135463169,DERIVED_FROM_YFINANCE_GC=F
2004-04-21,404.6000061035156,396.7999877929688,395.2999877929688,6.62857273646763,DERIVED_FROM_YFINANCE_GC=F
2004-04-22,404.6000061035156,390.0,388.5,6.650002615792411,DERIVED_FROM_YFINANCE_GC=F
2004-04-23,400.2999877929688,390.0,388.5,6.328574044363839,DERIVED_FROM_YFINANCE_GC=F
2004-04-26,396.7999877929688,390.0,388.5,5.77857317243304,DERIVED_FROM_YFINANCE_GC=F
2004-04-27,396.7999877929688,390.5,389.0,5.350001743861616,DERIVED_FROM_YFINANCE_GC=F
2004-04-28,399.0,393.0,391.5,5.264288766043527,DERIVED_FROM_YFINANCE_GC=F
2004-04-29,399.0,384.1000061035156,382.6000061035156,5.885716029575897,DERIVED_FROM_YFINANCE_GC=F
2004-04-30,399.0,380.0,378.5,6.007145472935268,DERIVED_FROM_YFINANCE_GC=F
2004-05-03,396.0,380.0,378.5,5.885716029575893,DERIVED_FROM_YFINANCE_GC=F
2004-05-04,389.0,380.0,378.5,4.878572736467634,DERIVED_FROM_YFINANCE_GC=F
2004-05-05,392.0,387.0,385.5,4.600001743861607,DERIVED_FROM_YFINANCE_GC=F
2004-05-06,392.0,387.0,385.5,4.278573172433036,DERIVED_FROM_YFINANCE_GC=F
2004-05-07,392.0,387.2000122070313,385.7000122070313,4.4000004359653975,DERIVED_FROM_YFINANCE_GC=F
2004-05-10,391.3999938964844,377.0,375.5,4.871429443359375,DERIVED_FROM_YFINANCE_GC=F
2004-05-11,387.2000122070313,377.0,375.5,4.607142857142866,DERIVED_FROM_YFINANCE_GC=F
2004-05-12,378.6000061035156,376.8999938964844,375.3999938964844,4.15714154924666,DERIVED_FROM_YFINANCE_GC=F
2004-05-13,378.6000061035156,376.8999938964844,375.3999938964844,3.9785701206752315,DERIVED_FROM_YFINANCE_GC=F
2004-05-14,377.3999938964844,376.8999938964844,375.3999938964844,3.7071424211774593,DERIVED_FROM_YFINANCE_GC=F
2004-05-17,377.3999938964844,377.0,375.5,3.749999999999996,DERIVED_FROM_YFINANCE_GC=F
2004-05-18,379.5,377.0,375.5,3.6999991280691966,DERIVED_FROM_YFINANCE_GC=F
2004-05-19,379.5,375.7999877929688,374.2999877929688,2.9285714285714244,DERIVED_FROM_YFINANCE_GC=F
2004-05-20,382.8999938964844,375.7999877929688,374.2999877929688,3.0071432931082507,DERIVED_FROM_YFINANCE_GC=F
2004-05-21,382.8999938964844,375.7999877929688,374.2999877929688,2.842858450753336,DERIVED_FROM_YFINANCE_GC=F
2004-05-24,384.7999877929688,382.7999877929688,381.2999877929688,3.3000008719307954,DERIVED_FROM_YFINANCE_GC=F
2004-05-25,385.6000061035156,382.7999877929688,381.2999877929688,3.0000021798269967,DERIVED_FROM_YFINANCE_GC=F
2004-05-26,388.2999877929688,384.7999877929688,383.2999877929688,3.192858014787938,DERIVED_FROM_YFINANCE_GC=F
2004-05-27,388.2999877929688,385.6000061035156,384.1000061035156,2.7500021798270047,DERIVED_FROM_YFINANCE_GC=F
2004-05-28,395.8999938964844,388.1000061035156,386.6000061035156,2.521429879324773,DERIVED_FROM_YFINANCE_GC=F
2004-06-01,396.2999877929688,388.1000061035156,386.6000061035156,2.778570992606023,DERIVED_FROM_YFINANCE_GC=F
2004-06-02,399.0,388.1000061035156,386.6000061035156,3.085715157645077,DERIVED_FROM_YFINANCE_GC=F
2004-06-03,399.0,390.0,388.5,3.585715157645077,DERIVED_FROM_YFINANCE_GC=F
2004-06-04,399.0,387.3999938964844,385.8999938964844,3.985715593610479,DERIVED_FROM_YFINANCE_GC=F
2004-06-07,397.5,385.5,384.0,4.257143293108251,DERIVED_FROM_YFINANCE_GC=F
2004-06-08,394.0,385.5,384.0,4.300000871930796,DERIVED_FROM_YFINANCE_GC=F
2004-06-09,395.0,385.5,384.0,4.371429443359367,DERIVED_FROM_YFINANCE_GC=F
2004-06-10,395.0,383.0,381.5,4.478572300502228,DERIVED_FROM_YFINANCE_GC=F
2004-06-14,395.0,383.0,381.5,4.542857578822544,DERIVED_FROM_YFINANCE_GC=F
2004-06-15,391.6000061035156,383.0,381.5,4.292857578822541,DERIVED_FROM_YFINANCE_GC=F
2004-06-16,388.5,383.0,381.5,4.628570556640625,DERIVED_FROM_YFINANCE_GC=F
2004-06-17,388.5,383.0,381.5,4.764286586216514,DERIVED_FROM_YFINANCE_GC=F
2004-06-18,388.5,383.0,381.5,4.8142852783203125,DERIVED_FROM_YFINANCE_GC=F
2004-06-21,396.3999938964844,383.5,382.0,4.792857578822544,DERIVED_FROM_YFINANCE_GC=F
2004-06-22,396.3999938964844,385.2999877929688,383.7999877929688,4.664287022181911,DERIVED_FROM_YFINANCE_GC=F
2004-06-23,396.5,393.0,391.5,4.435714721679683,DERIVED_FROM_YFINANCE_GC=F
2004-06-24,397.2000122070313,393.2000122070313,391.7000122070313,4.092858450753348,DERIVED_FROM_YFINANCE_GC=F
2004-06-25,403.7000122070313,394.0,392.5,4.3428584507533525,DERIVED_FROM_YFINANCE_GC=F
2004-06-28,403.7000122070313,394.5,393.0,4.078574044363839,DERIVED_FROM_YFINANCE_GC=F
2004-06-29,405.0,394.6000061035156,393.1000061035156,4.12143162318638,DERIVED_FROM_YFINANCE_GC=F
2004-06-30,405.0,398.0,396.5,4.000002179827009,DERIVED_FROM_YFINANCE_GC=F
2004-07-01,405.0,394.2999877929688,392.7999877929688,3.592858450753348,DERIVED_FROM_YFINANCE_GC=F
2004-07-02,400.2000122070313,394.2999877929688,392.7999877929688,3.764286586216518,DERIVED_FROM_YFINANCE_GC=F
2004-07-06,397.2000122070313,394.2999877929688,392.7999877929688,3.642859322684156,DERIVED_FROM_YFINANCE_GC=F
2004-07-07,397.2000122070313,393.0,391.5,3.628572736467642,DERIVED_FROM_YFINANCE_GC=F
2004-07-08,397.7999877929688,393.0,391.5,3.6714281354631817,DERIVED_FROM_YFINANCE_GC=F
2004-07-09,407.7999877929688,393.0,391.5,4.014286586216526,DERIVED_FROM_YFINANCE_GC=F
2004-07-12,407.8999938964844,397.7999877929688,396.2999877929688,3.4857155936104953,DERIVED_FROM_YFINANCE_GC=F
2004-07-13,407.8999938964844,407.5,406.0,3.350001743861615,DERIVED_FROM_YFINANCE_GC=F
2004-07-14,408.1000061035156,407.5,406.0,3.171430315290187,DERIVED_FROM_YFINANCE_GC=F
2004-07-15,408.1000061035156,402.0,400.5,2.978572300502236,DERIVED_FROM_YFINANCE_GC=F
2004-07-16,408.1000061035156,402.0,400.5,2.4142848423549066,DERIVED_FROM_YFINANCE_GC=F
2004-07-19,404.2000122070313,402.0,400.5,2.257141113281254,DERIVED_FROM_YFINANCE_GC=F
2004-07-20,406.6000061035156,404.1000061035156,402.6000061035156,1.9928545270647402,DERIVED_FROM_YFINANCE_GC=F
2004-07-21,406.6000061035156,404.1000061035156,402.6000061035156,1.778568812779026,DERIVED_FROM_YFINANCE_GC=F
2004-07-22,406.6000061035156,401.8999938964844,400.3999938964844,1.5714263916015707,DERIVED_FROM_YFINANCE_GC=F
2004-07-23,405.6000061035156,395.2000122070313,393.7000122070313,1.4642835344587095,DERIVED_FROM_YFINANCE_GC=F
2004-07-26,401.8999938964844,391.0,389.5,1.6785692487444237,DERIVED_FROM_YFINANCE_GC=F
2004-07-27,395.2000122070313,389.8999938964844,388.3999938964844,1.3428562709263392,DERIVED_FROM_YFINANCE_GC=F
2004-07-28,391.0,389.8999938964844,388.3999938964844,0.9785701206752192,DERIVED_FROM_YFINANCE_GC=F
2004-07-29,390.2000122070313,387.0,385.5,0.5857129778180763,DERIVED_FROM_YFINANCE_GC=F
2004-07-30,391.0,385.0,383.5,1.00714111328125,DERIVED_FROM_YFINANCE_GC=F
2004-08-02,392.0,385.0,383.5,1.3642839704241072,DERIVED_FROM_YFINANCE_GC=F
2004-08-03,394.5,385.0,383.5,1.6142839704241072,DERIVED_FROM_YFINANCE_GC=F
2004-08-04,394.7999877929688,387.0,385.5,2.0428553989955356,DERIVED_FROM_YFINANCE_GC=F
2004-08-05,394.7999877929688,388.7999877929688,387.2999877929688,2.2071424211774593,DERIVED_FROM_YFINANCE_GC=F
2004-08-06,394.7999877929688,388.7999877929688,387.2999877929688,2.378570556640625,DERIVED_FROM_YFINANCE_GC=F
2004-08-09,401.5,390.5,389.0,3.128570556640625,DERIVED_FROM_YFINANCE_GC=F
2004-08-10,401.5,391.0,389.5,3.2857142857142896,DERIVED_FROM_YFINANCE_GC=F
2004-08-11,401.5,391.0,389.5,3.48571341378349,DERIVED_FROM_YFINANCE_GC=F
2004-08-12,401.2999877929688,393.2999877929688,391.7999877929688,3.8285718645368383,DERIVED_FROM_YFINANCE_GC=F
2004-08-13,401.2999877929688,393.2999877929688,391.7999877929688,3.7071424211774593,DERIVED_FROM_YFINANCE_GC=F
2004-08-16,399.5,393.2999877929688,391.7999877929688,4.092856270926343,DERIVED_FROM_YFINANCE_GC=F
2004-08-17,403.0,393.5,392.0,4.378572736467638,DERIVED_FROM_YFINANCE_GC=F
2004-08-18,404.0,393.5,392.0,4.642859322684152,DERIVED_FROM_YFINANCE_GC=F
2004-08-19,404.5,399.0,397.5,4.3428584507533445,DERIVED_FROM_YFINANCE_GC=F
2004-08-20,407.8999938964844,400.2999877929688,398.7999877929688,4.242858886718742,DERIVED_FROM_YFINANCE_GC=F
2004-08-23,412.7999877929688,402.7000122070313,401.2000122070313,4.407143729073657,DERIVED_FROM_YFINANCE_GC=F
2004-08-24,412.7999877929688,404.2999877929688,402.7999877929688,4.228572300502228,DERIVED_FROM_YFINANCE_GC=F
2004-08-25,412.7999877929688,404.0,402.5,4.442858014787943,DERIVED_FROM_YFINANCE_GC=F
2004-08-26,411.7999877929688,404.0,402.5,4.550000871930799,DERIVED_FROM_YFINANCE_GC=F
2004-08-27,409.0,404.0,402.5,3.999999999999992,DERIVED_FROM_YFINANCE_GC=F
2004-08-30,409.0,403.0,401.5,4.199999128069185,DERIVED_FROM_YFINANCE_GC=F
2004-08-31,409.0,403.0,401.5,4.32857186453681,DERIVED_FROM_YFINANCE_GC=F
2004-09-01,410.3999938964844,403.0,401.5,4.035714285714265,DERIVED_FROM_YFINANCE_GC=F
2004-09-02,410.3999938964844,404.7000122070313,403.2000122070313,4.078571864536806,DERIVED_FROM_YFINANCE_GC=F
2004-09-03,410.3999938964844,406.3999938964844,404.8999938964844,3.821428571428551,DERIVED_FROM_YFINANCE_GC=F
2004-09-07,407.2999877929688,400.5,399.0,3.9214281354631493,DERIVED_FROM_YFINANCE_GC=F
2004-09-08,406.3999938964844,398.0,396.5,3.8357129778180643,DERIVED_FROM_YFINANCE_GC=F
2004-09-09,400.5,396.7999877929688,395.2999877929688,3.7499999999999836,DERIVED_FROM_YFINANCE_GC=F
2004-09-10,398.8999938964844,396.7999877929688,395.2999877929688,3.5285709926060145,DERIVED_FROM_YFINANCE_GC=F
2004-09-13,402.0,396.7999877929688,395.2999877929688,3.3642861502511,DERIVED_FROM_YFINANCE_GC=F
2004-09-14,404.1000061035156,398.8999938964844,397.3999938964844,3.2714298793247605,DERIVED_FROM_YFINANCE_GC=F
2004-09-15,405.1000061035156,401.0,399.5,2.8785727364676177,DERIVED_FROM_YFINANCE_GC=F
2004-09-16,405.1000061035156,404.0,402.5,2.714287894112711,DERIVED_FROM_YFINANCE_GC=F
2004-09-17,405.1000061035156,404.0,402.5,2.5357164655412823,DERIVED_FROM_YFINANCE_GC=F
2004-09-20,405.7999877929688,404.0,402.5,2.2571432931082467,DERIVED_FROM_YFINANCE_GC=F
2004-09-21,405.7999877929688,403.6000061035156,402.1000061035156,2.0857129778180763,DERIVED_FROM_YFINANCE_GC=F
2004-09-22,408.2999877929688,403.6000061035156,402.1000061035156,2.114283970424107,DERIVED_FROM_YFINANCE_GC=F
2004-09-23,408.2999877929688,403.6000061035156,402.1000061035156,1.9714246477399595,DERIVED_FROM_YFINANCE_GC=F
2004-09-24,410.8999938964844,407.2000122070313,405.7000122070313,2.0642809186662907,DERIVED_FROM_YFINANCE_GC=F
2004-09-27,410.8999938964844,407.2000122070313,405.7000122070313,1.871422903878344,DERIVED_FROM_YFINANCE_GC=F
2004-09-28,410.8999938964844,408.1000061035156,406.6000061035156,1.764280046735487,DERIVED_FROM_YFINANCE_GC=F
2004-09-29,410.7999877929688,408.1000061035156,406.6000061035156,1.8428497314453165,DERIVED_FROM_YFINANCE_GC=F
2004-09-30,414.0,409.1000061035156,407.6000061035156,1.9785635811942004,DERIVED_FROM_YFINANCE_GC=F
2004-10-01,418.7999877929688,410.7999877929688,409.2999877929688,2.164276123046879,DERIVED_FROM_YFINANCE_GC=F
2004-10-04,419.1000061035156,411.6000061035156,410.1000061035156,2.1571328299386203,DERIVED_FROM_YFINANCE_GC=F
2004-10-05,419.1000061035156,411.5,410.0,2.6571328299386203,DERIVED_FROM_YFINANCE_GC=F
2004-10-06,419.2999877929688,411.5,410.0,2.9142739432198703,DERIVED_FROM_YFINANCE_GC=F
2004-10-07,419.2999877929688,411.5,410.0,3.0357033865792493,DERIVED_FROM_YFINANCE_GC=F
2004-10-08,419.2999877929688,415.0,413.5,3.064276559012285,DERIVED_FROM_YFINANCE_GC=F
2004-10-11,425.0,417.0,415.5,3.407135009765629,DERIVED_FROM_YFINANCE_GC=F
2004-10-12,425.0,417.5,416.0,3.3428497314453165,DERIVED_FROM_YFINANCE_GC=F
2004-10-13,425.0,413.5,412.0,3.871422903878352,DERIVED_FROM_YFINANCE_GC=F
2004-10-14,422.2000122070313,410.2999877929688,408.7999877929688,3.9499969482421915,DERIVED_FROM_YFINANCE_GC=F
2004-10-15,419.1000061035156,410.2999877929688,408.7999877929688,4.149996076311388,DERIVED_FROM_YFINANCE_GC=F
2004-10-18,419.7000122070313,410.2999877929688,408.7999877929688,4.214283534458709,DERIVED_FROM_YFINANCE_GC=F
2004-10-19,419.7000122070313,415.2000122070313,413.7000122070313,4.228570120675223,DERIVED_FROM_YFINANCE_GC=F
2004-10-20,420.7000122070313,417.1000061035156,415.6000061035156,4.378570556640625,DERIVED_FROM_YFINANCE_GC=F
2004-10-21,425.1000061035156,417.1000061035156,415.6000061035156,4.285716465541291,DERIVED_FROM_YFINANCE_GC=F
2004-10-22,425.1000061035156,420.2999877929688,418.7999877929688,4.242858886718746,DERIVED_FROM_YFINANCE_GC=F
2004-10-25,425.1000061035156,420.2999877929688,418.7999877929688,3.685716901506692,DERIVED_FROM_YFINANCE_GC=F
2004-10-26,430.0,422.0,420.5,3.6928601946149473,DERIVED_FROM_YFINANCE_GC=F
2004-10-27,430.0,424.6000061035156,423.1000061035156,3.8142896379743223,DERIVED_FROM_YFINANCE_GC=F
2004-10-28,430.0,423.5,422.0,4.150004795619416,DERIVED_FROM_YFINANCE_GC=F
2004-10-29,429.7000122070313,423.5,422.0,3.671434674944188,DERIVED_FROM_YFINANCE_GC=F
2004-11-01,429.7000122070313,423.5,422.0,3.7642909458705276,DERIVED_FROM_YFINANCE_GC=F
2004-11-02,428.5,425.1000061035156,423.6000061035156,3.242863246372756,DERIVED_FROM_YFINANCE_GC=F
2004-11-03,428.5,427.2000122070313,425.7000122070313,2.9071459089006617,DERIVED_FROM_YFINANCE_GC=F
2004-11-04,427.2999877929688,424.6000061035156,423.1000061035156,2.835719517299099,DERIVED_FROM_YFINANCE_GC=F
2004-11-05,430.1000061035156,424.6000061035156,423.1000061035156,3.092860630580349,DERIVED_FROM_YFINANCE_GC=F
2004-11-08,433.6000061035156,424.6000061035156,423.1000061035156,3.207146780831465,DERIVED_FROM_YFINANCE_GC=F
2004-11-09,433.6000061035156,430.1000061035156,428.6000061035156,2.950003487723202,DERIVED_FROM_YFINANCE_GC=F
2004-11-10,434.0,432.7000122070313,431.2000122070313,2.7000013078961933,DERIVED_FROM_YFINANCE_GC=F
2004-11-11,434.5,432.7000122070313,431.2000122070313,2.6785736083984295,DERIVED_FROM_YFINANCE_GC=F
2004-11-12,434.8999938964844,434.0,432.5,2.728572300502224,DERIVED_FROM_YFINANCE_GC=F
2004-11-15,437.8999938964844,434.5,433.0,2.5571441650390545,DERIVED_FROM_YFINANCE_GC=F
2004-11-16,437.8999938964844,434.8999938964844,433.3999938964844,2.357142857142849,DERIVED_FROM_YFINANCE_GC=F
2004-11-17,440.2000122070313,437.0,435.5,2.142857142857135,DERIVED_FROM_YFINANCE_GC=F
2004-11-18,444.7999877929688,437.0,435.5,2.4499969482421835,DERIVED_FROM_YFINANCE_GC=F
2004-11-19,444.7999877929688,440.2000122070313,438.7000122070313,2.364281790597098,DERIVED_FROM_YFINANCE_GC=F
2004-11-22,446.7999877929688,442.6000061035156,441.1000061035156,2.578565325055812,DERIVED_FROM_YFINANCE_GC=F
2004-11-23,446.8999938964844,442.6000061035156,441.1000061035156,2.5785675048828165,DERIVED_FROM_YFINANCE_GC=F
2004-11-24,447.7999877929688,446.7999877929688,445.2999877929688,2.321424211774558,DERIVED_FROM_YFINANCE_GC=F
2004-11-29,449.2999877929688,446.8999938964844,445.3999938964844,2.035709926060272,DERIVED_FROM_YFINANCE_GC=F
2004-11-30,454.7999877929688,447.7999877929688,446.2999877929688,2.1785670689174146,DERIVED_FROM_YFINANCE_GC=F
2004-12-01,454.7999877929688,448.2999877929688,446.7999877929688,2.528568812779022,DERIVED_FROM_YFINANCE_GC=F
2004-12-02,456.0,448.2999877929688,446.7999877929688,2.8285696847098296,DERIVED_FROM_YFINANCE_GC=F
2004-12-03,456.5,447.0,445.5,3.4214259556361646,DERIVED_FROM_YFINANCE_GC=F
2004-12-06,456.5,447.0,445.5,3.857140677315852,DERIVED_FROM_YFINANCE_GC=F
2004-12-07,456.5,447.0,445.5,3.9714268275669684,DERIVED_FROM_YFINANCE_GC=F
2004-12-08,456.1000061035156,448.5,447.0,4.192855834960942,DERIVED_FROM_YFINANCE_GC=F
2004-12-09,456.1000061035156,434.0,432.5,5.249997820172991,DERIVED_FROM_YFINANCE_GC=F
2004-12-10,455.5,432.6000061035156,431.1000061035156,5.492856706891741,DERIVED_FROM_YFINANCE_GC=F
2004-12-13,450.0,432.6000061035156,431.1000061035156,5.657143729073657,DERIVED_FROM_YFINANCE_GC=F
2004-12-14,440.6000061035156,432.6000061035156,431.1000061035156,5.757145472935259,DERIVED_FROM_YFINANCE_GC=F
2004-12-15,439.5,432.6000061035156,431.1000061035156,6.000002179827005,DERIVED_FROM_YFINANCE_GC=F
2004-12-16,442.0,435.3999938964844,433.8999938964844,6.378572736467626,DERIVED_FROM_YFINANCE_GC=F
2004-12-17,442.6000061035156,435.3999938964844,433.8999938964844,6.671430315290171,DERIVED_FROM_YFINANCE_GC=F
2004-12-20,442.6000061035156,435.7000122070313,434.2000122070313,6.507145472935256,DERIVED_FROM_YFINANCE_GC=F
2004-12-21,444.0,436.7999877929688,435.2999877929688,6.264286586216509,DERIVED_FROM_YFINANCE_GC=F
2004-12-22,444.0,436.7999877929688,435.2999877929688,6.0214298793247725,DERIVED_FROM_YFINANCE_GC=F
2004-12-23,444.0,439.0,437.5,5.607145036969866,DERIVED_FROM_YFINANCE_GC=F
2004-12-27,443.2000122070313,439.0,437.5,5.271432059151782,DERIVED_FROM_YFINANCE_GC=F
2004-12-28,445.8999938964844,439.0,437.5,5.228574480329237,DERIVED_FROM_YFINANCE_GC=F
2004-12-29,445.8999938964844,441.0,439.5,5.12143162318638,DERIVED_FROM_YFINANCE_GC=F
2004-12-30,445.8999938964844,440.5,439.0,4.107145036969866,DERIVED_FROM_YFINANCE_GC=F
2005-01-03,445.5,438.8999938964844,437.3999938964844,3.750002179827009,DERIVED_FROM_YFINANCE_GC=F
2005-01-04,440.5,431.0,429.5,3.892859322684152,DERIVED_FROM_YFINANCE_GC=F
2005-01-05,439.0,428.5,427.0,3.507145472935272,DERIVED_FROM_YFINANCE_GC=F
2005-01-06,431.0,425.7000122070313,424.2000122070313,3.4571446010044644,DERIVED_FROM_YFINANCE_GC=F
2005-01-07,428.5,421.0,419.5,3.4071459089006737,DERIVED_FROM_YFINANCE_GC=F
2005-01-10,425.7000122070313,418.7000122070313,417.2000122070313,3.364288330078129,DERIVED_FROM_YFINANCE_GC=F
2005-01-11,423.7000122070313,418.7000122070313,417.2000122070313,3.150002615792419,DERIVED_FROM_YFINANCE_GC=F
2005-01-12,423.7000122070313,418.7000122070313,417.2000122070313,3.1785736083984455,DERIVED_FROM_YFINANCE_GC=F
2005-01-13,423.7999877929688,419.1000061035156,417.6000061035156,3.1642870221819277,DERIVED_FROM_YFINANCE_GC=F
2005-01-14,424.7000122070313,421.8999938964844,420.3999938964844,3.0,DERIVED_FROM_YFINANCE_GC=F
2005-01-18,424.7000122070313,422.0,420.5,3.014284406389513,DERIVED_FROM_YFINANCE_GC=F
2005-01-19,424.7000122070313,422.0,420.5,2.764284406389513,DERIVED_FROM_YFINANCE_GC=F
2005-01-20,426.5,422.0,420.5,2.8214263916015625,DERIVED_FROM_YFINANCE_GC=F
2005-01-21,426.5,421.7999877929688,420.2999877929688,2.6357138497488757,DERIVED_FROM_YFINANCE_GC=F
2005-01-24,426.5,421.7999877929688,420.2999877929688,2.6714281354631617,DERIVED_FROM_YFINANCE_GC=F
2005-01-25,426.8999938964844,421.7999877929688,420.2999877929688,2.221426827566952,DERIVED_FROM_YFINANCE_GC=F
2005-01-26,426.8999938964844,422.0,420.5,2.5571398053850283,DERIVED_FROM_YFINANCE_GC=F
2005-01-27,426.8999938964844,422.0,420.5,2.707140241350434,DERIVED_FROM_YFINANCE_GC=F
2005-01-28,426.8999938964844,422.0,420.5,2.349997384207573,DERIVED_FROM_YFINANCE_GC=F
2005-01-31,427.5,424.0,422.5,2.2428545270647158,DERIVED_FROM_YFINANCE_GC=F
2005-02-01,427.5,419.2999877929688,417.7999877929688,2.742854527064712,DERIVED_FROM_YFINANCE_GC=F
2005-02-02,427.5,419.2000122070313,417.7000122070313,2.7642822265624796,DERIVED_FROM_YFINANCE_GC=F
2005-02-03,426.5,419.2000122070313,417.7000122070313,2.8071398053850203,DERIVED_FROM_YFINANCE_GC=F
2005-02-04,422.2999877929688,414.7000122070313,413.2000122070313,3.1785670689173906,DERIVED_FROM_YFINANCE_GC=F
2005-02-07,422.2999877929688,413.7000122070313,412.2000122070313,3.2928510393414974,DERIVED_FROM_YFINANCE_GC=F
2005-02-08,421.2999877929688,412.5,411.0,3.507136753627212,DERIVED_FROM_YFINANCE_GC=F
2005-02-09,417.7999877929688,410.1000061035156,408.6000061035156,3.5214233398437336,DERIVED_FROM_YFINANCE_GC=F
2005-02-10,416.0,410.1000061035156,408.6000061035156,3.6857081821986486,DERIVED_FROM_YFINANCE_GC=F
2005-02-11,418.5,410.1000061035156,408.6000061035156,3.864279610770077,DERIVED_FROM_YFINANCE_GC=F
2005-02-14,422.0,410.2999877929688,408.7999877929688,4.192851475306908,DERIVED_FROM_YFINANCE_GC=F
2005-02-15,425.6000061035156,412.5,411.0,4.207138061523425,DERIVED_FROM_YFINANCE_GC=F
2005-02-16,426.2000122070313,417.6000061035156,416.1000061035156,4.014282226562492,DERIVED_FROM_YFINANCE_GC=F
2005-02-17,426.2000122070313,422.2999877929688,420.7999877929688,4.192853655133921,DERIVED_FROM_YFINANCE_GC=F
2005-02-18,428.0,422.7999877929688,421.2999877929688,4.135711669921863,DERIVED_FROM_YFINANCE_GC=F
2005-02-22,428.0,422.7999877929688,421.2999877929688,3.664280482700885,DERIVED_FROM_YFINANCE_GC=F
2005-02-23,435.0,425.2999877929688,423.7999877929688,4.049996512276778,DERIVED_FROM_YFINANCE_GC=F
2005-02-24,435.5,426.5,425.0,4.035709926060256,DERIVED_FROM_YFINANCE_GC=F
2005-02-25,436.0,426.5,425.0,3.8142830984932914,DERIVED_FROM_YFINANCE_GC=F
2005-02-28,436.0,432.5,431.0,3.628570556640613,DERIVED_FROM_YFINANCE_GC=F
2005-03-01,436.0,432.5,431.0,3.4214281354631573,DERIVED_FROM_YFINANCE_GC=F
2005-03-02,436.0,433.0,431.5,3.4214281354631573,DERIVED_FROM_YFINANCE_GC=F
2005-03-03,435.5,433.0,431.5,3.2071424211774433,DERIVED_FROM_YFINANCE_GC=F
2005-03-04,433.3999938964844,429.8999938964844,428.3999938964844,2.985713413783474,DERIVED_FROM_YFINANCE_GC=F
2005-03-07,434.2000122070313,429.8999938964844,428.3999938964844,2.9500013078962053,DERIVED_FROM_YFINANCE_GC=F
2005-03-08,435.0,429.8999938964844,428.3999938964844,2.642857142857139,DERIVED_FROM_YFINANCE_GC=F
2005-03-09,440.2999877929688,434.2000122070313,432.7000122070313,2.864283970424103,DERIVED_FROM_YFINANCE_GC=F
2005-03-10,442.1000061035156,435.0,433.5,2.771427699497764,DERIVED_FROM_YFINANCE_GC=F
2005-03-11,442.7999877929688,440.2999877929688,438.7999877929688,2.6285683768136203,DERIVED_FROM_YFINANCE_GC=F
2005-03-14,446.3999938964844,442.1000061035156,440.6000061035156,2.8428562709263394,DERIVED_FROM_YFINANCE_GC=F
2005-03-15,446.3999938964844,441.1000061035156,439.6000061035156,2.599999564034602,DERIVED_FROM_YFINANCE_GC=F
2005-03-16,446.3999938964844,440.8999938964844,439.3999938964844,2.4500013078962133,DERIVED_FROM_YFINANCE_GC=F
2005-03-17,443.7000122070313,440.8999938964844,439.3999938964844,2.400002615792423,DERIVED_FROM_YFINANCE_GC=F
2005-03-18,443.7000122070313,438.7000122070313,437.2000122070313,2.650002615792423,DERIVED_FROM_YFINANCE_GC=F
2005-03-21,443.7000122070313,438.7000122070313,437.2000122070313,2.650000435965414,DERIVED_FROM_YFINANCE_GC=F
2005-03-22,439.2999877929688,431.1000061035156,429.6000061035156,2.985713413783498,DERIVED_FROM_YFINANCE_GC=F
2005-03-23,439.2999877929688,431.1000061035156,429.6000061035156,2.9642835344587257,DERIVED_FROM_YFINANCE_GC=F
2005-03-24,431.2999877929688,425.2000122070313,423.7000122070313,3.192853655133945,DERIVED_FROM_YFINANCE_GC=F
2005-03-28,431.2999877929688,424.7000122070313,423.2000122070313,2.921423775809164,DERIVED_FROM_YFINANCE_GC=F
2005-03-29,425.8999938964844,424.7000122070313,423.2000122070313,2.949994768415191,DERIVED_FROM_YFINANCE_GC=F
2005-03-31,426.0,424.7000122070313,423.2000122070313,2.5785675048828205,DERIVED_FROM_YFINANCE_GC=F
2005-04-01,428.7000122070313,425.8999938964844,424.3999938964844,2.6428527832031414,DERIVED_FROM_YFINANCE_GC=F
2005-04-04,428.7000122070313,424.5,423.0,2.89285496303015,DERIVED_FROM_YFINANCE_GC=F
2005-04-05,428.7000122070313,422.7000122070313,421.2000122070313,2.8928527832031454,DERIVED_FROM_YFINANCE_GC=F
2005-04-06,428.5,422.7000122070313,421.2000122070313,2.6642804827009092,DERIVED_FROM_YFINANCE_GC=F
2005-04-07,427.7000122070313,422.7000122070313,421.2000122070313,2.907137189592654,DERIVED_FROM_YFINANCE_GC=F
2005-04-08,428.5,423.6000061035156,422.1000061035156,2.8499930245535876,DERIVED_FROM_YFINANCE_GC=F
2005-04-11,428.5,424.1000061035156,422.6000061035156,2.6714215959821592,DERIVED_FROM_YFINANCE_GC=F
2005-04-12,429.7999877929688,424.7999877929688,423.2999877929688,2.8999938964843954,DERIVED_FROM_YFINANCE_GC=F
2005-04-13,430.2000122070313,424.7999877929688,423.2999877929688,2.578567504882833,DERIVED_FROM_YFINANCE_GC=F
2005-04-14,430.2000122070313,426.0,424.5,2.742854527064748,DERIVED_FROM_YFINANCE_GC=F
2005-04-15,430.2000122070313,423.5,422.0,2.735713413783498,DERIVED_FROM_YFINANCE_GC=F
2005-04-18,430.0,423.2000122070313,421.7000122070313,2.8714272635323783,DERIVED_FROM_YFINANCE_GC=F
2005-04-19,429.5,423.2000122070313,421.7000122070313,3.064285278320329,DERIVED_FROM_YFINANCE_GC=F
2005-04-20,433.0,423.2000122070313,421.7000122070313,3.500000000000012,DERIVED_FROM_YFINANCE_GC=F
2005-04-21,435.7999877929688,423.6000061035156,422.1000061035156,3.5499986921038067,DERIVED_FROM_YFINANCE_GC=F
2005-04-22,435.7999877929688,426.7999877929688,425.2999877929688,3.4642835344587133,DERIVED_FROM_YFINANCE_GC=F
2005-04-25,435.7999877929688,432.2999877929688,430.7999877929688,3.407141549246664,DERIVED_FROM_YFINANCE_GC=F
2005-04-26,435.7999877929688,432.2999877929688,430.7999877929688,3.392854963030142,DERIVED_FROM_YFINANCE_GC=F
2005-04-27,438.2000122070313,432.7000122070313,431.2000122070313,3.392854963030142,DERIVED_FROM_YFINANCE_GC=F
2005-04-29,438.2000122070313,432.7000122070313,431.2000122070313,3.5571398053850527,DERIVED_FROM_YFINANCE_GC=F
2005-05-02,438.2000122070313,433.6000061035156,432.1000061035156,3.521425519670767,DERIVED_FROM_YFINANCE_GC=F
2005-05-03,437.0,429.5,428.0,3.642854963030138,DERIVED_FROM_YFINANCE_GC=F
2005-05-04,435.0,426.7000122070313,425.2000122070313,3.5785675048828085,DERIVED_FROM_YFINANCE_GC=F
2005-05-05,429.5,426.7000122070313,425.2000122070313,3.5642809186662867,DERIVED_FROM_YFINANCE_GC=F
2005-05-06,429.7999877929688,426.7000122070313,425.2000122070313,3.1928514753069157,DERIVED_FROM_YFINANCE_GC=F
2005-05-09,429.7999877929688,429.0,427.5,3.02142333984375,DERIVED_FROM_YFINANCE_GC=F
2005-05-10,429.7999877929688,426.2000122070313,424.7000122070313,2.749995640345986,DERIVED_FROM_YFINANCE_GC=F
2005-05-11,429.7999877929688,426.2000122070313,424.7000122070313,2.307137625558044,DERIVED_FROM_YFINANCE_GC=F
2005-05-12,427.2000122070313,426.2000122070313,424.7000122070313,2.0642809186662987,DERIVED_FROM_YFINANCE_GC=F
2005-05-13,427.2000122070313,421.6000061035156,420.1000061035156,2.24999564034599,DERIVED_FROM_YFINANCE_GC=F
2005-05-16,427.2000122070313,420.2000122070313,418.7000122070313,2.149996076311384,DERIVED_FROM_YFINANCE_GC=F
2005-05-17,421.6000061035156,418.8999938964844,417.3999938964844,2.1214272635323743,DERIVED_FROM_YFINANCE_GC=F
2005-05-18,420.2000122070313,418.8999938964844,417.3999938964844,1.899998256138397,DERIVED_FROM_YFINANCE_GC=F
2005-05-19,421.5,418.8999938964844,417.3999938964844,1.742856706891745,DERIVED_FROM_YFINANCE_GC=F
2005-05-20,421.5,419.3999938964844,417.8999938964844,1.621427263532366,DERIVED_FROM_YFINANCE_GC=F
2005-05-23,421.5,416.5,415.0,1.514284406389509,DERIVED_FROM_YFINANCE_GC=F
2005-05-24,421.2000122070313,416.5,415.0,1.37142726353237,DERIVED_FROM_YFINANCE_GC=F
2005-05-25,417.5,416.5,415.0,1.271427699497776,DERIVED_FROM_YFINANCE_GC=F
2005-05-26,418.7999877929688,416.6000061035156,415.1000061035156,1.3071419852120616,DERIVED_FROM_YFINANCE_GC=F
2005-05-27,418.7999877929688,417.5,416.0,1.3571406773158603,DERIVED_FROM_YFINANCE_GC=F
2005-05-31,420.0,417.3999938964844,415.8999938964844,1.535712105887285,DERIVED_FROM_YFINANCE_GC=F
2005-06-01,420.2000122070313,413.2000122070313,411.7000122070313,2.035712105887285,DERIVED_FROM_YFINANCE_GC=F
2005-06-02,420.2000122070313,413.2000122070313,411.7000122070313,2.271425519670771,DERIVED_FROM_YFINANCE_GC=F
2005-06-03,423.5,413.2000122070313,411.7000122070313,2.4571402413504506,DERIVED_FROM_YFINANCE_GC=F
2005-06-06,425.5,414.0,412.5,2.6285683768136203,DERIVED_FROM_YFINANCE_GC=F
2005-06-07,427.7999877929688,415.7999877929688,414.2999877929688,2.907137189592638,DERIVED_FROM_YFINANCE_GC=F
2005-06-08,427.7999877929688,421.7000122070313,420.2000122070313,3.0642809186663027,DERIVED_FROM_YFINANCE_GC=F
2005-06-09,427.7999877929688,422.6000061035156,421.1000061035156,3.0142800467354993,DERIVED_FROM_YFINANCE_GC=F
2005-06-10,426.7000122070313,422.0,420.5,3.1857103620256857,DERIVED_FROM_YFINANCE_GC=F
2005-06-13,428.5,422.0,420.5,3.3642817905971145,DERIVED_FROM_YFINANCE_GC=F
2005-06-14,431.5,422.0,420.5,3.5999973842076054,DERIVED_FROM_YFINANCE_GC=F
2005-06-15,431.5,422.0,420.5,3.7357112339564935,DERIVED_FROM_YFINANCE_GC=F
2005-06-16,431.5,426.5,425.0,3.699996948242208,DERIVED_FROM_YFINANCE_GC=F
2005-06-17,436.7999877929688,426.5,425.0,4.199996948242208,DERIVED_FROM_YFINANCE_GC=F
2005-06-20,439.2999877929688,427.5,426.0,4.242852347237748,DERIVED_FROM_YFINANCE_GC=F
2005-06-21,440.3999938964844,429.5,428.0,3.914280482700917,DERIVED_FROM_YFINANCE_GC=F
2005-06-22,440.3999938964844,436.1000061035156,434.6000061035156,3.7214246477399757,DERIVED_FROM_YFINANCE_GC=F
2005-06-23,440.3999938964844,437.5,436.0,3.235709054129489,DERIVED_FROM_YFINANCE_GC=F
2005-06-24,442.5,437.5,436.0,3.2785666329520375,DERIVED_FROM_YFINANCE_GC=F
2005-06-27,442.5,437.5,436.0,3.1357116699219034,DERIVED_FROM_YFINANCE_GC=F
2005-06-28,442.5,438.2999877929688,436.7999877929688,3.028568812779046,DERIVED_FROM_YFINANCE_GC=F
2005-06-30,441.5,436.0,434.5,3.2357112339565055,DERIVED_FROM_YFINANCE_GC=F
2005-07-01,440.7000122070313,435.8999938964844,434.3999938964844,3.078567504882841,DERIVED_FROM_YFINANCE_GC=F
2005-07-05,437.5,427.7999877929688,426.2999877929688,3.192853655133953,DERIVED_FROM_YFINANCE_GC=F
2005-07-06,435.8999938964844,422.8999938964844,421.3999938964844,3.2499956403460106,DERIVED_FROM_YFINANCE_GC=F
2005-07-07,427.7999877929688,422.8999938964844,421.3999938964844,3.1142817905971265,DERIVED_FROM_YFINANCE_GC=F
2005-07-08,423.7999877929688,422.8999938964844,421.3999938964844,3.057139805385069,DERIVED_FROM_YFINANCE_GC=F
2005-07-11,423.7999877929688,422.8999938964844,421.3999938964844,2.5357121058873013,DERIVED_FROM_YFINANCE_GC=F
2005-07-12,425.5,422.8999938964844,421.3999938964844,2.4928567068917613,DERIVED_FROM_YFINANCE_GC=F
2005-07-13,426.2999877929688,422.8999938964844,421.3999938964844,2.3785705566406494,DERIVED_FROM_YFINANCE_GC=F
2005-07-14,426.2999877929688,423.8999938964844,422.3999938964844,2.5071411132812784,DERIVED_FROM_YFINANCE_GC=F
2005-07-15,426.2999877929688,419.6000061035156,418.1000061035156,2.7142835344587337,DERIVED_FROM_YFINANCE_GC=F
2005-07-18,423.8999938964844,419.6000061035156,418.1000061035156,2.4785701206752555,DERIVED_FROM_YFINANCE_GC=F
2005-07-19,420.7000122070313,419.6000061035156,418.1000061035156,2.2714276994978,DERIVED_FROM_YFINANCE_GC=F
2005-07-20,420.7000122070313,420.0,418.5,2.221426827566993,DERIVED_FROM_YFINANCE_GC=F
2005-07-21,420.3999938964844,419.7000122070313,418.2000122070313,1.914284842354935,DERIVED_FROM_YFINANCE_GC=F
2005-07-22,425.3999938964844,419.7000122070313,418.2000122070313,2.142854963030154,DERIVED_FROM_YFINANCE_GC=F
2005-07-25,425.3999938964844,419.7000122070313,418.2000122070313,1.564283098493328,DERIVED_FROM_YFINANCE_GC=F
2005-07-26,425.7000122070313,425.3999938964844,423.8999938964844,1.2857121058872971,DERIVED_FROM_YFINANCE_GC=F
2005-07-27,425.7000122070313,423.3999938964844,421.8999938964844,1.3857138497489043,DERIVED_FROM_YFINANCE_GC=F
2005-07-28,425.7000122070313,423.3999938964844,421.8999938964844,1.4785723005022564,DERIVED_FROM_YFINANCE_GC=F
2005-07-29,424.7000122070313,423.3999938964844,421.8999938964844,1.4500013078962257,DERIVED_FROM_YFINANCE_GC=F
2005-08-01,430.5,424.7000122070313,423.2000122070313,1.5142865862165382,DERIVED_FROM_YFINANCE_GC=F
2005-08-02,432.2999877929688,424.7000122070313,423.2000122070313,1.6857147216797077,DERIVED_FROM_YFINANCE_GC=F
2005-08-03,433.0,427.0,425.5,1.6785714285714408,DERIVED_FROM_YFINANCE_GC=F
2005-08-04,437.5,429.1000061035156,427.6000061035156,1.8571428571428652,DERIVED_FROM_YFINANCE_GC=F
2005-08-05,439.0,430.7000122070313,429.2000122070313,1.9857134137834862,DERIVED_FROM_YFINANCE_GC=F
2005-08-08,439.0,430.7000122070313,429.2000122070313,2.0714263916015625,DERIVED_FROM_YFINANCE_GC=F
2005-08-09,439.0,434.0,432.5,2.264284406389513,DERIVED_FROM_YFINANCE_GC=F
2005-08-10,438.5,432.5,431.0,2.4214281354631777,DERIVED_FROM_YFINANCE_GC=F
2005-08-11,437.0,432.5,431.0,2.357142857142865,DERIVED_FROM_YFINANCE_GC=F
2005-08-12,446.5,432.5,431.0,3.0714285714285796,DERIVED_FROM_YFINANCE_GC=F
2005-08-15,449.5,434.8999938964844,433.3999938964844,3.357142857142865,DERIVED_FROM_YFINANCE_GC=F
2005-08-16,449.5,437.2000122070313,435.7000122070313,3.514284406389513,DERIVED_FROM_YFINANCE_GC=F
2005-08-17,449.5,441.3999938964844,439.8999938964844,3.4785679408482104,DERIVED_FROM_YFINANCE_GC=F
2005-08-18,443.2999877929688,439.5,438.0,3.9499969482421835,DERIVED_FROM_YFINANCE_GC=F
2005-08-19,443.2999877929688,438.5,437.0,3.835710797991067,DERIVED_FROM_YFINANCE_GC=F
2005-08-22,443.2999877929688,438.0,436.5,3.721426827566956,DERIVED_FROM_YFINANCE_GC=F
2005-08-23,440.3999938964844,437.0,435.5,3.699999128069192,DERIVED_FROM_YFINANCE_GC=F
2005-08-24,439.6000061035156,437.0,435.5,3.264284406389513,DERIVED_FROM_YFINANCE_GC=F
2005-08-25,439.7000122070313,437.0,435.5,3.250000000000008,DERIVED_FROM_YFINANCE_GC=F
2005-08-26,439.7000122070313,437.0,435.5,3.228572300502236,DERIVED_FROM_YFINANCE_GC=F
2005-08-29,439.7000122070313,437.0,435.5,3.0428575788225447,DERIVED_FROM_YFINANCE_GC=F
2005-08-30,439.5,437.2999877929688,435.7999877929688,3.0428575788225367,DERIVED_FROM_YFINANCE_GC=F
2005-08-31,439.5,437.2999877929688,435.7999877929688,3.021429879324773,DERIVED_FROM_YFINANCE_GC=F
2005-09-01,439.5,431.2000122070313,429.7000122070313,2.3071441650390585,DERIVED_FROM_YFINANCE_GC=F
2005-09-02,442.5,431.2000122070313,429.7000122070313,2.5714307512555723,DERIVED_FROM_YFINANCE_GC=F
2005-09-06,444.2000122070313,431.2000122070313,429.7000122070313,2.3857182094028935,DERIVED_FROM_YFINANCE_GC=F
2005-09-07,444.3999938964844,438.5,437.0,2.342860630580349,DERIVED_FROM_YFINANCE_GC=F
2005-09-08,444.7000122070313,444.2000122070313,442.7000122070313,1.8928615025111566,DERIVED_FROM_YFINANCE_GC=F
2005-09-09,446.7000122070313,444.3999938964844,442.8999938964844,1.8857203892299108,DERIVED_FROM_YFINANCE_GC=F
2005-09-12,449.0,444.7000122070313,443.2000122070313,1.9357190813337013,DERIVED_FROM_YFINANCE_GC=F
2005-09-13,449.7000122070313,446.7000122070313,445.2000122070313,1.842862810407366,DERIVED_FROM_YFINANCE_GC=F
2005-09-14,449.7000122070313,446.1000061035156,444.6000061035156,2.0500074114118303,DERIVED_FROM_YFINANCE_GC=F
2005-09-15,449.7999877929688,446.1000061035156,444.6000061035156,2.121433803013393,DERIVED_FROM_YFINANCE_GC=F
2005-09-16,455.5,446.1000061035156,444.6000061035156,2.4428623744419644,DERIVED_FROM_YFINANCE_GC=F
2005-09-19,459.5,449.7999877929688,448.2999877929688,2.6857190813337053,DERIVED_FROM_YFINANCE_GC=F
2005-09-20,466.7000122070313,455.5,454.0,3.0428619384765705,DERIVED_FROM_YFINANCE_GC=F
2005-09-21,466.7000122070313,459.5,458.0,2.9000047956194277,DERIVED_FROM_YFINANCE_GC=F
2005-09-22,468.8999938964844,466.2000122070313,464.7000122070313,3.092860630580361,DERIVED_FROM_YFINANCE_GC=F
2005-09-23,468.8999938964844,466.2000122070313,464.7000122070313,2.5714307512555883,DERIVED_FROM_YFINANCE_GC=F
2005-09-26,468.8999938964844,466.7999877929688,465.2999877929688,2.4499991280692086,DERIVED_FROM_YFINANCE_GC=F
2005-09-27,467.5,463.8999938964844,462.3999938964844,2.4642857142857304,DERIVED_FROM_YFINANCE_GC=F
2005-09-28,466.7999877929688,462.6000061035156,461.1000061035156,2.6785692487444317,DERIVED_FROM_YFINANCE_GC=F
2005-09-29,469.7000122070313,462.6000061035156,461.1000061035156,3.0571398053850567,DERIVED_FROM_YFINANCE_GC=F
2005-09-30,469.7000122070313,462.6000061035156,461.1000061035156,2.89285496303015,DERIVED_FROM_YFINANCE_GC=F
2005-10-03,474.0,468.5,467.0,3.2357112339564855,DERIVED_FROM_YFINANCE_GC=F
2005-10-04,474.0,464.2000122070313,462.7000122070313,3.321424211774558,DERIVED_FROM_YFINANCE_GC=F
2005-10-05,474.0,464.2000122070313,462.7000122070313,3.3071398053850447,DERIVED_FROM_YFINANCE_GC=F
2005-10-06,468.7999877929688,463.5,462.0,3.0857107979910756,DERIVED_FROM_YFINANCE_GC=F
2005-10-07,471.6000061035156,463.5,462.0,3.2285679408482184,DERIVED_FROM_YFINANCE_GC=F
2005-10-10,475.5,463.5,462.0,3.1071384974888394,DERIVED_FROM_YFINANCE_GC=F
2005-10-11,477.2999877929688,465.6000061035156,464.1000061035156,3.3357086181640665,DERIVED_FROM_YFINANCE_GC=F
2005-10-12,477.5,470.0,468.5,3.3142809186663027,DERIVED_FROM_YFINANCE_GC=F
2005-10-13,478.5,473.2999877929688,471.7999877929688,3.5857107979910756,DERIVED_FROM_YFINANCE_GC=F
2005-10-14,478.5,468.2999877929688,466.7999877929688,3.9714268275669604,DERIVED_FROM_YFINANCE_GC=F
2005-10-17,478.5,467.0,465.5,4.235713413783478,DERIVED_FROM_YFINANCE_GC=F
2005-10-18,475.0,467.0,465.5,4.414284842354903,DERIVED_FROM_YFINANCE_GC=F
2005-10-19,475.0,467.0,465.5,4.057141985212041,DERIVED_FROM_YFINANCE_GC=F
2005-10-20,475.0,465.0,463.5,4.5642852783203,DERIVED_FROM_YFINANCE_GC=F
2005-10-21,472.5,460.5,459.0,4.492856706891729,DERIVED_FROM_YFINANCE_GC=F
2005-10-24,471.0,460.5,459.0,4.221429007393965,DERIVED_FROM_YFINANCE_GC=F
2005-10-25,465.5,460.5,459.0,4.078571864536822,DERIVED_FROM_YFINANCE_GC=F
2005-10-26,474.0,462.0,460.5,4.535714285714278,DERIVED_FROM_YFINANCE_GC=F
2005-10-27,474.0,465.0,463.5,4.249999999999992,DERIVED_FROM_YFINANCE_GC=F
2005-10-28,475.5,465.0,463.5,4.178571428571421,DERIVED_FROM_YFINANCE_GC=F
2005-10-31,475.5,471.0,469.5,4.071428571428563,DERIVED_FROM_YFINANCE_GC=F
2005-11-01,475.5,471.0,469.5,4.035714285714278,DERIVED_FROM_YFINANCE_GC=F
2005-11-02,473.5,460.0,458.5,4.0285709926060225,DERIVED_FROM_YFINANCE_GC=F
2005-11-03,471.1000061035156,460.0,458.5,3.9142848423549106,DERIVED_FROM_YFINANCE_GC=F
2005-11-04,463.0,460.0,458.5,3.814283098493308,DERIVED_FROM_YFINANCE_GC=F
2005-11-07,462.7999877929688,455.2999877929688,453.7999877929688,3.7428567068917453,DERIVED_FROM_YFINANCE_GC=F
2005-11-08,460.1000061035156,455.2999877929688,453.7999877929688,3.7857142857142856,DERIVED_FROM_YFINANCE_GC=F
2005-11-09,459.0,455.2999877929688,453.7999877929688,3.3142852783203125,DERIVED_FROM_YFINANCE_GC=F
2005-11-10,466.2999877929688,458.5,457.0,3.378570556640629,DERIVED_FROM_YFINANCE_GC=F
2005-11-11,466.6000061035156,458.5,457.0,3.3285718645368303,DERIVED_FROM_YFINANCE_GC=F
2005-11-14,468.2999877929688,466.2999877929688,464.7999877929688,3.3428562709263434,DERIVED_FROM_YFINANCE_GC=F
2005-11-15,468.2999877929688,466.6000061035156,465.1000061035156,2.6999991280692006,DERIVED_FROM_YFINANCE_GC=F
2005-11-16,468.2999877929688,468.1000061035156,466.6000061035156,2.5642852783203205,DERIVED_FROM_YFINANCE_GC=F
2005-11-17,478.2999877929688,468.1000061035156,466.6000061035156,2.9714268275669764,DERIVED_FROM_YFINANCE_GC=F
2005-11-18,486.0,468.1000061035156,466.6000061035156,3.3642861502511203,DERIVED_FROM_YFINANCE_GC=F
2005-11-21,486.0,478.2999877929688,476.7999877929688,3.271429879324785,DERIVED_FROM_YFINANCE_GC=F
2005-11-22,486.0,485.6000061035156,484.1000061035156,2.907143729073669,DERIVED_FROM_YFINANCE_GC=F
2005-11-23,489.0,485.6000061035156,484.1000061035156,2.621429443359383,DERIVED_FROM_YFINANCE_GC=F
2005-11-28,492.6000061035156,485.6000061035156,484.1000061035156,2.4285736083984415,DERIVED_FROM_YFINANCE_GC=F
2005-11-29,502.2000122070313,489.0,487.5,2.8071441650390745,DERIVED_FROM_YFINANCE_GC=F
2005-11-30,502.2999877929688,492.6000061035156,491.1000061035156,3.185714721679704,DERIVED_FROM_YFINANCE_GC=F
2005-12-01,502.2999877929688,492.2999877929688,490.7999877929688,3.7000013078962177,DERIVED_FROM_YFINANCE_GC=F
2005-12-02,503.0,490.5,489.0,4.207144601004472,DERIVED_FROM_YFINANCE_GC=F
2005-12-05,507.0,490.5,489.0,4.6857147216797,DERIVED_FROM_YFINANCE_GC=F
2005-12-06,509.7000122070313,490.5,489.0,5.021432059151794,DERIVED_FROM_YFINANCE_GC=F
2005-12-07,511.2000122070313,500.0,498.5,5.50000435965403,DERIVED_FROM_YFINANCE_GC=F
2005-12-08,517.0,503.5,502.0,6.042861938476567,DERIVED_FROM_YFINANCE_GC=F
2005-12-09,520.0,504.5,503.0,5.885720389229911,DERIVED_FROM_YFINANCE_GC=F
2005-12-12,531.0,509.2999877929688,507.7999877929688,6.171434674944201,DERIVED_FROM_YFINANCE_GC=F
2005-12-13,538.5,512.0,510.5,6.985719953264509,DERIVED_FROM_YFINANCE_GC=F
2005-12-14,538.5,520.0,518.5,7.750006539481027,DERIVED_FROM_YFINANCE_GC=F
2005-12-15,538.5,506.0,504.5,8.821435110909599,DERIVED_FROM_YFINANCE_GC=F
2005-12-16,530.7000122070312,501.0,499.5,9.39286368233817,DERIVED_FROM_YFINANCE_GC=F
2005-12-19,521.0,495.2000122070313,493.7000122070313,9.585719517299099,DERIVED_FROM_YFINANCE_GC=F
2005-12-20,509.5,495.2000122070313,493.7000122070313,9.450005667550215,DERIVED_FROM_YFINANCE_GC=F
2005-12-21,509.5,495.2000122070313,493.7000122070313,9.678575788225443,DERIVED_FROM_YFINANCE_GC=F
2005-12-22,509.5,490.1000061035156,488.6000061035156,9.171432495117184,DERIVED_FROM_YFINANCE_GC=F
2005-12-23,506.8999938964844,490.1000061035156,488.6000061035156,9.385718209402897,DERIVED_FROM_YFINANCE_GC=F
2005-12-27,505.7000122070313,490.1000061035156,488.6000061035156,9.171432495117184,DERIVED_FROM_YFINANCE_GC=F
2005-12-28,509.0,494.0,492.5,9.121431623186377,DERIVED_FROM_YFINANCE_GC=F
2005-12-29,517.2999877929688,502.2999877929688,500.7999877929688,9.235715593610488,DERIVED_FROM_YFINANCE_GC=F
2005-12-30,517.2999877929688,506.0,504.5,8.771429879324772,DERIVED_FROM_YFINANCE_GC=F
2006-01-03,517.2999877929688,515.7000122070312,514.2000122070312,7.935714721679683,DERIVED_FROM_YFINANCE_GC=F
2006-01-04,528.5,515.7000122070312,514.2000122070312,7.8928593226841475,DERIVED_FROM_YFINANCE_GC=F
2006-01-05,533.5999755859375,515.7000122070312,514.2000122070312,7.335712977818076,DERIVED_FROM_YFINANCE_GC=F
2006-01-06,533.5999755859375,518.5999755859375,517.0999755859375,6.828571864536826,DERIVED_FROM_YFINANCE_GC=F
2006-01-09,539.7000122070312,526.0,524.5,7.2142878941127195,DERIVED_FROM_YFINANCE_GC=F
2006-01-10,539.7000122070312,526.0,524.5,6.3000030517578125,DERIVED_FROM_YFINANCE_GC=F
2006-01-11,544.2999877929688,539.7000122070312,538.2000122070312,6.207144601004464,DERIVED_FROM_YFINANCE_GC=F
2006-01-12,548.7999877929688,539.7000122070312,538.2000122070312,5.750002179827009,DERIVED_FROM_YFINANCE_GC=F
2006-01-13,548.7999877929688,544.2999877929688,542.7999877929688,5.400002615792411,DERIVED_FROM_YFINANCE_GC=F
2006-01-17,548.7999877929688,547.0999755859375,545.5999755859375,4.771432059151786,DERIVED_FROM_YFINANCE_GC=F
2006-01-18,553.4000244140625,547.0999755859375,545.5999755859375,4.721426827566964,DERIVED_FROM_YFINANCE_GC=F
2006-01-19,553.4000244140625,543.7000122070312,542.2000122070312,4.985713413783482,DERIVED_FROM_YFINANCE_GC=F
2006-01-20,553.4000244140625,543.7000122070312,542.2000122070312,4.914284842354911,DERIVED_FROM_YFINANCE_GC=F
2006-01-23,558.4000244140625,543.7000122070312,542.2000122070312,4.807141985212054,DERIVED_FROM_YFINANCE_GC=F
2006-01-24,558.4000244140625,551.0,549.5,4.914284842354911,DERIVED_FROM_YFINANCE_GC=F
2006-01-25,558.4000244140625,555.0,553.5,4.335710797991071,DERIVED_FROM_YFINANCE_GC=F
2006-01-26,562.2000122070312,555.0,553.5,4.449999128069196,DERIVED_FROM_YFINANCE_GC=F
2006-01-27,562.2000122070312,555.0,553.5,4.064283098493304,DERIVED_FROM_YFINANCE_GC=F
2006-01-30,562.2000122070312,558.7000122070312,557.2000122070312,3.1785670689174106,DERIVED_FROM_YFINANCE_GC=F
2006-01-31,566.0,557.5999755859375,556.0999755859375,3.778568812779018,DERIVED_FROM_YFINANCE_GC=F
2006-02-01,572.7000122070312,557.5999755859375,556.0999755859375,3.985713413783482,DERIVED_FROM_YFINANCE_GC=F
2006-02-02,572.7000122070312,557.5999755859375,556.0999755859375,4.278568812779018,DERIVED_FROM_YFINANCE_GC=F
2006-02-03,575.2999877929688,563.0,561.5,4.7642822265625,DERIVED_FROM_YFINANCE_GC=F
2006-02-06,575.2999877929688,563.0,561.5,5.335710797991071,DERIVED_FROM_YFINANCE_GC=F
2006-02-07,575.2999877929688,565.0,563.5,5.614283970424107,DERIVED_FROM_YFINANCE_GC=F
2006-02-08,574.2000122070312,550.5999755859375,549.0999755859375,6.378570556640625,DERIVED_FROM_YFINANCE_GC=F
2006-02-09,574.0,545.5,544.0,6.342856270926339,DERIVED_FROM_YFINANCE_GC=F
2006-02-10,571.0,545.5,544.0,7.492854527064732,DERIVED_FROM_YFINANCE_GC=F
2006-02-13,566.0,545.5,544.0,8.564283098493304,DERIVED_FROM_YFINANCE_GC=F
2006-02-14,566.0,540.0,538.5,9.057141985212054,DERIVED_FROM_YFINANCE_GC=F
2006-02-15,561.9000244140625,535.5,534.0,9.485713413783483,DERIVED_FROM_YFINANCE_GC=F
2006-02-16,549.5,535.5,534.0,9.871429443359375,DERIVED_FROM_YFINANCE_GC=F
2006-02-17,546.0,535.5,534.0,10.428571428571429,DERIVED_FROM_YFINANCE_GC=F
2006-02-21,552.5,537.2000122070312,535.7000122070312,10.292855398995536,DERIVED_FROM_YFINANCE_GC=F
2006-02-22,556.5,537.2000122070312,535.7000122070312,10.171425955636161,DERIVED_FROM_YFINANCE_GC=F
2006-02-23,556.5,546.0,544.5,9.828569684709821,DERIVED_FROM_YFINANCE_GC=F
2006-02-24,556.5,548.5,547.0,9.807141985212054,DERIVED_FROM_YFINANCE_GC=F
2006-02-27,560.0,547.5,546.0,10.042855398995536,DERIVED_FROM_YFINANCE_GC=F
2006-02-28,560.0,547.5,546.0,10.021427699497767,DERIVED_FROM_YFINANCE_GC=F
2006-03-01,560.0,547.5,546.0,8.914284842354911,DERIVED_FROM_YFINANCE_GC=F
2006-03-02,564.5,552.5,551.0,8.564287458147321,DERIVED_FROM_YFINANCE_GC=F
2006-03-03,568.2000122070312,553.0999755859375,551.5999755859375,7.750004359654018,DERIVED_FROM_YFINANCE_GC=F
2006-03-06,569.7999877929688,562.5,561.0,6.685716901506696,DERIVED_FROM_YFINANCE_GC=F
2006-03-07,569.7999877929688,554.7999877929688,553.2999877929688,6.757145472935268,DERIVED_FROM_YFINANCE_GC=F
2006-03-08,569.7999877929688,554.0,552.5,6.071432931082589,DERIVED_FROM_YFINANCE_GC=F
2006-03-09,554.7999877929688,540.0,538.5,6.414289202008929,DERIVED_FROM_YFINANCE_GC=F
2006-03-10,554.5,540.0,538.5,5.97857666015625,DERIVED_FROM_YFINANCE_GC=F
2006-03-13,545.2000122070312,539.9000244140625,538.4000244140625,5.914289202008929,DERIVED_FROM_YFINANCE_GC=F
2006-03-14,545.2000122070312,539.9000244140625,538.4000244140625,5.671430315290179,DERIVED_FROM_YFINANCE_GC=F
2006-03-15,551.7000122070312,539.9000244140625,538.4000244140625,5.800005231584821,DERIVED_FROM_YFINANCE_GC=F
2006-03-16,553.0999755859375,541.0,539.5,5.400002615792411,DERIVED_FROM_YFINANCE_GC=F
2006-03-17,554.4000244140625,551.7000122070312,550.2000122070312,4.600006103515625,DERIVED_FROM_YFINANCE_GC=F
2006-03-20,554.4000244140625,553.0999755859375,551.5999755859375,4.171439034598214,DERIVED_FROM_YFINANCE_GC=F
2006-03-21,555.2000122070312,554.0999755859375,552.5999755859375,3.9000113351004466,DERIVED_FROM_YFINANCE_GC=F
2006-03-22,555.2000122070312,552.4000244140625,550.9000244140625,3.8928658621651784,DERIVED_FROM_YFINANCE_GC=F
2006-03-23,555.2000122070312,550.9000244140625,549.4000244140625,3.6642935616629466,DERIVED_FROM_YFINANCE_GC=F
2006-03-24,552.4000244140625,550.0999755859375,548.5999755859375,3.6071559361049106,DERIVED_FROM_YFINANCE_GC=F
2006-03-27,560.0,550.0999755859375,548.5999755859375,3.5142996651785716,DERIVED_FROM_YFINANCE_GC=F
2006-03-28,567.0,550.0999755859375,548.5999755859375,3.95001220703125,DERIVED_FROM_YFINANCE_GC=F
2006-03-29,567.0,560.0,558.5,3.071441650390625,DERIVED_FROM_YFINANCE_GC=F
2006-03-30,573.0,566.5999755859375,565.0999755859375,3.335728236607143,DERIVED_FROM_YFINANCE_GC=F
2006-03-31,587.4000244140625,566.5999755859375,565.0999755859375,4.085732596261161,DERIVED_FROM_YFINANCE_GC=F
2006-04-03,589.5999755859375,571.2999877929688,569.7999877929688,4.657161167689732,DERIVED_FROM_YFINANCE_GC=F
2006-04-04,592.0,571.2999877929688,569.7999877929688,4.985730852399554,DERIVED_FROM_YFINANCE_GC=F
2006-04-05,592.0,579.0,577.5,5.242876325334821,DERIVED_FROM_YFINANCE_GC=F
2006-04-06,592.0,582.0,580.5,5.735730852399554,DERIVED_FROM_YFINANCE_GC=F
2006-04-07,595.5999755859375,582.5999755859375,581.0999755859375,6.264295305524554,DERIVED_FROM_YFINANCE_GC=F
2006-04-10,598.2999877929688,582.5999755859375,581.0999755859375,7.100006103515625,DERIVED_FROM_YFINANCE_GC=F
2006-04-11,599.0,585.5,584.0,7.657148088727679,DERIVED_FROM_YFINANCE_GC=F
2006-04-12,604.0,585.5,584.0,8.192862374441964,DERIVED_FROM_YFINANCE_GC=F
2006-04-13,604.0,589.0,587.5,8.478572300502233,DERIVED_FROM_YFINANCE_GC=F
2006-04-17,604.0,592.0,590.5,8.164284842354911,DERIVED_FROM_YFINANCE_GC=F
2006-04-18,616.5,592.0,590.5,9.092856270926339,DERIVED_FROM_YFINANCE_GC=F
2006-04-19,620.5,592.0,590.5,9.485713413783483,DERIVED_FROM_YFINANCE_GC=F
2006-04-20,632.0,605.0,603.5,9.885711669921875,DERIVED_FROM_YFINANCE_GC=F
2006-04-21,642.0,611.0,609.5,10.949994768415179,DERIVED_FROM_YFINANCE_GC=F
2006-04-24,642.0,611.0,609.5,12.035709926060267,DERIVED_FROM_YFINANCE_GC=F
2006-04-25,642.0,611.0,609.5,12.307137625558036,DERIVED_FROM_YFINANCE_GC=F
2006-04-26,637.0,611.2000122070312,609.7000122070312,12.7642822265625,DERIVED_FROM_YFINANCE_GC=F
2006-04-27,639.5,620.0,618.5,12.785709926060267,DERIVED_FROM_YFINANCE_GC=F
2006-04-28,639.5,620.5999755859375,619.0999755859375,12.399998256138392,DERIVED_FROM_YFINANCE_GC=F
2006-05-01,651.7999877929688,635.0,633.5,12.807141985212054,DERIVED_FROM_YFINANCE_GC=F
2006-05-02,658.0,636.5,635.0,12.49285888671875,DERIVED_FROM_YFINANCE_GC=F
2006-05-03,666.0,651.7999877929688,650.2999877929688,12.457144601004464,DERIVED_FROM_YFINANCE_GC=F
2006-05-04,669.2000122070312,658.0,656.5,12.435716901506696,DERIVED_FROM_YFINANCE_GC=F
2006-05-05,674.2000122070312,666.0,664.5,12.635716029575892,DERIVED_FROM_YFINANCE_GC=F
2006-05-08,682.2000122070312,669.2000122070312,667.7000122070312,11.778573172433036,DERIVED_FROM_YFINANCE_GC=F
2006-05-09,682.2000122070312,674.2000122070312,672.7000122070312,11.585715157645089,DERIVED_FROM_YFINANCE_GC=F
2006-05-10,682.2000122070312,679.0,677.5,10.814287458147321,DERIVED_FROM_YFINANCE_GC=F
2006-05-11,695.5,679.0,677.5,8.878574916294642,DERIVED_FROM_YFINANCE_GC=F
2006-05-12,723.0,679.0,677.5,8.414289202008929,DERIVED_FROM_YFINANCE_GC=F
2006-05-15,723.0,695.5,694.0,8.400002615792411,DERIVED_FROM_YFINANCE_GC=F
2006-05-16,723.0,706.0,704.5,7.585715157645089,DERIVED_FROM_YFINANCE_GC=F
2006-05-17,714.0,706.0,704.5,8.885716029575892,DERIVED_FROM_YFINANCE_GC=F
2006-05-18,710.2999877929688,690.5,689.0,8.792859758649554,DERIVED_FROM_YFINANCE_GC=F
2006-05-19,710.2999877929688,679.5999755859375,678.0999755859375,8.250004359654017,DERIVED_FROM_YFINANCE_GC=F
2006-05-22,690.5,679.5999755859375,678.0999755859375,7.807146344866071,DERIVED_FROM_YFINANCE_GC=F
2006-05-23,679.5999755859375,656.5,655.0,7.214290073939732,DERIVED_FROM_YFINANCE_GC=F
2006-05-24,679.5999755859375,656.5,655.0,8.035718645368304,DERIVED_FROM_YFINANCE_GC=F
2006-05-25,673.0,637.0,635.5,10.014290945870536,DERIVED_FROM_YFINANCE_GC=F
2006-05-26,673.0,637.0,635.5,10.250004359654017,DERIVED_FROM_YFINANCE_GC=F
2006-05-30,648.4000244140625,637.0,635.5,10.021432059151786,DERIVED_FROM_YFINANCE_GC=F
2006-05-31,664.5,648.2000122070312,646.7000122070312,11.100001743861608,DERIVED_FROM_YFINANCE_GC=F
2006-06-01,664.5,638.0,636.5,12.285714285714286,DERIVED_FROM_YFINANCE_GC=F
2006-06-02,664.5,620.0,618.5,12.699999128069196,DERIVED_FROM_YFINANCE_GC=F
2006-06-05,658.5,620.0,618.5,12.778573172433036,DERIVED_FROM_YFINANCE_GC=F
2006-06-06,645.0999755859375,620.0,618.5,13.457144601004464,DERIVED_FROM_YFINANCE_GC=F
2006-06-07,645.0,622.5999755859375,621.0999755859375,12.864288330078125,DERIVED_FROM_YFINANCE_GC=F
2006-06-08,645.0,617.5,616.0,13.671430315290179,DERIVED_FROM_YFINANCE_GC=F
2006-06-09,643.4000244140625,608.5,607.0,14.25714111328125,DERIVED_FROM_YFINANCE_GC=F
2006-06-12,629.7999877929688,606.9000244140625,605.4000244140625,14.892852783203125,DERIVED_FROM_YFINANCE_GC=F
2006-06-13,627.5999755859375,606.0,604.5,15.164280482700892,DERIVED_FROM_YFINANCE_GC=F
2006-06-14,615.7999877929688,568.0,566.5,16.792851039341517,DERIVED_FROM_YFINANCE_GC=F
2006-06-15,610.0,555.0,553.5,15.364279610770089,DERIVED_FROM_YFINANCE_GC=F
2006-06-16,605.5999755859375,555.0,553.5,15.964281354631696,DERIVED_FROM_YFINANCE_GC=F
2006-06-19,577.0,555.0,553.5,16.549996512276785,DERIVED_FROM_YFINANCE_GC=F
2006-06-20,577.0,557.2999877929688,555.7999877929688,16.042855398995535,DERIVED_FROM_YFINANCE_GC=F
2006-06-21,574.7000122070312,568.0,566.5,14.792855398995536,DERIVED_FROM_YFINANCE_GC=F
2006-06-22,585.0,568.0,566.5,13.928571428571429,DERIVED_FROM_YFINANCE_GC=F
2006-06-23,588.0,568.0,566.5,12.935712541852679,DERIVED_FROM_YFINANCE_GC=F
2006-06-26,588.0,572.0,570.5,12.971426827566964,DERIVED_FROM_YFINANCE_GC=F
2006-06-27,588.0,574.0,572.5,11.999995640345983,DERIVED_FROM_YFINANCE_GC=F
2006-06-28,589.0,574.0,572.5,11.421425955636161,DERIVED_FROM_YFINANCE_GC=F
2006-06-29,589.0,580.0,578.5,10.485713413783483,DERIVED_FROM_YFINANCE_GC=F
2006-06-30,589.0,580.0,578.5,10.435716901506696,DERIVED_FROM_YFINANCE_GC=F
2006-07-05,614.5,580.0,578.5,12.150002615792411,DERIVED_FROM_YFINANCE_GC=F
2006-07-06,631.0,586.5,585.0,10.628574916294642,DERIVED_FROM_YFINANCE_GC=F
2006-07-07,631.0,609.0,607.5,9.721431187220983,DERIVED_FROM_YFINANCE_GC=F
2006-07-10,634.2999877929688,624.0,622.5,8.328574044363839,DERIVED_FROM_YFINANCE_GC=F
2006-07-11,634.2999877929688,624.0,622.5,7.74285888671875,DERIVED_FROM_YFINANCE_GC=F
2006-07-12,634.2999877929688,632.7999877929688,631.2999877929688,7.707144601004464,DERIVED_FROM_YFINANCE_GC=F
2006-07-13,632.7999877929688,632.7999877929688,631.2999877929688,8.092860630580358,DERIVED_FROM_YFINANCE_GC=F
2006-07-14,652.9000244140625,632.7999877929688,631.2999877929688,7.414289202008929,DERIVED_FROM_YFINANCE_GC=F
2006-07-17,666.5999755859375,632.7999877929688,631.2999877929688,8.321428571428571,DERIVED_FROM_YFINANCE_GC=F
2006-07-18,677.0,652.9000244140625,651.4000244140625,8.350001743861608,DERIVED_FROM_YFINANCE_GC=F
2006-07-19,677.0,628.2999877929688,626.7999877929688,9.600001743861608,DERIVED_FROM_YFINANCE_GC=F
2006-07-20,677.0,628.2999877929688,626.7999877929688,10.25,DERIVED_FROM_YFINANCE_GC=F
2006-07-21,641.5999755859375,628.2999877929688,626.7999877929688,9.821428571428571,DERIVED_FROM_YFINANCE_GC=F
2006-07-24,641.5999755859375,631.7000122070312,630.2000122070312,9.235713413783483,DERIVED_FROM_YFINANCE_GC=F
2006-07-25,641.5999755859375,619.5999755859375,618.0999755859375,7.235713413783482,DERIVED_FROM_YFINANCE_GC=F
2006-07-26,631.7000122070312,612.7000122070312,611.2000122070312,5.985713413783482,DERIVED_FROM_YFINANCE_GC=F
2006-07-27,621.5999755859375,612.7000122070312,611.2000122070312,6.035714285714286,DERIVED_FROM_YFINANCE_GC=F
2006-07-28,632.4000244140625,612.7000122070312,611.2000122070312,6.792859758649554,DERIVED_FROM_YFINANCE_GC=F
2006-07-31,636.5999755859375,621.5999755859375,620.0999755859375,7.621429443359375,DERIVED_FROM_YFINANCE_GC=F
2006-08-01,646.5,625.0,623.5,8.392857142857142,DERIVED_FROM_YFINANCE_GC=F
2006-08-02,646.5,625.0,623.5,9.00714111328125,DERIVED_FROM_YFINANCE_GC=F
2006-08-03,656.0,627.0,625.5,9.564283098493304,DERIVED_FROM_YFINANCE_GC=F
2006-08-04,656.0,629.5,628.0,9.557141985212054,DERIVED_FROM_YFINANCE_GC=F
2006-08-07,656.0,638.0,636.5,9.564283098493304,DERIVED_FROM_YFINANCE_GC=F
2006-08-08,653.5,638.0,636.5,8.542855398995536,DERIVED_FROM_YFINANCE_GC=F
2006-08-09,653.5,640.0,638.5,8.149998256138392,DERIVED_FROM_YFINANCE_GC=F
2006-08-10,654.5,638.5,637.0,9.292855398995536,DERIVED_FROM_YFINANCE_GC=F
2006-08-11,654.5,634.0,632.5,10.528568812779017,DERIVED_FROM_YFINANCE_GC=F
2006-08-14,654.5,626.0,624.5,11.692853655133929,DERIVED_FROM_YFINANCE_GC=F
2006-08-15,651.2999877929688,620.0,618.5,12.657139369419642,DERIVED_FROM_YFINANCE_GC=F
2006-08-16,642.2999877929688,620.0,618.5,12.835710797991071,DERIVED_FROM_YFINANCE_GC=F
2006-08-17,631.0,620.0,618.5,12.671421595982142,DERIVED_FROM_YFINANCE_GC=F
2006-08-18,631.0,615.5,614.0,12.785709926060267,DERIVED_FROM_YFINANCE_GC=F
2006-08-21,631.0,609.0,607.5,11.964281354631696,DERIVED_FROM_YFINANCE_GC=F
2006-08-22,628.5,609.0,607.5,11.778568812779017,DERIVED_FROM_YFINANCE_GC=F
2006-08-23,628.0,609.0,607.5,11.292855398995536,DERIVED_FROM_YFINANCE_GC=F
2006-08-24,628.0,613.5999755859375,612.0999755859375,10.664284842354911,DERIVED_FROM_YFINANCE_GC=F
2006-08-25,628.0,618.0,616.5,10.378570556640625,DERIVED_FROM_YFINANCE_GC=F
2006-08-28,628.0,618.0,616.5,10.092856270926339,DERIVED_FROM_YFINANCE_GC=F
2006-08-29,624.5,614.0,612.5,10.107142857142858,DERIVED_FROM_YFINANCE_GC=F
2006-08-30,623.5,610.5,609.0,9.414284842354911,DERIVED_FROM_YFINANCE_GC=F
2006-08-31,621.7000122070312,610.5,609.0,8.699999128069196,DERIVED_FROM_YFINANCE_GC=F
2006-09-01,625.9000244140625,610.5,609.0,8.121429443359375,DERIVED_FROM_YFINANCE_GC=F
2006-09-04,625.9000244140625,611.7999877929688,610.2999877929688,7.264286586216518,DERIVED_FROM_YFINANCE_GC=F
2006-09-05,625.9000244140625,624.4000244140625,622.9000244140625,6.800000871930804,DERIVED_FROM_YFINANCE_GC=F
2006-09-06,638.5,624.4000244140625,622.9000244140625,7.199999128069196,DERIVED_FROM_YFINANCE_GC=F
2006-09-07,638.5,624.4000244140625,622.9000244140625,6.614283970424107,DERIVED_FROM_YFINANCE_GC=F
2006-09-08,638.5,617.0,615.5,7.221426827566964,DERIVED_FROM_YFINANCE_GC=F
2006-09-11,633.5,609.5999755859375,608.0999755859375,6.721426827566964,DERIVED_FROM_YFINANCE_GC=F
2006-09-12,617.0,590.0,588.5,7.799996512276786,DERIVED_FROM_YFINANCE_GC=F
2006-09-13,609.5999755859375,590.0,588.5,7.528568812779018,DERIVED_FROM_YFINANCE_GC=F
2006-09-14,591.0,589.0999755859375,587.5999755859375,7.221422467912946,DERIVED_FROM_YFINANCE_GC=F
2006-09-15,591.0,579.2999877929688,577.7999877929688,7.635707310267857,DERIVED_FROM_YFINANCE_GC=F
2006-09-18,589.0999755859375,576.4000244140625,574.9000244140625,7.271418980189732,DERIVED_FROM_YFINANCE_GC=F
2006-09-19,586.2000122070312,576.4000244140625,574.9000244140625,7.521418980189732,DERIVED_FROM_YFINANCE_GC=F
2006-09-20,586.2000122070312,576.4000244140625,574.9000244140625,7.671421595982143,DERIVED_FROM_YFINANCE_GC=F
2006-09-21,586.2000122070312,576.7999877929688,575.2999877929688,7.599993024553571,DERIVED_FROM_YFINANCE_GC=F
2006-09-22,584.0,576.7999877929688,575.2999877929688,7.649993896484375,DERIVED_FROM_YFINANCE_GC=F
2006-09-25,589.4000244140625,582.2000122070312,580.7000122070312,8.164280482700892,DERIVED_FROM_YFINANCE_GC=F
2006-09-26,589.9000244140625,582.2000122070312,580.7000122070312,7.192853655133929,DERIVED_FROM_YFINANCE_GC=F
2006-09-27,591.2000122070312,589.4000244140625,587.9000244140625,6.928567068917411,DERIVED_FROM_YFINANCE_GC=F
2006-09-28,597.2999877929688,589.9000244140625,588.4000244140625,6.185708182198661,DERIVED_FROM_YFINANCE_GC=F
2006-09-29,606.2000122070312,591.2000122070312,589.7000122070312,6.292851039341518,DERIVED_FROM_YFINANCE_GC=F
2006-10-02,606.2000122070312,595.0,593.5,5.614279610770089,DERIVED_FROM_YFINANCE_GC=F
2006-10-03,606.2000122070312,595.0,593.5,5.971422467912946,DERIVED_FROM_YFINANCE_GC=F
2006-10-04,605.0999755859375,580.0,578.5,7.078569684709821,DERIVED_FROM_YFINANCE_GC=F
2006-10-05,604.0,561.0,559.5,7.521427699497768,DERIVED_FROM_YFINANCE_GC=F
2006-10-06,591.9000244140625,561.0,559.5,8.24285888671875,DERIVED_FROM_YFINANCE_GC=F
2006-10-09,577.0,560.5,559.0,8.400002615792411,DERIVED_FROM_YFINANCE_GC=F
2006-10-10,578.0,560.5,559.0,8.128570556640625,DERIVED_FROM_YFINANCE_GC=F
2006-10-11,578.0,560.5,559.0,8.357142857142858,DERIVED_FROM_YFINANCE_GC=F
2006-10-12,578.0,568.0,566.5,8.635711669921875,DERIVED_FROM_YFINANCE_GC=F
2006-10-13,578.0,568.0,566.5,8.314283098493304,DERIVED_FROM_YFINANCE_GC=F
2006-10-16,585.5,575.0,573.5,8.935712541852679,DERIVED_FROM_YFINANCE_GC=F
2006-10-17,594.5,575.0,573.5,9.25,DERIVED_FROM_YFINANCE_GC=F
2006-10-18,598.5,585.5,584.0,9.528573172433036,DERIVED_FROM_YFINANCE_GC=F
2006-10-19,598.5,588.5,587.0,9.199999128069196,DERIVED_FROM_YFINANCE_GC=F
2006-10-20,598.5,588.5,587.0,8.49285888671875,DERIVED_FROM_YFINANCE_GC=F
2006-10-23,597.5,588.7000122070312,587.2000122070312,8.207144601004464,DERIVED_FROM_YFINANCE_GC=F
2006-10-24,597.5,579.7000122070312,578.2000122070312,7.892857142857143,DERIVED_FROM_YFINANCE_GC=F
2006-10-25,597.5,576.5,575.0,6.978572300502232,DERIVED_FROM_YFINANCE_GC=F
2006-10-26,587.5999755859375,576.5,575.0,6.278568812779018,DERIVED_FROM_YFINANCE_GC=F
2006-10-27,595.5,576.5,575.0,5.985713413783482,DERIVED_FROM_YFINANCE_GC=F
2006-10-30,598.2000122070312,587.5999755859375,586.0999755859375,5.685716901506696,DERIVED_FROM_YFINANCE_GC=F
2006-10-31,608.9000244140625,595.0,593.5,5.707144601004464,DERIVED_FROM_YFINANCE_GC=F
2006-11-01,608.9000244140625,598.2000122070312,596.7000122070312,5.314291817801339,DERIVED_FROM_YFINANCE_GC=F
2006-11-02,612.5,604.0999755859375,602.5999755859375,5.721435546875,DERIVED_FROM_YFINANCE_GC=F
2006-11-03,625.4000244140625,604.0999755859375,602.5999755859375,5.692866734095982,DERIVED_FROM_YFINANCE_GC=F
2006-11-06,626.9000244140625,612.5,611.0,5.392865862165179,DERIVED_FROM_YFINANCE_GC=F
2006-11-07,626.9000244140625,625.4000244140625,623.9000244140625,4.757154192243304,DERIVED_FROM_YFINANCE_GC=F
2006-11-08,626.9000244140625,625.7000122070312,624.2000122070312,4.4571533203125,DERIVED_FROM_YFINANCE_GC=F
2006-11-09,625.7999877929688,616.4000244140625,614.9000244140625,5.107151576450893,DERIVED_FROM_YFINANCE_GC=F
2006-11-10,625.7000122070312,616.4000244140625,614.9000244140625,5.007149832589286,DERIVED_FROM_YFINANCE_GC=F
2006-11-13,628.4000244140625,616.4000244140625,614.9000244140625,4.528577532087054,DERIVED_FROM_YFINANCE_GC=F
2006-11-14,629.0,617.0,615.5,4.342860630580357,DERIVED_FROM_YFINANCE_GC=F
2006-11-15,629.0,620.5,619.0,4.378579275948661,DERIVED_FROM_YFINANCE_GC=F
2006-11-16,629.0,620.5,619.0,3.9071480887276784,DERIVED_FROM_YFINANCE_GC=F
2006-11-17,622.5,620.5,619.0,3.9428623744419644,DERIVED_FROM_YFINANCE_GC=F
2006-11-20,622.5,617.5,616.0,3.4000026157924106,DERIVED_FROM_YFINANCE_GC=F
2006-11-21,621.5,617.5,616.0,3.357142857142857,DERIVED_FROM_YFINANCE_GC=F
2006-11-22,628.0999755859375,617.5,616.0,3.249995640345982,DERIVED_FROM_YFINANCE_GC=F
2006-11-24,628.7000122070312,621.5,620.0,2.657135009765625,DERIVED_FROM_YFINANCE_GC=F
2006-11-28,628.7000122070312,628.0999755859375,626.5999755859375,2.549992152622768,DERIVED_FROM_YFINANCE_GC=F
2006-11-29,637.2000122070312,628.7000122070312,627.2000122070312,3.0785609654017856,DERIVED_FROM_YFINANCE_GC=F
2006-11-30,640.2999877929688,628.7000122070312,627.2000122070312,3.4857046944754466,DERIVED_FROM_YFINANCE_GC=F
2006-12-01,648.0,634.5,633.0,3.7499912806919644,DERIVED_FROM_YFINANCE_GC=F
2006-12-04,649.7000122070312,634.5,633.0,4.149993896484375,DERIVED_FROM_YFINANCE_GC=F
2006-12-05,649.7000122070312,635.0,633.5,4.214281354631696,DERIVED_FROM_YFINANCE_GC=F
2006-12-06,649.7000122070312,640.5,639.0,4.707140241350446,DERIVED_FROM_YFINANCE_GC=F
2006-12-07,648.0,631.0,629.5,5.249995640345982,DERIVED_FROM_YFINANCE_GC=F
2006-12-08,648.0,625.0,623.5,5.692853655133929,DERIVED_FROM_YFINANCE_GC=F
2006-12-11,640.5,625.0,623.5,6.307137625558036,DERIVED_FROM_YFINANCE_GC=F
2006-12-12,636.5,622.4000244140625,620.9000244140625,6.607138497488839,DERIVED_FROM_YFINANCE_GC=F
2006-12-13,636.5,622.4000244140625,620.9000244140625,6.821424211774554,DERIVED_FROM_YFINANCE_GC=F
2006-12-14,632.5,622.4000244140625,620.9000244140625,6.935712541852679,DERIVED_FROM_YFINANCE_GC=F
2006-12-15,632.5,624.0,622.5,6.971426827566964,DERIVED_FROM_YFINANCE_GC=F
2006-12-18,632.5,613.0,611.5,8.021427699497767,DERIVED_FROM_YFINANCE_GC=F
2006-12-19,628.5,612.0,610.5,7.735713413783482,DERIVED_FROM_YFINANCE_GC=F
2006-12-20,627.7000122070312,612.0,610.5,7.814287458147321,DERIVED_FROM_YFINANCE_GC=F
2006-12-21,622.7000122070312,612.0,610.5,7.100001743861607,DERIVED_FROM_YFINANCE_GC=F
2006-12-22,622.7000122070312,616.5,615.0,6.857142857142857,DERIVED_FROM_YFINANCE_GC=F
2006-12-26,622.7000122070312,618.0,616.5,6.378570556640625,DERIVED_FROM_YFINANCE_GC=F
2006-12-27,628.0,618.0,616.5,6.478572300502232,DERIVED_FROM_YFINANCE_GC=F
2006-12-28,628.0,618.7000122070312,617.2000122070312,5.921430315290179,DERIVED_FROM_YFINANCE_GC=F
2006-12-29,628.0,623.0,621.5,5.471431187220982,DERIVED_FROM_YFINANCE_GC=F
2007-01-02,635.2000122070312,626.0,624.5,4.800005231584821,DERIVED_FROM_YFINANCE_GC=F
2007-01-03,635.2000122070312,626.0,624.5,4.278577532087054,DERIVED_FROM_YFINANCE_GC=F
2007-01-04,640.4000244140625,628.5,627.0,4.914293561662946,DERIVED_FROM_YFINANCE_GC=F
2007-01-05,640.4000244140625,624.5,623.0,4.492863246372768,DERIVED_FROM_YFINANCE_GC=F
2007-01-08,640.4000244140625,617.2999877929688,615.7999877929688,4.892865862165179,DERIVED_FROM_YFINANCE_GC=F
2007-01-09,624.5,607.5,606.0,4.028577532087054,DERIVED_FROM_YFINANCE_GC=F
2007-01-10,623.7000122070312,607.0,605.5,3.742863246372768,DERIVED_FROM_YFINANCE_GC=F
2007-01-11,611.5999755859375,607.0,605.5,3.357147216796875,DERIVED_FROM_YFINANCE_GC=F
2007-01-12,612.4000244140625,607.0,605.5,3.200007847377232,DERIVED_FROM_YFINANCE_GC=F
2007-01-16,616.2000122070312,611.5999755859375,610.0999755859375,3.2714364188058034,DERIVED_FROM_YFINANCE_GC=F
2007-01-17,623.5999755859375,612.4000244140625,610.9000244140625,3.350010463169643,DERIVED_FROM_YFINANCE_GC=F
2007-01-18,632.5999755859375,616.2000122070312,614.7000122070312,3.2857230050223216,DERIVED_FROM_YFINANCE_GC=F
2007-01-19,632.5999755859375,623.5999755859375,622.0999755859375,3.3928658621651784,DERIVED_FROM_YFINANCE_GC=F
2007-01-22,633.5,627.0999755859375,625.5999755859375,3.7642953055245534,DERIVED_FROM_YFINANCE_GC=F
2007-01-23,633.5,627.0999755859375,625.5999755859375,3.842864990234375,DERIVED_FROM_YFINANCE_GC=F
2007-01-24,642.2000122070312,633.2999877929688,631.7999877929688,4.478581019810268,DERIVED_FROM_YFINANCE_GC=F
2007-01-25,642.2000122070312,633.2999877929688,631.7999877929688,3.978581019810268,DERIVED_FROM_YFINANCE_GC=F
2007-01-26,647.7999877929688,640.2999877929688,638.7999877929688,3.807155064174107,DERIVED_FROM_YFINANCE_GC=F
2007-01-29,647.7999877929688,640.2999877929688,638.7999877929688,3.571437290736607,DERIVED_FROM_YFINANCE_GC=F
2007-01-30,647.7999877929688,643.0999755859375,641.5999755859375,3.4857264927455356,DERIVED_FROM_YFINANCE_GC=F
2007-01-31,647.5,640.7999877929688,639.2999877929688,3.928584507533482,DERIVED_FROM_YFINANCE_GC=F
2007-02-01,655.5,640.7999877929688,639.2999877929688,4.800013950892857,DERIVED_FROM_YFINANCE_GC=F
2007-02-02,661.5,640.7999877929688,639.2999877929688,5.421439034598214,DERIVED_FROM_YFINANCE_GC=F
2007-02-05,661.5,641.7999877929688,640.2999877929688,6.385724748883929,DERIVED_FROM_YFINANCE_GC=F
2007-02-06,661.5,642.0,640.5,6.592864990234375,DERIVED_FROM_YFINANCE_GC=F
2007-02-07,659.2999877929688,642.0,640.5,6.800009591238839,DERIVED_FROM_YFINANCE_GC=F
2007-02-08,659.0,647.0,645.5,6.807150704520089,DERIVED_FROM_YFINANCE_GC=F
2007-02-09,659.2999877929688,648.0999755859375,646.5999755859375,7.078578404017857,DERIVED_FROM_YFINANCE_GC=F
2007-02-12,669.5,649.0999755859375,647.5999755859375,7.742863246372768,DERIVED_FROM_YFINANCE_GC=F
2007-02-13,669.5,649.0999755859375,647.5999755859375,7.571432931082589,DERIVED_FROM_YFINANCE_GC=F
2007-02-14,669.5,658.0,656.5,7.678575788225446,DERIVED_FROM_YFINANCE_GC=F
2007-02-15,672.0,661.0,659.5,8.24285888671875,DERIVED_FROM_YFINANCE_GC=F
2007-02-16,672.0,663.0,661.5,8.400002615792411,DERIVED_FROM_YFINANCE_GC=F
2007-02-20,672.0,663.0,661.5,8.578574044363839,DERIVED_FROM_YFINANCE_GC=F
2007-02-21,671.0,658.2999877929688,656.7999877929688,9.007145472935267,DERIVED_FROM_YFINANCE_GC=F
2007-02-22,682.2999877929688,657.5,656.0,9.828574044363839,DERIVED_FROM_YFINANCE_GC=F
2007-02-23,682.2999877929688,657.5,656.0,9.414289202008929,DERIVED_FROM_YFINANCE_GC=F
2007-02-26,685.2999877929688,657.5,656.0,8.9857177734375,DERIVED_FROM_YFINANCE_GC=F
2007-02-27,687.5999755859375,674.0,672.5,8.964290073939733,DERIVED_FROM_YFINANCE_GC=F
2007-02-28,687.7000122070312,668.5,667.0,9.557146344866071,DERIVED_FROM_YFINANCE_GC=F
2007-03-01,687.7000122070312,662.0,660.5,10.757149832589286,DERIVED_FROM_YFINANCE_GC=F
2007-03-02,687.7000122070312,662.0,660.5,10.285718645368304,DERIVED_FROM_YFINANCE_GC=F
2007-03-05,674.5,641.5,640.0,10.950003487723214,DERIVED_FROM_YFINANCE_GC=F
2007-03-06,673.0,640.0,638.5,10.592860630580358,DERIVED_FROM_YFINANCE_GC=F
2007-03-07,644.5,640.0,638.5,10.692858014787946,DERIVED_FROM_YFINANCE_GC=F
2007-03-08,650.5999755859375,640.0,638.5,10.600001743861608,DERIVED_FROM_YFINANCE_GC=F
2007-03-09,653.4000244140625,641.2999877929688,639.7999877929688,10.407148088727679,DERIVED_FROM_YFINANCE_GC=F
2007-03-12,653.4000244140625,650.0,648.5,10.371433803013392,DERIVED_FROM_YFINANCE_GC=F
2007-03-13,653.4000244140625,648.0,646.5,9.607147216796875,DERIVED_FROM_YFINANCE_GC=F
2007-03-14,650.0,647.5999755859375,646.0999755859375,7.864292689732143,DERIVED_FROM_YFINANCE_GC=F
2007-03-15,648.0,640.9000244140625,639.4000244140625,8.078574044363839,DERIVED_FROM_YFINANCE_GC=F
2007-03-16,647.5999755859375,640.9000244140625,639.4000244140625,7.614288330078125,DERIVED_FROM_YFINANCE_GC=F
2007-03-19,652.9000244140625,640.9000244140625,639.4000244140625,7.807146344866071,DERIVED_FROM_YFINANCE_GC=F
2007-03-20,653.0999755859375,645.7000122070312,644.2000122070312,6.471431187220982,DERIVED_FROM_YFINANCE_GC=F
2007-03-21,657.9000244140625,652.7000122070312,651.2000122070312,5.250004359654018,DERIVED_FROM_YFINANCE_GC=F
2007-03-22,659.0,653.0999755859375,651.5999755859375,5.071432931082589,DERIVED_FROM_YFINANCE_GC=F
2007-03-23,663.4000244140625,657.9000244140625,656.4000244140625,3.9000069754464284,DERIVED_FROM_YFINANCE_GC=F
2007-03-26,663.4000244140625,656.7000122070312,655.2000122070312,4.271436418805804,DERIVED_FROM_YFINANCE_GC=F
2007-03-27,663.4000244140625,656.7000122070312,655.2000122070312,4.192866734095982,DERIVED_FROM_YFINANCE_GC=F
2007-03-28,663.4000244140625,656.7000122070312,655.2000122070312,3.800013950892857,DERIVED_FROM_YFINANCE_GC=F
2007-03-29,666.5,662.0999755859375,660.5999755859375,3.9142979213169644,DERIVED_FROM_YFINANCE_GC=F
2007-03-30,666.5,654.5999755859375,653.0999755859375,4.521440778459821,DERIVED_FROM_YFINANCE_GC=F
2007-04-02,667.7000122070312,654.5999755859375,653.0999755859375,4.992871965680804,DERIVED_FROM_YFINANCE_GC=F
2007-04-03,667.7000122070312,654.5999755859375,653.0999755859375,5.607155936104911,DERIVED_FROM_YFINANCE_GC=F
2007-04-04,667.7000122070312,656.0999755859375,654.5999755859375,5.492871965680804,DERIVED_FROM_YFINANCE_GC=F
2007-04-05,675.0,656.0999755859375,654.5999755859375,5.93572998046875,DERIVED_FROM_YFINANCE_GC=F
2007-04-09,676.0,662.2000122070312,660.7000122070312,5.742871965680804,DERIVED_FROM_YFINANCE_GC=F
2007-04-10,677.5,664.0,662.5,6.164302280970982,DERIVED_FROM_YFINANCE_GC=F
2007-04-11,681.5,671.0999755859375,669.5999755859375,6.507154192243304,DERIVED_FROM_YFINANCE_GC=F
2007-04-12,681.5,671.0999755859375,669.5999755859375,6.821441650390625,DERIVED_FROM_YFINANCE_GC=F
2007-04-13,681.5,673.0999755859375,671.5999755859375,6.821441650390625,DERIVED_FROM_YFINANCE_GC=F
2007-04-16,683.5999755859375,673.0999755859375,671.5999755859375,6.95001220703125,DERIVED_FROM_YFINANCE_GC=F
2007-04-17,690.0999755859375,673.0999755859375,671.5999755859375,6.828582763671875,DERIVED_FROM_YFINANCE_GC=F
2007-04-18,690.0999755859375,680.2000122070312,678.7000122070312,6.942862374441964,DERIVED_FROM_YFINANCE_GC=F
2007-04-19,690.5999755859375,685.0999755859375,683.5999755859375,6.885716029575893,DERIVED_FROM_YFINANCE_GC=F
2007-04-20,690.5999755859375,681.9000244140625,680.4000244140625,6.549996512276786,DERIVED_FROM_YFINANCE_GC=F
2007-04-23,692.5,681.9000244140625,680.4000244140625,6.52142333984375,DERIVED_FROM_YFINANCE_GC=F
2007-04-24,692.5,681.9000244140625,680.4000244140625,6.135707310267857,DERIVED_FROM_YFINANCE_GC=F
2007-04-25,692.5,683.0,681.5,6.364279610770089,DERIVED_FROM_YFINANCE_GC=F
2007-04-26,691.2999877929688,683.0,681.5,5.77142333984375,DERIVED_FROM_YFINANCE_GC=F
2007-04-27,691.2999877929688,673.5,672.0,6.399993896484375,DERIVED_FROM_YFINANCE_GC=F
2007-04-30,686.7999877929688,673.0,671.5,6.321419852120536,DERIVED_FROM_YFINANCE_GC=F
2007-05-01,686.7999877929688,673.0,671.5,5.828565325055804,DERIVED_FROM_YFINANCE_GC=F
2007-05-02,680.0,673.0,671.5,5.971422467912946,DERIVED_FROM_YFINANCE_GC=F
2007-05-03,680.0,672.2999877929688,670.7999877929688,5.807137625558036,DERIVED_FROM_YFINANCE_GC=F
2007-05-04,681.7999877929688,672.2999877929688,670.7999877929688,5.878566196986607,DERIVED_FROM_YFINANCE_GC=F
2007-05-07,687.2000122070312,672.2999877929688,670.7999877929688,5.907139369419643,DERIVED_FROM_YFINANCE_GC=F
2007-05-08,688.0,681.7999877929688,680.2999877929688,5.75714111328125,DERIVED_FROM_YFINANCE_GC=F
2007-05-09,688.0,685.0999755859375,683.5999755859375,5.707144601004464,DERIVED_FROM_YFINANCE_GC=F
2007-05-10,688.0,680.2999877929688,678.7999877929688,5.535718645368304,DERIVED_FROM_YFINANCE_GC=F
2007-05-11,685.0999755859375,651.0,649.5,7.042859758649554,DERIVED_FROM_YFINANCE_GC=F
2007-05-14,680.2999877929688,651.0,649.5,7.150002615792411,DERIVED_FROM_YFINANCE_GC=F
2007-05-15,670.5999755859375,651.0,649.5,6.707144601004464,DERIVED_FROM_YFINANCE_GC=F
2007-05-16,673.0,668.5,667.0,6.835715157645089,DERIVED_FROM_YFINANCE_GC=F
2007-05-17,673.0,660.2000122070312,658.7000122070312,6.800000871930804,DERIVED_FROM_YFINANCE_GC=F
2007-05-18,673.0,656.2000122070312,654.7000122070312,6.707144601004464,DERIVED_FROM_YFINANCE_GC=F
2007-05-21,661.0,656.2000122070312,654.7000122070312,6.857142857142857,DERIVED_FROM_YFINANCE_GC=F
2007-05-22,661.4000244140625,656.2000122070312,654.7000122070312,6.421430315290179,DERIVED_FROM_YFINANCE_GC=F
2007-05-23,661.4000244140625,659.0999755859375,657.5999755859375,6.542859758649554,DERIVED_FROM_YFINANCE_GC=F
2007-05-24,661.9000244140625,659.0999755859375,657.5999755859375,6.064291817801339,DERIVED_FROM_YFINANCE_GC=F
2007-05-25,661.9000244140625,654.0,652.5,6.242863246372768,DERIVED_FROM_YFINANCE_GC=F
2007-05-29,661.9000244140625,654.0,652.5,6.392865862165179,DERIVED_FROM_YFINANCE_GC=F
2007-05-30,657.0999755859375,654.0,652.5,6.328578404017857,DERIVED_FROM_YFINANCE_GC=F
2007-05-31,658.4000244140625,651.5,650.0,6.478581019810268,DERIVED_FROM_YFINANCE_GC=F
2007-06-01,662.0,651.5,650.0,5.064296177455357,DERIVED_FROM_YFINANCE_GC=F
2007-06-04,672.0,651.5,650.0,5.471439906529018,DERIVED_FROM_YFINANCE_GC=F
2007-06-05,673.7000122070312,652.5,651.0,5.664297921316964,DERIVED_FROM_YFINANCE_GC=F
2007-06-06,674.0,660.7999877929688,659.2999877929688,5.678584507533482,DERIVED_FROM_YFINANCE_GC=F
2007-06-07,674.0,665.4000244140625,663.9000244140625,5.157156808035714,DERIVED_FROM_YFINANCE_GC=F
2007-06-08,674.0,658.2999877929688,656.7999877929688,5.807159423828125,DERIVED_FROM_YFINANCE_GC=F
2007-06-11,671.4000244140625,645.2000122070312,643.7000122070312,6.528586251395089,DERIVED_FROM_YFINANCE_GC=F
2007-06-12,671.4000244140625,645.2000122070312,643.7000122070312,7.064300537109375,DERIVED_FROM_YFINANCE_GC=F
2007-06-13,659.5999755859375,645.2000122070312,643.7000122070312,7.321437290736607,DERIVED_FROM_YFINANCE_GC=F
2007-06-14,654.4000244140625,644.2999877929688,642.7999877929688,7.635720389229911,DERIVED_FROM_YFINANCE_GC=F
2007-06-15,653.7999877929688,644.2999877929688,642.7999877929688,7.400002615792411,DERIVED_FROM_YFINANCE_GC=F
2007-06-18,655.2000122070312,644.2999877929688,642.7999877929688,7.514286586216518,DERIVED_FROM_YFINANCE_GC=F
2007-06-19,658.2000122070312,650.0,648.5,7.635716029575893,DERIVED_FROM_YFINANCE_GC=F
2007-06-20,660.2000122070312,650.7000122070312,649.2000122070312,7.657143729073661,DERIVED_FROM_YFINANCE_GC=F
2007-06-21,660.7999877929688,653.0,651.5,7.178571428571429,DERIVED_FROM_YFINANCE_GC=F
2007-06-22,660.7999877929688,648.5999755859375,647.0999755859375,6.914284842354911,DERIVED_FROM_YFINANCE_GC=F
2007-06-25,660.7999877929688,648.5999755859375,647.0999755859375,6.621425083705357,DERIVED_FROM_YFINANCE_GC=F
2007-06-26,650.5,648.5999755859375,647.0999755859375,6.535709926060268,DERIVED_FROM_YFINANCE_GC=F
2007-06-27,650.5,640.0,638.5,6.949994768415179,DERIVED_FROM_YFINANCE_GC=F
2007-06-28,650.5,640.0,638.5,6.235704694475446,DERIVED_FROM_YFINANCE_GC=F
2007-06-29,648.4000244140625,640.0,638.5,5.649993896484375,DERIVED_FROM_YFINANCE_GC=F
2007-07-02,649.2000122070312,640.4000244140625,638.9000244140625,5.135707310267857,DERIVED_FROM_YFINANCE_GC=F
2007-07-03,656.7999877929688,643.9000244140625,642.4000244140625,5.228567940848214,DERIVED_FROM_YFINANCE_GC=F
2007-07-05,656.7999877929688,647.5,646.0,4.77142333984375,DERIVED_FROM_YFINANCE_GC=F
2007-07-06,656.7999877929688,648.4000244140625,646.9000244140625,4.7642822265625,DERIVED_FROM_YFINANCE_GC=F
2007-07-09,655.7000122070312,648.4000244140625,646.9000244140625,4.749995640345982,DERIVED_FROM_YFINANCE_GC=F
2007-07-10,660.5,648.4000244140625,646.9000244140625,5.042851039341518,DERIVED_FROM_YFINANCE_GC=F
2007-07-11,662.5,652.7000122070312,651.2000122070312,4.671421595982143,DERIVED_FROM_YFINANCE_GC=F
2007-07-12,662.5,660.2999877929688,658.7999877929688,4.628566196986607,DERIVED_FROM_YFINANCE_GC=F
2007-07-13,665.0,660.2999877929688,658.7999877929688,4.428567068917411,DERIVED_FROM_YFINANCE_GC=F
2007-07-16,666.7000122070312,660.2999877929688,658.7999877929688,4.378570556640625,DERIVED_FROM_YFINANCE_GC=F
2007-07-17,667.0999755859375,665.0,663.5,4.221426827566964,DERIVED_FROM_YFINANCE_GC=F
2007-07-18,667.0999755859375,664.7000122070312,663.2000122070312,3.4357125418526784,DERIVED_FROM_YFINANCE_GC=F
2007-07-19,672.5999755859375,664.7000122070312,663.2000122070312,3.778568812779018,DERIVED_FROM_YFINANCE_GC=F
2007-07-20,677.2000122070312,664.7000122070312,663.2000122070312,3.628570556640625,DERIVED_FROM_YFINANCE_GC=F
2007-07-23,683.9000244140625,672.5999755859375,671.0999755859375,3.985713413783482,DERIVED_FROM_YFINANCE_GC=F
2007-07-24,683.9000244140625,677.2000122070312,675.7000122070312,3.5857151576450894,DERIVED_FROM_YFINANCE_GC=F
2007-07-25,684.2000122070312,680.7999877929688,679.2999877929688,3.7714320591517856,DERIVED_FROM_YFINANCE_GC=F
2007-07-26,684.2000122070312,673.2999877929688,671.7999877929688,4.22857666015625,DERIVED_FROM_YFINANCE_GC=F
2007-07-27,684.2000122070312,662.5,661.0,4.692862374441964,DERIVED_FROM_YFINANCE_GC=F
2007-07-30,673.2999877929688,660.0,658.5,4.314291817801339,DERIVED_FROM_YFINANCE_GC=F
2007-07-31,665.2000122070312,659.2999877929688,657.7999877929688,4.592864990234375,DERIVED_FROM_YFINANCE_GC=F
2007-08-01,668.2999877929688,659.2999877929688,657.7999877929688,4.842864990234375,DERIVED_FROM_YFINANCE_GC=F
2007-08-02,668.2999877929688,658.5,657.0,5.107151576450893,DERIVED_FROM_YFINANCE_GC=F
2007-08-03,668.2999877929688,658.5,657.0,5.385724748883929,DERIVED_FROM_YFINANCE_GC=F
2007-08-06,674.4000244140625,658.5,657.0,5.992871965680804,DERIVED_FROM_YFINANCE_GC=F
2007-08-07,674.4000244140625,662.7999877929688,661.2999877929688,6.235730852399554,DERIVED_FROM_YFINANCE_GC=F
2007-08-08,674.4000244140625,665.7000122070312,664.2000122070312,6.028590611049107,DERIVED_FROM_YFINANCE_GC=F
2007-08-09,676.2000122070312,666.5,665.0,6.100019182477679,DERIVED_FROM_YFINANCE_GC=F
2007-08-10,676.2000122070312,661.4000244140625,659.9000244140625,6.557159423828125,DERIVED_FROM_YFINANCE_GC=F
2007-08-13,676.2000122070312,659.5,658.0,7.328587123325893,DERIVED_FROM_YFINANCE_GC=F
2007-08-14,673.4000244140625,659.5,658.0,7.257158551897321,DERIVED_FROM_YFINANCE_GC=F
2007-08-15,673.4000244140625,659.5,658.0,6.871442522321429,DERIVED_FROM_YFINANCE_GC=F
2007-08-16,671.0,662.5,661.0,6.614301409040179,DERIVED_FROM_YFINANCE_GC=F
2007-08-17,670.5,642.9000244140625,641.4000244140625,8.292872837611608,DERIVED_FROM_YFINANCE_GC=F
2007-08-20,669.7000122070312,642.9000244140625,641.4000244140625,8.542872837611608,DERIVED_FROM_YFINANCE_GC=F
2007-08-21,665.2000122070312,642.9000244140625,641.4000244140625,8.357155936104911,DERIVED_FROM_YFINANCE_GC=F
2007-08-22,660.0,648.4000244140625,646.9000244140625,7.878583635602679,DERIVED_FROM_YFINANCE_GC=F
2007-08-23,661.0999755859375,657.5,656.0,7.914293561662946,DERIVED_FROM_YFINANCE_GC=F
2007-08-24,663.7000122070312,657.5,656.0,7.542864118303571,DERIVED_FROM_YFINANCE_GC=F
2007-08-27,668.7999877929688,658.9000244140625,657.4000244140625,7.9857177734375,DERIVED_FROM_YFINANCE_GC=F
2007-08-28,668.7999877929688,662.0999755859375,660.5999755859375,7.771432059151786,DERIVED_FROM_YFINANCE_GC=F
2007-08-29,668.7999877929688,662.0999755859375,660.5999755859375,7.557141985212054,DERIVED_FROM_YFINANCE_GC=F
2007-08-30,668.0,664.2000122070312,662.7000122070312,6.857142857142857,DERIVED_FROM_YFINANCE_GC=F
2007-08-31,667.7000122070312,664.2000122070312,662.7000122070312,5.935712541852679,DERIVED_FROM_YFINANCE_GC=F
2007-09-04,672.7999877929688,665.5,664.0,6.321424211774554,DERIVED_FROM_YFINANCE_GC=F
2007-09-05,682.5,665.5,664.0,6.607138497488839,DERIVED_FROM_YFINANCE_GC=F
2007-09-06,682.5,672.5,671.0,6.371425083705357,DERIVED_FROM_YFINANCE_GC=F
2007-09-07,692.4000244140625,678.5999755859375,677.0999755859375,5.278568812779018,DERIVED_FROM_YFINANCE_GC=F
2007-09-10,700.7999877929688,678.5999755859375,677.0999755859375,4.978567940848214,DERIVED_FROM_YFINANCE_GC=F
2007-09-11,705.0,692.2000122070312,690.7000122070312,5.057141985212054,DERIVED_FROM_YFINANCE_GC=F
2007-09-12,705.0,700.7999877929688,699.2999877929688,4.985713413783482,DERIVED_FROM_YFINANCE_GC=F
2007-09-13,713.9000244140625,702.0,700.5,4.792859758649554,DERIVED_FROM_YFINANCE_GC=F
2007-09-14,713.9000244140625,702.7999877929688,701.2999877929688,4.821428571428571,DERIVED_FROM_YFINANCE_GC=F
2007-09-17,717.2000122070312,706.9000244140625,705.4000244140625,4.664289202008929,DERIVED_FROM_YFINANCE_GC=F
2007-09-18,719.0999755859375,706.9000244140625,705.4000244140625,5.200003487723214,DERIVED_FROM_YFINANCE_GC=F
2007-09-19,719.0999755859375,714.9000244140625,713.4000244140625,5.014290945870536,DERIVED_FROM_YFINANCE_GC=F
2007-09-20,724.5999755859375,715.7999877929688,714.2999877929688,5.407148088727679,DERIVED_FROM_YFINANCE_GC=F
2007-09-21,732.4000244140625,715.7999877929688,714.2999877929688,6.078578404017857,DERIVED_FROM_YFINANCE_GC=F
2007-09-24,732.4000244140625,724.5999755859375,723.0999755859375,5.592864990234375,DERIVED_FROM_YFINANCE_GC=F
2007-09-25,732.4000244140625,731.4000244140625,729.9000244140625,4.964290073939732,DERIVED_FROM_YFINANCE_GC=F
2007-09-26,732.0999755859375,731.4000244140625,729.9000244140625,4.721431187220982,DERIVED_FROM_YFINANCE_GC=F
2007-09-27,732.0999755859375,728.2999877929688,726.7999877929688,4.192858014787946,DERIVED_FROM_YFINANCE_GC=F
2007-09-28,735.5,727.4000244140625,725.9000244140625,4.399998256138393,DERIVED_FROM_YFINANCE_GC=F
2007-10-01,745.7000122070312,727.4000244140625,725.9000244140625,5.028568812779018,DERIVED_FROM_YFINANCE_GC=F
2007-10-02,747.4000244140625,727.4000244140625,725.9000244140625,5.378570556640625,DERIVED_FROM_YFINANCE_GC=F
2007-10-03,747.4000244140625,726.5,725.0,6.735713413783482,DERIVED_FROM_YFINANCE_GC=F
2007-10-04,747.4000244140625,726.5,725.0,6.792855398995536,DERIVED_FROM_YFINANCE_GC=F
2007-10-05,746.5,724.2999877929688,722.7999877929688,7.135711669921875,DERIVED_FROM_YFINANCE_GC=F
2007-10-08,741.7000122070312,724.2999877929688,722.7999877929688,7.221426827566964,DERIVED_FROM_YFINANCE_GC=F
2007-10-09,741.7000122070312,724.2999877929688,722.7999877929688,7.857138497488839,DERIVED_FROM_YFINANCE_GC=F
2007-10-10,741.7000122070312,731.0,729.5,7.492854527064732,DERIVED_FROM_YFINANCE_GC=F
2007-10-11,741.0,732.4000244140625,730.9000244140625,7.007136753627232,DERIVED_FROM_YFINANCE_GC=F
2007-10-12,749.7000122070312,735.5,734.0,7.599993024553571,DERIVED_FROM_YFINANCE_GC=F
2007-10-15,750.4000244140625,740.7000122070312,739.2000122070312,7.735709054129464,DERIVED_FROM_YFINANCE_GC=F
2007-10-16,759.5999755859375,746.0,744.5,8.478563581194196,DERIVED_FROM_YFINANCE_GC=F
2007-10-17,762.4000244140625,748.7000122070312,747.2000122070312,8.692853655133929,DERIVED_FROM_YFINANCE_GC=F
2007-10-18,762.4000244140625,756.0999755859375,754.5999755859375,8.328569684709821,DERIVED_FROM_YFINANCE_GC=F
2007-10-19,765.7999877929688,756.0999755859375,754.5999755859375,7.992854527064732,DERIVED_FROM_YFINANCE_GC=F
2007-10-22,765.7999877929688,757.0,755.5,7.77142333984375,DERIVED_FROM_YFINANCE_GC=F
2007-10-23,766.7000122070312,751.9000244140625,750.4000244140625,7.349993024553571,DERIVED_FROM_YFINANCE_GC=F
2007-10-24,766.7000122070312,751.9000244140625,750.4000244140625,6.949994768415179,DERIVED_FROM_YFINANCE_GC=F
2007-10-25,766.7000122070312,751.9000244140625,750.4000244140625,6.449994768415179,DERIVED_FROM_YFINANCE_GC=F
2007-10-26,767.9000244140625,753.5,752.0,6.135711669921875,DERIVED_FROM_YFINANCE_GC=F
2007-10-29,783.4000244140625,753.5,752.0,6.650002615792411,DERIVED_FROM_YFINANCE_GC=F
2007-10-30,793.7999877929688,767.9000244140625,766.4000244140625,7.092856270926339,DERIVED_FROM_YFINANCE_GC=F
2007-10-31,793.7999877929688,771.4000244140625,769.9000244140625,7.435712541852679,DERIVED_FROM_YFINANCE_GC=F
2007-11-01,795.4000244140625,780.7000122070312,779.2000122070312,7.564287458147321,DERIVED_FROM_YFINANCE_GC=F
2007-11-02,795.4000244140625,780.7000122070312,779.2000122070312,7.857147216796875,DERIVED_FROM_YFINANCE_GC=F
2007-11-05,806.5,785.2999877929688,783.7999877929688,8.207148960658483,DERIVED_FROM_YFINANCE_GC=F
2007-11-06,806.5,785.2999877929688,783.7999877929688,7.864288330078125,DERIVED_FROM_YFINANCE_GC=F
2007-11-07,825.2999877929688,794.0999755859375,792.5999755859375,8.878574916294642,DERIVED_FROM_YFINANCE_GC=F
2007-11-08,831.2000122070312,804.2000122070312,802.7000122070312,9.028577532087054,DERIVED_FROM_YFINANCE_GC=F
2007-11-09,841.2999877929688,821.9000244140625,820.4000244140625,9.671434674944196,DERIVED_FROM_YFINANCE_GC=F
2007-11-12,841.2999877929688,829.7999877929688,828.2999877929688,8.907148088727679,DERIVED_FROM_YFINANCE_GC=F
2007-11-13,841.2999877929688,798.7000122070312,797.2000122070312,11.307146344866071,DERIVED_FROM_YFINANCE_GC=F
2007-11-14,835.7999877929688,798.7000122070312,797.2000122070312,11.328574044363839,DERIVED_FROM_YFINANCE_GC=F
2007-11-15,817.0,798.7000122070312,797.2000122070312,12.292855398995536,DERIVED_FROM_YFINANCE_GC=F
2007-11-16,817.0,793.7000122070312,792.2000122070312,12.52142333984375,DERIVED_FROM_YFINANCE_GC=F
2007-11-19,817.0,785.7000122070312,784.2000122070312,11.828569684709821,DERIVED_FROM_YFINANCE_GC=F
2007-11-20,794.5,777.5999755859375,776.0999755859375,11.807146344866071,DERIVED_FROM_YFINANCE_GC=F
2007-11-21,802.5,777.5999755859375,776.0999755859375,12.850001743861608,DERIVED_FROM_YFINANCE_GC=F
2007-11-23,802.5,777.5999755859375,776.0999755859375,12.892857142857142,DERIVED_FROM_YFINANCE_GC=F
2007-11-26,824.0,792.9000244140625,791.4000244140625,13.650002615792411,DERIVED_FROM_YFINANCE_GC=F
2007-11-27,826.0,797.5999755859375,796.0999755859375,13.685716901506696,DERIVED_FROM_YFINANCE_GC=F
2007-11-28,826.0,812.5,811.0,13.421430315290179,DERIVED_FROM_YFINANCE_GC=F
2007-11-29,826.0,800.0999755859375,798.5999755859375,13.650002615792411,DERIVED_FROM_YFINANCE_GC=F
2007-11-30,824.7999877929688,791.9000244140625,790.4000244140625,13.964285714285714,DERIVED_FROM_YFINANCE_GC=F
2007-12-03,807.7999877929688,778.4000244140625,776.9000244140625,15.114283970424108,DERIVED_FROM_YFINANCE_GC=F
2007-12-04,807.7999877929688,777.0,775.5,13.957140241350446,DERIVED_FROM_YFINANCE_GC=F
2007-12-05,805.0,777.0,775.5,14.814283098493304,DERIVED_FROM_YFINANCE_GC=F
2007-12-06,805.0,777.0,775.5,14.271427699497767,DERIVED_FROM_YFINANCE_GC=F
2007-12-07,805.0,786.5,785.0,14.199999128069196,DERIVED_FROM_YFINANCE_GC=F
2007-12-10,804.7999877929688,786.5,785.0,14.842856270926339,DERIVED_FROM_YFINANCE_GC=F
2007-12-11,809.7000122070312,786.5,785.0,15.357138497488839,DERIVED_FROM_YFINANCE_GC=F
2007-12-12,812.0,792.0,790.5,14.664280482700892,DERIVED_FROM_YFINANCE_GC=F
2007-12-13,815.9000244140625,796.0,794.5,14.592856270926339,DERIVED_FROM_YFINANCE_GC=F
2007-12-14,815.9000244140625,792.7000122070312,791.2000122070312,14.192853655133929,DERIVED_FROM_YFINANCE_GC=F
2007-12-17,815.9000244140625,789.5999755859375,788.0999755859375,15.042855398995536,DERIVED_FROM_YFINANCE_GC=F
2007-12-18,810.2999877929688,788.4000244140625,786.9000244140625,14.5142822265625,DERIVED_FROM_YFINANCE_GC=F
2007-12-19,804.7999877929688,788.4000244140625,786.9000244140625,14.385707310267858,DERIVED_FROM_YFINANCE_GC=F
2007-12-20,804.7999877929688,788.4000244140625,786.9000244140625,13.599997384207589,DERIVED_FROM_YFINANCE_GC=F
2007-12-21,804.7999877929688,793.0,791.5,12.649998256138392,DERIVED_FROM_YFINANCE_GC=F
2007-12-24,812.5,794.2000122070312,792.7000122070312,12.342856270926339,DERIVED_FROM_YFINANCE_GC=F
2007-12-26,814.0999755859375,794.2000122070312,792.7000122070312,11.378570556640625,DERIVED_FROM_YFINANCE_GC=F
2007-12-27,826.9000244140625,800.0,798.5,11.514286586216517,DERIVED_FROM_YFINANCE_GC=F
2007-12-28,832.5,809.7999877929688,808.2999877929688,10.757145472935267,DERIVED_FROM_YFINANCE_GC=F
2007-12-31,840.2000122070312,815.7000122070312,814.2000122070312,11.071432931082589,DERIVED_FROM_YFINANCE_GC=F
2008-01-02,843.2000122070312,824.7999877929688,823.2999877929688,10.235722133091517,DERIVED_FROM_YFINANCE_GC=F
2008-01-03,857.7999877929688,826.5999755859375,825.0999755859375,10.72857666015625,DERIVED_FROM_YFINANCE_GC=F
2008-01-04,865.5,843.2000122070312,841.7000122070312,10.935716901506696,DERIVED_FROM_YFINANCE_GC=F
2008-01-07,865.5,846.4000244140625,844.9000244140625,9.892861502511161,DERIVED_FROM_YFINANCE_GC=F
2008-01-08,865.5,856.2999877929688,854.7999877929688,9.307141985212054,DERIVED_FROM_YFINANCE_GC=F
2008-01-09,879.4000244140625,857.4000244140625,855.9000244140625,10.285718645368304,DERIVED_FROM_YFINANCE_GC=F
2008-01-10,885.0,857.4000244140625,855.9000244140625,10.085719517299108,DERIVED_FROM_YFINANCE_GC=F
2008-01-11,891.4000244140625,861.5999755859375,860.0999755859375,10.585719517299108,DERIVED_FROM_YFINANCE_GC=F
2008-01-14,899.7000122070312,876.0,874.5,10.807150704520089,DERIVED_FROM_YFINANCE_GC=F
2008-01-15,907.2999877929688,881.2000122070312,879.7000122070312,10.657152448381696,DERIVED_FROM_YFINANCE_GC=F
2008-01-16,907.2999877929688,887.5999755859375,886.0999755859375,11.350010463169651,DERIVED_FROM_YFINANCE_GC=F
2008-01-17,907.2999877929688,880.5,879.0,11.807150704520097,DERIVED_FROM_YFINANCE_GC=F
2008-01-18,888.2000122070312,876.7999877929688,875.2999877929688,12.071437290736615,DERIVED_FROM_YFINANCE_GC=F
2008-01-22,888.2000122070312,871.0,869.5,12.228576660156259,DERIVED_FROM_YFINANCE_GC=F
2008-01-23,891.0,863.2000122070312,861.7000122070312,13.957144601004472,DERIVED_FROM_YFINANCE_GC=F
2008-01-24,895.7000122070312,863.2000122070312,861.7000122070312,13.442862374441972,DERIVED_FROM_YFINANCE_GC=F
2008-01-25,906.5999755859376,863.2000122070312,861.7000122070312,14.507145472935283,DERIVED_FROM_YFINANCE_GC=F
2008-01-28,910.5,880.0,878.5,14.421430315290195,DERIVED_FROM_YFINANCE_GC=F
2008-01-29,922.0,890.9000244140625,889.4000244140625,14.835719517299124,DERIVED_FROM_YFINANCE_GC=F
2008-01-30,925.0,910.5,909.0,13.571428571428596,DERIVED_FROM_YFINANCE_GC=F
2008-01-31,936.2999877929688,914.5,913.0,14.428571428571454,DERIVED_FROM_YFINANCE_GC=F
2008-02-01,936.2999877929688,915.2999877929688,913.7999877929688,14.314283098493336,DERIVED_FROM_YFINANCE_GC=F
2008-02-04,936.2999877929688,903.7000122070312,902.2000122070312,15.921425955636193,DERIVED_FROM_YFINANCE_GC=F
2008-02-05,936.2000122070312,892.5,891.0,16.514282226562532,DERIVED_FROM_YFINANCE_GC=F
2008-02-06,936.2000122070312,884.7000122070312,883.2000122070312,16.97856794084824,DERIVED_FROM_YFINANCE_GC=F
2008-02-07,912.0,884.7000122070312,883.2000122070312,17.23570905412949,DERIVED_FROM_YFINANCE_GC=F
2008-02-08,910.0,884.7000122070312,883.2000122070312,17.342847551618327,DERIVED_FROM_YFINANCE_GC=F
2008-02-11,920.0,887.5,886.0,17.207135881696445,DERIVED_FROM_YFINANCE_GC=F
2008-02-12,926.9000244140624,896.4000244140625,894.9000244140625,15.892852783203134,DERIVED_FROM_YFINANCE_GC=F
2008-02-13,926.9000244140624,904.2000122070312,902.7000122070312,16.242850167410722,DERIVED_FROM_YFINANCE_GC=F
2008-02-14,926.9000244140624,897.2000122070312,895.7000122070312,15.392852783203116,DERIVED_FROM_YFINANCE_GC=F
2008-02-15,924.7999877929688,897.2000122070312,895.7000122070312,15.53570992606026,DERIVED_FROM_YFINANCE_GC=F
2008-02-19,913.5999755859376,897.2000122070312,895.7000122070312,15.778564453125,DERIVED_FROM_YFINANCE_GC=F
2008-02-20,928.7999877929688,898.7000122070312,897.2000122070312,17.649993896484368,DERIVED_FROM_YFINANCE_GC=F
2008-02-21,945.0,898.7000122070312,897.2000122070312,17.96428135463168,DERIVED_FROM_YFINANCE_GC=F
2008-02-22,953.4000244140624,900.5,899.0,18.57142857142853,DERIVED_FROM_YFINANCE_GC=F
2008-02-25,953.4000244140624,919.5999755859376,918.0999755859376,16.678571428571388,DERIVED_FROM_YFINANCE_GC=F
2008-02-26,953.4000244140624,933.0,931.5,16.42143031529013,DERIVED_FROM_YFINANCE_GC=F
2008-02-27,949.0,931.2999877929688,929.7999877929688,16.221431187220933,DERIVED_FROM_YFINANCE_GC=F
2008-02-28,960.0,931.2999877929688,929.7999877929688,15.49286324637271,DERIVED_FROM_YFINANCE_GC=F
2008-02-29,972.0999755859376,931.2999877929688,929.7999877929688,15.835719517299067,DERIVED_FROM_YFINANCE_GC=F
2008-03-03,973.0999755859376,954.4000244140624,952.9000244140624,15.528573172433012,DERIVED_FROM_YFINANCE_GC=F
2008-03-04,986.9000244140624,954.4000244140624,952.9000244140624,15.914289202008897,DERIVED_FROM_YFINANCE_GC=F
2008-03-05,986.9000244140624,963.5,962.0,15.921434674944164,DERIVED_FROM_YFINANCE_GC=F
2008-03-06,992.7000122070312,963.7999877929688,962.2999877929688,17.107147216796857,DERIVED_FROM_YFINANCE_GC=F
2008-03-07,992.7000122070312,963.7999877929688,962.2999877929688,17.628574916294635,DERIVED_FROM_YFINANCE_GC=F
2008-03-10,992.7000122070312,963.9000244140624,962.4000244140624,17.457148960658465,DERIVED_FROM_YFINANCE_GC=F
2008-03-11,987.7000122070312,964.7000122070312,963.2000122070312,16.300005231584805,DERIVED_FROM_YFINANCE_GC=F
2008-03-12,984.9000244140624,964.7000122070312,963.2000122070312,14.971431187220983,DERIVED_FROM_YFINANCE_GC=F
2008-03-13,979.2999877929688,964.7000122070312,963.2000122070312,14.042855398995552,DERIVED_FROM_YFINANCE_GC=F
2008-03-14,998.5,971.5,970.0,15.021427699497783,DERIVED_FROM_YFINANCE_GC=F
2008-03-17,1004.5999755859376,973.5,972.0,14.764282226562532,DERIVED_FROM_YFINANCE_GC=F
2008-03-18,1014.5999755859376,983.7000122070312,982.2000122070312,14.799992152622817,DERIVED_FROM_YFINANCE_GC=F
2008-03-19,1014.5999755859376,978.2000122070312,976.7000122070312,16.07856096540184,DERIVED_FROM_YFINANCE_GC=F
2008-03-20,1014.5999755859376,938.4000244140624,936.9000244140624,19.44284929547996,DERIVED_FROM_YFINANCE_GC=F
2008-03-24,1010.0,917.7000122070312,916.2000122070312,20.685708182198702,DERIVED_FROM_YFINANCE_GC=F
2008-03-25,979.2999877929688,915.2000122070312,913.7000122070312,20.11427525111613,DERIVED_FROM_YFINANCE_GC=F
2008-03-26,943.2000122070312,915.2000122070312,913.7000122070312,19.74999128069201,DERIVED_FROM_YFINANCE_GC=F
2008-03-27,949.5999755859376,915.2000122070312,913.7000122070312,18.76427786690852,DERIVED_FROM_YFINANCE_GC=F
2008-03-28,951.7000122070312,927.2000122070312,925.7000122070312,18.171421595982174,DERIVED_FROM_YFINANCE_GC=F
2008-03-31,951.7000122070312,921.7999877929688,920.2999877929688,19.37142072405138,DERIVED_FROM_YFINANCE_GC=F
2008-04-01,951.7000122070312,912.0,910.5,20.514277866908532,DERIVED_FROM_YFINANCE_GC=F
2008-04-02,951.0999755859376,871.7999877929688,870.2999877929688,23.45713588169647,DERIVED_FROM_YFINANCE_GC=F
2008-04-03,940.0999755859376,871.7999877929688,870.2999877929688,24.849993024553612,DERIVED_FROM_YFINANCE_GC=F
2008-04-04,919.7999877929688,871.7999877929688,870.2999877929688,24.721422467912987,DERIVED_FROM_YFINANCE_GC=F
2008-04-07,914.9000244140624,881.2000122070312,879.7000122070312,24.992854527064758,DERIVED_FROM_YFINANCE_GC=F
2008-04-08,927.2000122070312,889.5999755859375,888.0999755859375,24.992858886718757,DERIVED_FROM_YFINANCE_GC=F
2008-04-09,927.2000122070312,898.7999877929688,897.2999877929688,23.864288330078132,DERIVED_FROM_YFINANCE_GC=F
2008-04-10,935.5,904.0999755859376,902.5999755859376,21.478576660156243,DERIVED_FROM_YFINANCE_GC=F
2008-04-11,939.2000122070312,904.0999755859376,902.5999755859376,20.750004359654017,DERIVED_FROM_YFINANCE_GC=F
2008-04-14,939.2000122070312,904.0999755859376,902.5999755859376,21.092864990234368,DERIVED_FROM_YFINANCE_GC=F
2008-04-15,939.2000122070312,915.5999755859376,914.0999755859376,20.964294433593732,DERIVED_FROM_YFINANCE_GC=F
2008-04-16,936.0,915.5999755859376,914.0999755859376,20.728581019810253,DERIVED_FROM_YFINANCE_GC=F
2008-04-17,948.7000122070312,915.5999755859376,914.0999755859376,21.835723876953107,DERIVED_FROM_YFINANCE_GC=F
2008-04-18,948.7000122070312,924.2999877929688,922.7999877929688,20.400011335100412,DERIVED_FROM_YFINANCE_GC=F
2008-04-21,948.7000122070312,907.2000122070312,905.7000122070312,20.72143990652898,DERIVED_FROM_YFINANCE_GC=F
2008-04-22,947.9000244140624,907.2000122070312,905.7000122070312,18.178580147879433,DERIVED_FROM_YFINANCE_GC=F
2008-04-23,936.0,907.2000122070312,905.7000122070312,16.9500078473772,DERIVED_FROM_YFINANCE_GC=F
2008-04-24,924.5999755859376,898.7999877929688,897.2999877929688,17.350006103515593,DERIVED_FROM_YFINANCE_GC=F
2008-04-25,922.7999877929688,885.0999755859375,883.5999755859375,17.707148960658458,DERIVED_FROM_YFINANCE_GC=F
2008-04-28,921.5,878.0999755859375,876.5999755859375,17.51429094587051,DERIVED_FROM_YFINANCE_GC=F
2008-04-29,904.7999877929688,878.0999755859375,876.5999755859375,16.85714721679685,DERIVED_FROM_YFINANCE_GC=F
2008-04-30,893.7999877929688,869.5999755859375,868.0999755859375,16.278577532087038,DERIVED_FROM_YFINANCE_GC=F
2008-05-01,893.7999877929688,863.0,861.5,15.950007847377208,DERIVED_FROM_YFINANCE_GC=F
2008-05-02,890.5999755859375,849.5999755859375,848.0999755859375,16.82857840401784,DERIVED_FROM_YFINANCE_GC=F
2008-05-05,875.2000122070312,849.5999755859375,848.0999755859375,16.471431187220983,DERIVED_FROM_YFINANCE_GC=F
2008-05-06,873.5,849.5999755859375,848.0999755859375,16.82857404436384,DERIVED_FROM_YFINANCE_GC=F
2008-05-07,881.4000244140625,853.2999877929688,851.7999877929688,15.942862374441964,DERIVED_FROM_YFINANCE_GC=F
2008-05-08,881.4000244140625,861.2000122070312,859.7000122070312,16.085719517299115,DERIVED_FROM_YFINANCE_GC=F
2008-05-09,883.2999877929688,864.7999877929688,863.2999877929688,14.914293561662955,DERIVED_FROM_YFINANCE_GC=F
2008-05-12,884.7000122070312,864.7999877929688,863.2999877929688,14.321441650390625,DERIVED_FROM_YFINANCE_GC=F
2008-05-13,886.5,867.0999755859375,865.5999755859375,14.264299665178571,DERIVED_FROM_YFINANCE_GC=F
2008-05-14,886.5,862.9000244140625,861.4000244140625,14.071441650390625,DERIVED_FROM_YFINANCE_GC=F
2008-05-15,886.5,862.7999877929688,861.2999877929688,12.978581019810267,DERIVED_FROM_YFINANCE_GC=F
2008-05-16,886.2999877929688,862.7999877929688,861.2999877929688,13.364292689732142,DERIVED_FROM_YFINANCE_GC=F
2008-05-19,904.2000122070312,862.7999877929688,861.2999877929688,14.678580147879464,DERIVED_FROM_YFINANCE_GC=F
2008-05-20,905.0,865.7999877929688,864.2999877929688,13.442862374441964,DERIVED_FROM_YFINANCE_GC=F
2008-05-21,919.5,892.0,890.5,13.607147216796875,DERIVED_FROM_YFINANCE_GC=F
2008-05-22,924.0,905.0,903.5,12.221431187220983,DERIVED_FROM_YFINANCE_GC=F
2008-05-23,924.0,917.5999755859376,916.0999755859376,12.335719517299099,DERIVED_FROM_YFINANCE_GC=F
2008-05-27,925.5999755859376,916.0,914.5,11.828574044363839,DERIVED_FROM_YFINANCE_GC=F
2008-05-28,925.5999755859376,906.5,905.0,12.542855398995544,DERIVED_FROM_YFINANCE_GC=F
2008-05-29,925.5999755859376,900.5,899.0,12.257141113281259,DERIVED_FROM_YFINANCE_GC=F
2008-05-30,912.0,872.0999755859375,870.5999755859375,13.32142857142858,DERIVED_FROM_YFINANCE_GC=F
2008-06-02,903.2000122070312,868.5999755859375,867.0999755859375,14.449999128069205,DERIVED_FROM_YFINANCE_GC=F
2008-06-03,903.2000122070312,868.5999755859375,867.0999755859375,15.085715157645097,DERIVED_FROM_YFINANCE_GC=F
2008-06-04,898.0,868.5999755859375,867.0999755859375,15.135716029575901,DERIVED_FROM_YFINANCE_GC=F
2008-06-05,898.0,874.5999755859375,873.0999755859375,15.442858014787955,DERIVED_FROM_YFINANCE_GC=F
2008-06-06,896.0999755859375,865.4000244140625,863.9000244140625,14.985717773437509,DERIVED_FROM_YFINANCE_GC=F
2008-06-09,901.0,865.4000244140625,863.9000244140625,15.271432059151794,DERIVED_FROM_YFINANCE_GC=F
2008-06-10,908.9000244140624,865.4000244140625,863.9000244140625,16.157148088727677,DERIVED_FROM_YFINANCE_GC=F
2008-06-11,908.9000244140624,866.0,864.5,17.171434674944198,DERIVED_FROM_YFINANCE_GC=F
2008-06-12,908.9000244140624,866.0,864.5,17.857147216796875,DERIVED_FROM_YFINANCE_GC=F
2008-06-13,886.5999755859375,858.2000122070312,856.7000122070312,18.65000261579242,DERIVED_FROM_YFINANCE_GC=F
2008-06-16,882.0,858.2000122070312,856.7000122070312,18.664289202008927,DERIVED_FROM_YFINANCE_GC=F
2008-06-17,893.0,858.2000122070312,856.7000122070312,18.921434674944187,DERIVED_FROM_YFINANCE_GC=F
2008-06-18,893.0,860.5,859.0,19.171434674944187,DERIVED_FROM_YFINANCE_GC=F
2008-06-19,893.0,871.2999877929688,869.7999877929688,17.49286324637276,DERIVED_FROM_YFINANCE_GC=F
2008-06-20,906.5,876.2999877929688,874.7999877929688,17.350006103515618,DERIVED_FROM_YFINANCE_GC=F
2008-06-23,907.2999877929688,885.0999755859375,883.5999755859375,16.642861502511153,DERIVED_FROM_YFINANCE_GC=F
2008-06-24,907.2999877929688,879.2000122070312,877.7000122070312,16.83571951729909,DERIVED_FROM_YFINANCE_GC=F
2008-06-25,907.2999877929688,879.2000122070312,877.7000122070312,16.57143729073659,DERIVED_FROM_YFINANCE_GC=F
2008-06-26,903.4000244140624,876.4000244140625,874.9000244140625,16.450007847377215,DERIVED_FROM_YFINANCE_GC=F
2008-06-27,912.5999755859376,876.4000244140625,874.9000244140625,16.692862374441955,DERIVED_FROM_YFINANCE_GC=F
2008-06-30,927.5999755859376,876.4000244140625,874.9000244140625,16.585715157645097,DERIVED_FROM_YFINANCE_GC=F
2008-07-01,933.7000122070312,909.5999755859376,908.0999755859376,15.350001743861615,DERIVED_FROM_YFINANCE_GC=F
2008-07-02,945.7999877929688,910.7000122070312,909.2000122070312,15.742858886718759,DERIVED_FROM_YFINANCE_GC=F
2008-07-03,945.7999877929688,922.2999877929688,920.7999877929688,15.042859758649554,DERIVED_FROM_YFINANCE_GC=F
2008-07-07,945.7999877929688,928.0,926.5,15.542859758649554,DERIVED_FROM_YFINANCE_GC=F
2008-07-08,944.7999877929688,915.4000244140624,913.9000244140624,15.100001743861608,DERIVED_FROM_YFINANCE_GC=F
2008-07-09,944.7999877929688,915.4000244140624,913.9000244140624,14.914284842354911,DERIVED_FROM_YFINANCE_GC=F
2008-07-10,931.4000244140624,915.4000244140624,913.9000244140624,14.971426827566964,DERIVED_FROM_YFINANCE_GC=F
2008-07-11,942.0999755859376,919.2000122070312,917.7000122070312,14.74999564034599,DERIVED_FROM_YFINANCE_GC=F
2008-07-14,965.7000122070312,919.7999877929688,918.2999877929688,16.07142421177457,DERIVED_FROM_YFINANCE_GC=F
2008-07-15,974.5999755859376,928.0999755859376,926.5999755859376,15.742850167410747,DERIVED_FROM_YFINANCE_GC=F
2008-07-16,986.2000122070312,948.2000122070312,946.7000122070312,16.249991280691997,DERIVED_FROM_YFINANCE_GC=F
2008-07-17,986.2000122070312,955.0,953.5,16.599993024553605,DERIVED_FROM_YFINANCE_GC=F
2008-07-18,986.2000122070312,957.2999877929688,955.7999877929688,15.62142508370538,DERIVED_FROM_YFINANCE_GC=F
2008-07-21,976.2000122070312,956.7999877929688,955.2999877929688,15.357142857142874,DERIVED_FROM_YFINANCE_GC=F
2008-07-22,976.2000122070312,956.7999877929688,955.2999877929688,15.05714198521207,DERIVED_FROM_YFINANCE_GC=F
2008-07-23,974.9000244140624,956.7999877929688,955.2999877929688,14.500004359654017,DERIVED_FROM_YFINANCE_GC=F
2008-07-24,974.9000244140624,924.2000122070312,922.7000122070312,15.364288330078134,DERIVED_FROM_YFINANCE_GC=F
2008-07-25,974.9000244140624,920.9000244140624,919.4000244140624,14.55714634486608,DERIVED_FROM_YFINANCE_GC=F
2008-07-28,935.0,920.9000244140624,919.4000244140624,13.950003487723222,DERIVED_FROM_YFINANCE_GC=F
2008-07-29,931.0999755859376,920.9000244140624,919.4000244140624,13.692862374441972,DERIVED_FROM_YFINANCE_GC=F
2008-07-30,931.0999755859376,916.2000122070312,914.7000122070312,13.907143729073677,DERIVED_FROM_YFINANCE_GC=F
2008-07-31,931.0999755859376,893.2999877929688,891.7999877929688,14.692858014787962,DERIVED_FROM_YFINANCE_GC=F
2008-08-01,925.5999755859376,893.2999877929688,891.7999877929688,14.54285539899556,DERIVED_FROM_YFINANCE_GC=F
2008-08-04,925.5999755859376,893.2999877929688,891.7999877929688,14.142857142857158,DERIVED_FROM_YFINANCE_GC=F
2008-08-05,925.5999755859376,894.4000244140625,892.9000244140625,14.671425955636177,DERIVED_FROM_YFINANCE_GC=F
2008-08-06,916.0999755859376,873.2999877929688,871.7999877929688,15.32142421177457,DERIVED_FROM_YFINANCE_GC=F
2008-08-07,915.2999877929688,873.2999877929688,871.7999877929688,14.728563581194212,DERIVED_FROM_YFINANCE_GC=F
2008-08-08,895.4000244140625,870.2999877929688,868.7999877929688,14.749991280691981,DERIVED_FROM_YFINANCE_GC=F
2008-08-11,885.5999755859375,851.0999755859375,849.5999755859375,15.635707310267874,DERIVED_FROM_YFINANCE_GC=F
2008-08-12,883.7999877929688,818.0,816.5,18.035705566406282,DERIVED_FROM_YFINANCE_GC=F
2008-08-13,869.5,803.5999755859375,802.0999755859375,17.96428135463173,DERIVED_FROM_YFINANCE_GC=F
2008-08-14,863.4000244140625,803.5999755859375,802.0999755859375,19.064278738839317,DERIVED_FROM_YFINANCE_GC=F
2008-08-15,831.9000244140625,803.5999755859375,802.0999755859375,20.414280482700924,DERIVED_FROM_YFINANCE_GC=F
2008-08-18,831.9000244140625,780.9000244140625,779.4000244140625,22.04285103934155,DERIVED_FROM_YFINANCE_GC=F
2008-08-19,831.9000244140625,780.9000244140625,779.4000244140625,22.349997384207615,DERIVED_FROM_YFINANCE_GC=F
2008-08-20,814.5,780.9000244140625,779.4000244140625,22.285714285714302,DERIVED_FROM_YFINANCE_GC=F
2008-08-21,814.9000244140625,789.5999755859375,788.0999755859375,21.39286150251116,DERIVED_FROM_YFINANCE_GC=F
2008-08-22,835.5999755859375,789.5999755859375,788.0999755859375,22.200003487723215,DERIVED_FROM_YFINANCE_GC=F
2008-08-25,836.5999755859375,804.7000122070312,803.2000122070312,21.671434674944198,DERIVED_FROM_YFINANCE_GC=F
2008-08-26,836.5999755859375,819.7999877929688,818.2999877929688,20.30000959123884,DERIVED_FROM_YFINANCE_GC=F
2008-08-27,836.5999755859375,819.7999877929688,818.2999877929688,19.985726492745535,DERIVED_FROM_YFINANCE_GC=F
2008-08-28,830.2999877929688,819.7999877929688,818.2999877929688,19.600010463169642,DERIVED_FROM_YFINANCE_GC=F
2008-08-29,842.5999755859375,824.5,823.0,19.492863246372767,DERIVED_FROM_YFINANCE_GC=F
2008-09-02,842.5999755859375,824.5,823.0,16.40000261579241,DERIVED_FROM_YFINANCE_GC=F
2008-09-03,842.5999755859375,790.7999877929688,789.2999877929688,18.33571515764509,DERIVED_FROM_YFINANCE_GC=F
2008-09-04,840.7000122070312,790.7999877929688,789.2999877929688,17.842860630580358,DERIVED_FROM_YFINANCE_GC=F
2008-09-05,840.7000122070312,790.7999877929688,789.2999877929688,16.935712541852677,DERIVED_FROM_YFINANCE_GC=F
2008-09-08,809.0999755859375,791.5999755859375,790.0999755859375,16.057141985212052,DERIVED_FROM_YFINANCE_GC=F
2008-09-09,813.2000122070312,794.0,792.5,16.135711669921875,DERIVED_FROM_YFINANCE_GC=F
2008-09-10,813.2000122070312,780.0,778.5,15.928567068917411,DERIVED_FROM_YFINANCE_GC=F
2008-09-11,813.2000122070312,752.7999877929688,751.2999877929688,17.649993896484375,DERIVED_FROM_YFINANCE_GC=F
2008-09-12,802.0,739.0,737.5,17.192853655133927,DERIVED_FROM_YFINANCE_GC=F
2008-09-15,781.0,739.0,737.5,17.278568812779017,DERIVED_FROM_YFINANCE_GC=F
2008-09-16,778.5999755859375,739.0,737.5,18.042851039341517,DERIVED_FROM_YFINANCE_GC=F
2008-09-17,778.5999755859375,750.5,749.0,18.03570556640625,DERIVED_FROM_YFINANCE_GC=F
2008-09-18,808.0,764.0,762.5,19.707135881696427,DERIVED_FROM_YFINANCE_GC=F
2008-09-19,910.9000244140624,777.0,775.5,23.764282226562493,DERIVED_FROM_YFINANCE_GC=F
2008-09-22,910.9000244140624,782.9000244140625,781.4000244140625,25.907143729073653,DERIVED_FROM_YFINANCE_GC=F
2008-09-23,910.9000244140624,836.0,834.5,25.735713413783483,DERIVED_FROM_YFINANCE_GC=F
2008-09-24,908.0999755859376,860.5999755859375,859.0999755859375,26.01428658621651,DERIVED_FROM_YFINANCE_GC=F
2008-09-25,908.0999755859376,879.5,878.0,25.84286063058035,DERIVED_FROM_YFINANCE_GC=F
2008-09-26,898.9000244140625,879.5,878.0,25.271432059151778,DERIVED_FROM_YFINANCE_GC=F
2008-09-29,891.5,879.5,878.0,24.964290073939726,DERIVED_FROM_YFINANCE_GC=F
2008-09-30,919.0,866.4000244140625,864.9000244140625,27.150002615792403,DERIVED_FROM_YFINANCE_GC=F
2008-10-01,919.0,855.0,853.5,28.807146344866062,DERIVED_FROM_YFINANCE_GC=F
2008-10-02,919.0,855.0,853.5,28.878570556640618,DERIVED_FROM_YFINANCE_GC=F
2008-10-03,912.5,829.2999877929688,827.7999877929688,31.499999999999993,DERIVED_FROM_YFINANCE_GC=F
2008-10-06,889.0999755859375,823.0,821.5,31.714285714285705,DERIVED_FROM_YFINANCE_GC=F
2008-10-07,870.4000244140625,823.0,821.5,34.33571515764508,DERIVED_FROM_YFINANCE_GC=F
2008-10-08,883.0,823.0,821.5,33.85714285714285,DERIVED_FROM_YFINANCE_GC=F
2008-10-09,915.5,826.0,824.5,31.207140241350448,DERIVED_FROM_YFINANCE_GC=F
2008-10-10,919.7000122070312,858.2000122070312,856.7000122070312,31.535709926060267,DERIVED_FROM_YFINANCE_GC=F
2008-10-13,925.7000122070312,843.0,841.5,34.04999651227678,DERIVED_FROM_YFINANCE_GC=F
2008-10-14,925.7000122070312,830.2999877929688,828.7999877929688,34.971422467912944,DERIVED_FROM_YFINANCE_GC=F
2008-10-15,925.7000122070312,830.2999877929688,828.7999877929688,35.171421595982146,DERIVED_FROM_YFINANCE_GC=F
2008-10-16,861.0999755859375,830.2999877929688,828.7999877929688,35.892852783203125,DERIVED_FROM_YFINANCE_GC=F
2008-10-17,848.7000122070312,790.0,788.5,38.99999564034598,DERIVED_FROM_YFINANCE_GC=F
2008-10-20,848.7000122070312,773.7999877929688,772.2999877929688,37.614283970424104,DERIVED_FROM_YFINANCE_GC=F
2008-10-21,846.0,773.7999877929688,772.2999877929688,34.84285627092634,DERIVED_FROM_YFINANCE_GC=F
2008-10-22,807.0,767.7000122070312,766.2000122070312,35.278573172433035,DERIVED_FROM_YFINANCE_GC=F
2008-10-23,803.7999877929688,721.0,719.5,35.22857230050223,DERIVED_FROM_YFINANCE_GC=F
2008-10-24,793.7000122070312,705.0,703.5,35.72857230050223,DERIVED_FROM_YFINANCE_GC=F
2008-10-27,771.7000122070312,681.0,679.5,36.47143118722098,DERIVED_FROM_YFINANCE_GC=F
2008-10-28,744.5,681.0,679.5,37.021432059151785,DERIVED_FROM_YFINANCE_GC=F
2008-10-29,748.7999877929688,681.0,679.5,35.621433803013396,DERIVED_FROM_YFINANCE_GC=F
2008-10-30,750.7999877929688,712.0,710.5,33.82143293108259,DERIVED_FROM_YFINANCE_GC=F
2008-10-31,774.0,730.5999755859375,729.0999755859375,30.407148088727677,DERIVED_FROM_YFINANCE_GC=F
2008-11-03,774.0,718.4000244140625,716.9000244140625,29.550005231584823,DERIVED_FROM_YFINANCE_GC=F
2008-11-04,774.0,718.4000244140625,716.9000244140625,29.55715070452009,DERIVED_FROM_YFINANCE_GC=F
2008-11-05,760.0,718.4000244140625,716.9000244140625,30.807146344866073,DERIVED_FROM_YFINANCE_GC=F
2008-11-06,760.0,726.0,724.5,28.121433803013392,DERIVED_FROM_YFINANCE_GC=F
2008-11-07,760.0,726.0,724.5,27.685716901506698,DERIVED_FROM_YFINANCE_GC=F
2008-11-10,759.0,727.2000122070312,725.7000122070312,27.478572300502233,DERIVED_FROM_YFINANCE_GC=F
2008-11-11,759.0,727.2000122070312,725.7000122070312,27.078569684709823,DERIVED_FROM_YFINANCE_GC=F
2008-11-12,753.5999755859375,727.2000122070312,725.7000122070312,24.585710797991073,DERIVED_FROM_YFINANCE_GC=F
2008-11-13,753.5999755859375,722.5,721.0,23.435712541852677,DERIVED_FROM_YFINANCE_GC=F
2008-11-14,735.5999755859375,707.0,705.5,20.399998256138392,DERIVED_FROM_YFINANCE_GC=F
2008-11-17,747.0999755859375,707.0,705.5,21.092851911272323,DERIVED_FROM_YFINANCE_GC=F
2008-11-18,747.0999755859375,707.0,705.5,19.828565325055802,DERIVED_FROM_YFINANCE_GC=F
2008-11-19,747.0999755859375,726.5,725.0,19.785709926060267,DERIVED_FROM_YFINANCE_GC=F
2008-11-20,758.7999877929688,734.0,732.5,19.164280482700892,DERIVED_FROM_YFINANCE_GC=F
2008-11-21,758.7999877929688,734.0,732.5,18.828565325055802,DERIVED_FROM_YFINANCE_GC=F
2008-11-24,784.0999755859375,735.0,733.5,20.314278738839285,DERIVED_FROM_YFINANCE_GC=F
2008-11-25,824.0,739.5,738.0,20.149993896484375,DERIVED_FROM_YFINANCE_GC=F
2008-11-26,824.0,771.2000122070312,769.7000122070312,18.907135009765625,DERIVED_FROM_YFINANCE_GC=F
2008-11-28,824.0,806.7999877929688,805.2999877929688,18.057137625558035,DERIVED_FROM_YFINANCE_GC=F
2008-12-01,822.0,806.7999877929688,805.2999877929688,17.699994768415177,DERIVED_FROM_YFINANCE_GC=F
2008-12-02,822.0,766.0,764.5,19.907139369419642,DERIVED_FROM_YFINANCE_GC=F
2008-12-03,819.0,759.7000122070312,758.2000122070312,20.657139369419642,DERIVED_FROM_YFINANCE_GC=F
2008-12-04,817.2999877929688,759.7000122070312,758.2000122070312,21.142852783203125,DERIVED_FROM_YFINANCE_GC=F
2008-12-05,786.0,759.7000122070312,758.2000122070312,21.714281354631698,DERIVED_FROM_YFINANCE_GC=F
2008-12-08,781.9000244140625,740.0,738.5,20.814283098493302,DERIVED_FROM_YFINANCE_GC=F
2008-12-09,780.4000244140625,740.0,738.5,22.899998256138392,DERIVED_FROM_YFINANCE_GC=F
2008-12-10,780.2000122070312,740.0,738.5,23.135711669921875,DERIVED_FROM_YFINANCE_GC=F
2008-12-11,811.0,754.2000122070312,752.7000122070312,24.02142333984375,DERIVED_FROM_YFINANCE_GC=F
2008-12-12,832.0999755859375,762.2999877929688,760.7999877929688,25.235709054129465,DERIVED_FROM_YFINANCE_GC=F
2008-12-15,832.0999755859375,783.0999755859375,781.5999755859375,23.642852783203125,DERIVED_FROM_YFINANCE_GC=F
2008-12-16,842.0,801.0,799.5,22.985709054129465,DERIVED_FROM_YFINANCE_GC=F
2008-12-17,859.0,813.7999877929688,812.2999877929688,24.871425083705358,DERIVED_FROM_YFINANCE_GC=F
2008-12-18,880.7999877929688,824.0,822.5,26.578565325055802,DERIVED_FROM_YFINANCE_GC=F
2008-12-19,880.7999877929688,831.5999755859375,830.0999755859375,27.307137625558035,DERIVED_FROM_YFINANCE_GC=F
2008-12-22,880.7999877929688,833.2999877929688,831.7999877929688,25.52142333984375,DERIVED_FROM_YFINANCE_GC=F
2008-12-23,873.0,833.2999877929688,831.7999877929688,24.68570818219866,DERIVED_FROM_YFINANCE_GC=F
2008-12-24,852.0999755859375,833.2999877929688,831.7999877929688,24.257136753627233,DERIVED_FROM_YFINANCE_GC=F
2008-12-26,851.0,835.0,833.5,23.757136753627233,DERIVED_FROM_YFINANCE_GC=F
2008-12-29,872.4000244140625,835.0,833.5,23.542855398995535,DERIVED_FROM_YFINANCE_GC=F
2008-12-30,882.9000244140625,838.5,837.0,22.314283098493302,DERIVED_FROM_YFINANCE_GC=F
2008-12-31,882.9000244140625,845.7999877929688,844.2999877929688,22.128566196986608,DERIVED_FROM_YFINANCE_GC=F
2009-01-02,883.5999755859375,858.4000244140625,856.9000244140625,21.171421595982142,DERIVED_FROM_YFINANCE_GC=F
2009-01-05,883.5999755859375,858.4000244140625,856.9000244140625,19.999991280691965,DERIVED_FROM_YFINANCE_GC=F
2009-01-06,883.5999755859375,847.0,845.5,21.664276123046875,DERIVED_FROM_YFINANCE_GC=F
2009-01-07,883.5,840.0,838.5,21.985704694475448,DERIVED_FROM_YFINANCE_GC=F
2009-01-08,883.5,837.7000122070312,836.2000122070312,22.121416364397323,DERIVED_FROM_YFINANCE_GC=F
2009-01-09,867.5999755859375,837.7000122070312,836.2000122070312,20.978559221540177,DERIVED_FROM_YFINANCE_GC=F
2009-01-12,867.0,837.7000122070312,836.2000122070312,20.06427001953125,DERIVED_FROM_YFINANCE_GC=F
2009-01-13,862.0999755859375,815.4000244140625,813.9000244140625,20.964268275669642,DERIVED_FROM_YFINANCE_GC=F
2009-01-14,862.0999755859375,815.4000244140625,813.9000244140625,20.628553118024552,DERIVED_FROM_YFINANCE_GC=F
2009-01-15,844.4000244140625,814.0,812.5,20.635694231305802,DERIVED_FROM_YFINANCE_GC=F
2009-01-16,827.0999755859375,805.5999755859375,804.0999755859375,20.028551374162948,DERIVED_FROM_YFINANCE_GC=F
2009-01-20,842.5,805.5999755859375,804.0999755859375,20.68569074358259,DERIVED_FROM_YFINANCE_GC=F
2009-01-21,862.7000122070312,805.5999755859375,804.0999755859375,22.557120186941965,DERIVED_FROM_YFINANCE_GC=F
2009-01-22,862.7000122070312,824.0,822.5,22.49997820172991,DERIVED_FROM_YFINANCE_GC=F
2009-01-23,862.7000122070312,824.0,822.5,21.749982561383927,DERIVED_FROM_YFINANCE_GC=F
2009-01-26,899.0999755859375,843.7999877929688,842.2999877929688,23.621412004743302,DERIVED_FROM_YFINANCE_GC=F
2009-01-27,911.5999755859376,846.2000122070312,844.7000122070312,22.178553989955365,DERIVED_FROM_YFINANCE_GC=F
2009-01-28,911.5999755859376,875.0,873.5,21.157126290457597,DERIVED_FROM_YFINANCE_GC=F
2009-01-29,911.5999755859376,883.7000122070312,882.2000122070312,20.171412876674115,DERIVED_FROM_YFINANCE_GC=F
2009-01-30,909.7000122070312,874.2000122070312,872.7000122070312,21.057128906250007,DERIVED_FROM_YFINANCE_GC=F
2009-02-02,930.2999877929688,874.2000122070312,872.7000122070312,22.492845807756705,DERIVED_FROM_YFINANCE_GC=F
2009-02-03,930.2999877929688,874.2000122070312,872.7000122070312,21.61427525111608,DERIVED_FROM_YFINANCE_GC=F
2009-02-04,930.2999877929688,889.7999877929688,888.2999877929688,22.585706438337063,DERIVED_FROM_YFINANCE_GC=F
2009-02-05,928.7999877929688,889.7999877929688,888.2999877929688,22.878566196986615,DERIVED_FROM_YFINANCE_GC=F
2009-02-06,924.4000244140624,889.7999877929688,888.2999877929688,24.27856881277901,DERIVED_FROM_YFINANCE_GC=F
2009-02-09,924.4000244140624,897.0,895.5,22.3642839704241,DERIVED_FROM_YFINANCE_GC=F
2009-02-10,924.4000244140624,891.7999877929688,890.2999877929688,21.178571428571413,DERIVED_FROM_YFINANCE_GC=F
2009-02-11,918.5,891.7999877929688,890.2999877929688,22.228572300502215,DERIVED_FROM_YFINANCE_GC=F
2009-02-12,947.2000122070312,891.7999877929688,890.2999877929688,23.678571428571413,DERIVED_FROM_YFINANCE_GC=F
2009-02-13,952.7999877929688,892.0,890.5,21.92857142857142,DERIVED_FROM_YFINANCE_GC=F
2009-02-17,952.7999877929688,912.2000122070312,910.7000122070312,21.78571428571427,DERIVED_FROM_YFINANCE_GC=F
2009-02-18,973.7999877929688,934.2000122070312,932.7000122070312,23.44285801478793,DERIVED_FROM_YFINANCE_GC=F
2009-02-19,988.0,934.2000122070312,932.7000122070312,24.178571428571413,DERIVED_FROM_YFINANCE_GC=F
2009-02-20,988.0,937.2999877929688,935.7999877929688,22.657143729073645,DERIVED_FROM_YFINANCE_GC=F
2009-02-23,1004.9000244140624,962.2000122070312,960.7000122070312,23.014290945870503,DERIVED_FROM_YFINANCE_GC=F
2009-02-24,1004.9000244140624,971.5999755859376,970.0999755859376,22.671434674944162,DERIVED_FROM_YFINANCE_GC=F
2009-02-25,1004.9000244140624,963.2000122070312,961.7000122070312,23.235717773437475,DERIVED_FROM_YFINANCE_GC=F
2009-02-26,996.5,953.0999755859376,951.5999755859376,23.750004359653985,DERIVED_FROM_YFINANCE_GC=F
2009-02-27,991.5999755859376,933.0,931.5,24.457144601004448,DERIVED_FROM_YFINANCE_GC=F
2009-03-02,977.5,928.0999755859376,926.5999755859376,26.321432931082565,DERIVED_FROM_YFINANCE_GC=F
2009-03-03,963.2000122070312,924.5,923.0,27.507145472935253,DERIVED_FROM_YFINANCE_GC=F
2009-03-04,963.2000122070312,906.4000244140624,904.9000244140624,28.01428658621651,DERIVED_FROM_YFINANCE_GC=F
2009-03-05,963.2000122070312,900.0999755859375,898.5999755859375,27.16428920200892,DERIVED_FROM_YFINANCE_GC=F
2009-03-06,932.5999755859376,900.0999755859375,898.5999755859375,27.892861502511153,DERIVED_FROM_YFINANCE_GC=F
2009-03-09,944.5,900.0999755859375,898.5999755859375,28.121433803013385,DERIVED_FROM_YFINANCE_GC=F
2009-03-10,944.5,908.9000244140624,907.4000244140624,27.4857177734375,DERIVED_FROM_YFINANCE_GC=F
2009-03-11,944.5,892.0999755859375,890.5999755859375,27.764290945870535,DERIVED_FROM_YFINANCE_GC=F
2009-03-12,940.5,892.0999755859375,890.5999755859375,28.05715070452008,DERIVED_FROM_YFINANCE_GC=F
2009-03-13,927.5,892.0999755859375,890.5999755859375,27.071432931082597,DERIVED_FROM_YFINANCE_GC=F
2009-03-16,937.0,894.0999755859375,892.5999755859375,26.46429007393974,DERIVED_FROM_YFINANCE_GC=F
2009-03-17,937.0,908.0,906.5,25.157148088727677,DERIVED_FROM_YFINANCE_GC=F
2009-03-18,937.0,912.4000244140624,910.9000244140624,24.271432059151795,DERIVED_FROM_YFINANCE_GC=F
2009-03-19,944.0,885.0,883.5,26.15000261579242,DERIVED_FROM_YFINANCE_GC=F
2009-03-20,960.7999877929688,885.0,883.5,28.792855398995552,DERIVED_FROM_YFINANCE_GC=F
2009-03-23,960.7999877929688,885.0,883.5,26.499995640346008,DERIVED_FROM_YFINANCE_GC=F
2009-03-24,960.7999877929688,933.7999877929688,932.2999877929688,25.449994768415202,DERIVED_FROM_YFINANCE_GC=F
2009-03-25,960.5999755859376,923.2999877929688,921.7999877929688,25.857134137834855,DERIVED_FROM_YFINANCE_GC=F
2009-03-26,952.5999755859376,920.7999877929688,919.2999877929688,25.078565325055827,DERIVED_FROM_YFINANCE_GC=F
2009-03-27,943.0,920.7999877929688,919.2999877929688,24.371420724051372,DERIVED_FROM_YFINANCE_GC=F
2009-03-30,943.0,920.7999877929688,919.2999877929688,23.585706438337088,DERIVED_FROM_YFINANCE_GC=F
2009-03-31,943.0,908.5999755859376,907.0999755859376,23.171421595982167,DERIVED_FROM_YFINANCE_GC=F
2009-04-01,932.5,908.5999755859376,907.0999755859376,22.785705566406275,DERIVED_FROM_YFINANCE_GC=F
2009-04-02,932.5,908.5999755859376,907.0999755859376,22.507132393973247,DERIVED_FROM_YFINANCE_GC=F
2009-04-03,932.5,894.9000244140625,893.4000244140625,24.085702078683067,DERIVED_FROM_YFINANCE_GC=F
2009-04-06,932.5,891.2999877929688,889.7999877929688,24.507132393973247,DERIVED_FROM_YFINANCE_GC=F
2009-04-07,930.2999877929688,865.0999755859375,863.5999755859375,25.828560965401817,DERIVED_FROM_YFINANCE_GC=F
2009-04-08,910.2999877929688,865.0999755859375,863.5999755859375,22.55713326590405,DERIVED_FROM_YFINANCE_GC=F
2009-04-09,895.0,865.0999755859375,863.5999755859375,18.128561837332622,DERIVED_FROM_YFINANCE_GC=F
2009-04-13,889.0999755859375,872.2000122070312,870.7000122070312,18.471418108258952,DERIVED_FROM_YFINANCE_GC=F
2009-04-14,899.4000244140625,874.7000122070312,873.2000122070312,18.42142159598216,DERIVED_FROM_YFINANCE_GC=F
2009-04-15,899.4000244140625,874.7000122070312,873.2000122070312,17.10713413783483,DERIVED_FROM_YFINANCE_GC=F
2009-04-16,899.4000244140625,882.5,881.0,16.4428449358259,DERIVED_FROM_YFINANCE_GC=F
2009-04-17,897.7999877929688,872.7999877929688,871.2999877929688,17.37142072405134,DERIVED_FROM_YFINANCE_GC=F
2009-04-20,895.2999877929688,865.0,863.5,17.20713588169642,DERIVED_FROM_YFINANCE_GC=F
2009-04-21,893.4000244140625,865.0,863.5,17.135707310267858,DERIVED_FROM_YFINANCE_GC=F
2009-04-22,895.0999755859375,865.0,863.5,17.242845807756705,DERIVED_FROM_YFINANCE_GC=F
2009-04-23,895.0999755859375,866.0999755859375,864.5999755859375,16.907135009765625,DERIVED_FROM_YFINANCE_GC=F
2009-04-24,909.0,880.7000122070312,879.2000122070312,15.607138497488839,DERIVED_FROM_YFINANCE_GC=F
2009-04-27,913.5999755859376,883.0,881.5,14.799992152622783,DERIVED_FROM_YFINANCE_GC=F
2009-04-28,918.0,892.5999755859375,891.0999755859375,13.457135881696445,DERIVED_FROM_YFINANCE_GC=F
2009-04-29,918.0,890.0999755859375,888.5999755859375,13.74999564034599,DERIVED_FROM_YFINANCE_GC=F
2009-04-30,918.0,887.7999877929688,886.2999877929688,14.07856968470983,DERIVED_FROM_YFINANCE_GC=F
2009-05-01,902.5,881.2999877929688,879.7999877929688,14.585715157645097,DERIVED_FROM_YFINANCE_GC=F
2009-05-04,902.5,881.2999877929688,879.7999877929688,14.014286586216526,DERIVED_FROM_YFINANCE_GC=F
2009-05-05,907.5,881.2999877929688,879.7999877929688,14.821432931082597,DERIVED_FROM_YFINANCE_GC=F
2009-05-06,912.2999877929688,881.5,880.0,15.128579275948661,DERIVED_FROM_YFINANCE_GC=F
2009-05-07,912.2999877929688,885.7999877929688,884.2999877929688,14.357147216796884,DERIVED_FROM_YFINANCE_GC=F
2009-05-08,924.0,901.2999877929688,899.7999877929688,14.307146344866087,DERIVED_FROM_YFINANCE_GC=F
2009-05-11,924.0,901.2999877929688,899.7999877929688,13.042859758649561,DERIVED_FROM_YFINANCE_GC=F
2009-05-12,924.0,910.0999755859376,908.5999755859376,12.107151576450885,DERIVED_FROM_YFINANCE_GC=F
2009-05-13,923.5,910.0999755859376,908.5999755859376,12.078578404017849,DERIVED_FROM_YFINANCE_GC=F
2009-05-14,929.7000122070312,913.0999755859376,911.5999755859376,11.457148960658474,DERIVED_FROM_YFINANCE_GC=F
2009-05-15,929.7000122070312,916.0999755859376,914.5999755859376,11.114297049386128,DERIVED_FROM_YFINANCE_GC=F
2009-05-18,931.5999755859376,921.2000122070312,919.7000122070312,10.735722133091494,DERIVED_FROM_YFINANCE_GC=F
2009-05-19,932.9000244140624,918.7000122070312,917.2000122070312,10.514290945870512,DERIVED_FROM_YFINANCE_GC=F
2009-05-20,932.9000244140624,918.7000122070312,917.2000122070312,9.821432931082565,DERIVED_FROM_YFINANCE_GC=F
2009-05-21,940.5,918.7000122070312,917.2000122070312,9.514290945870512,DERIVED_FROM_YFINANCE_GC=F
2009-05-22,943.9000244140624,926.2999877929688,924.7999877929688,9.350006103515593,DERIVED_FROM_YFINANCE_GC=F
2009-05-26,958.7000122070312,931.0,929.5,8.36429268973211,DERIVED_FROM_YFINANCE_GC=F
2009-05-27,958.7000122070312,937.4000244140624,935.9000244140624,8.635720389229887,DERIVED_FROM_YFINANCE_GC=F
2009-05-28,958.7000122070312,944.0,942.5,8.564291817801307,DERIVED_FROM_YFINANCE_GC=F
2009-05-29,964.9000244140624,944.0,942.5,9.085723876953077,DERIVED_FROM_YFINANCE_GC=F
2009-06-01,980.4000244140624,944.0,942.5,10.242867606026737,DERIVED_FROM_YFINANCE_GC=F
2009-06-02,988.0999755859376,944.0,942.5,11.228576660156225,DERIVED_FROM_YFINANCE_GC=F
2009-06-03,988.0999755859376,959.0,957.5,11.671434674944171,DERIVED_FROM_YFINANCE_GC=F
2009-06-04,990.2999877929688,961.0,959.5,13.157148088727654,DERIVED_FROM_YFINANCE_GC=F
2009-06-05,990.2999877929688,960.9000244140624,959.4000244140624,14.457144601004456,DERIVED_FROM_YFINANCE_GC=F
2009-06-08,990.2999877929688,954.0,952.5,16.071432931082573,DERIVED_FROM_YFINANCE_GC=F
2009-06-09,983.0,944.4000244140624,942.9000244140624,16.292859758649552,DERIVED_FROM_YFINANCE_GC=F
2009-06-10,983.0,944.4000244140624,942.9000244140624,17.028573172433045,DERIVED_FROM_YFINANCE_GC=F
2009-06-11,966.0,944.4000244140624,942.9000244140624,17.214285714285722,DERIVED_FROM_YFINANCE_GC=F
2009-06-12,966.0,943.0999755859376,941.5999755859376,18.064287458147323,DERIVED_FROM_YFINANCE_GC=F
2009-06-15,966.0,935.7999877929688,934.2999877929688,19.321428571428573,DERIVED_FROM_YFINANCE_GC=F
2009-06-16,961.9000244140624,926.9000244140624,925.4000244140624,19.22856794084823,DERIVED_FROM_YFINANCE_GC=F
2009-06-17,956.5,926.9000244140624,925.4000244140624,19.43570818219869,DERIVED_FROM_YFINANCE_GC=F
2009-06-18,938.5999755859376,926.9000244140624,925.4000244140624,18.471418108258977,DERIVED_FROM_YFINANCE_GC=F
2009-06-19,942.0,930.4000244140624,928.9000244140624,17.728559221540234,DERIVED_FROM_YFINANCE_GC=F
2009-06-22,942.0,930.4000244140624,928.9000244140624,16.971418108258977,DERIVED_FROM_YFINANCE_GC=F
2009-06-23,942.0,919.0,917.5,16.964272635323717,DERIVED_FROM_YFINANCE_GC=F
2009-06-24,936.5,917.2999877929688,915.7999877929688,15.52856009347104,DERIVED_FROM_YFINANCE_GC=F
2009-06-25,942.7000122070312,917.2999877929688,915.7999877929688,15.4357038225447,DERIVED_FROM_YFINANCE_GC=F
2009-06-26,942.7000122070312,917.2999877929688,915.7999877929688,13.849988664899618,DERIVED_FROM_YFINANCE_GC=F
2009-06-29,946.0,922.9000244140624,921.4000244140624,13.107134137834871,DERIVED_FROM_YFINANCE_GC=F
2009-06-30,946.0,932.2999877929688,930.7999877929688,12.564278738839326,DERIVED_FROM_YFINANCE_GC=F
2009-07-01,946.0,925.2999877929688,923.7999877929688,12.69285365513396,DERIVED_FROM_YFINANCE_GC=F
2009-07-02,944.2000122070312,925.2999877929688,923.7999877929688,12.571424211774595,DERIVED_FROM_YFINANCE_GC=F
2009-07-06,944.2000122070312,925.2999877929688,923.7999877929688,11.814283098493336,DERIVED_FROM_YFINANCE_GC=F
2009-07-07,944.2000122070312,920.2000122070312,918.7000122070312,11.821428571428587,DERIVED_FROM_YFINANCE_GC=F
2009-07-08,941.5,920.2000122070312,918.7000122070312,11.7357177734375,DERIVED_FROM_YFINANCE_GC=F
2009-07-09,933.5,905.5999755859376,904.0999755859376,12.864292689732126,DERIVED_FROM_YFINANCE_GC=F
2009-07-10,931.7000122070312,905.5999755859376,904.0999755859376,12.807150704520065,DERIVED_FROM_YFINANCE_GC=F
2009-07-13,919.5999755859376,905.5999755859376,904.0999755859376,13.014295305524522,DERIVED_FROM_YFINANCE_GC=F
2009-07-14,922.2000122070312,907.2000122070312,905.7000122070312,12.814296177455324,DERIVED_FROM_YFINANCE_GC=F
2009-07-15,926.2000122070312,908.4000244140624,906.9000244140624,12.585723876953093,DERIVED_FROM_YFINANCE_GC=F
2009-07-16,941.0,908.4000244140624,906.9000244140624,12.492867606026746,DERIVED_FROM_YFINANCE_GC=F
2009-07-17,941.0,920.2000122070312,918.7000122070312,12.314296177455317,DERIVED_FROM_YFINANCE_GC=F
2009-07-20,941.0,928.2999877929688,926.7999877929688,12.250008719308003,DERIVED_FROM_YFINANCE_GC=F
2009-07-21,954.5,931.7999877929688,930.2999877929688,12.935721261160682,DERIVED_FROM_YFINANCE_GC=F
2009-07-22,954.5,931.7999877929688,930.2999877929688,11.807146344866055,DERIVED_FROM_YFINANCE_GC=F
2009-07-23,954.5,945.7999877929688,944.2999877929688,11.057141985212054,DERIVED_FROM_YFINANCE_GC=F
2009-07-24,954.2000122070312,945.7999877929688,944.2999877929688,10.307141985212061,DERIVED_FROM_YFINANCE_GC=F
2009-07-27,954.2000122070312,946.4000244140624,944.9000244140624,9.657143729073669,DERIVED_FROM_YFINANCE_GC=F
2009-07-28,957.0999755859376,949.7999877929688,948.2999877929688,9.214285714285731,DERIVED_FROM_YFINANCE_GC=F
2009-07-29,957.0999755859376,937.5,936.0,8.685712541852704,DERIVED_FROM_YFINANCE_GC=F
2009-07-30,957.0999755859376,927.2000122070312,925.7000122070312,8.799996512276818,DERIVED_FROM_YFINANCE_GC=F
2009-07-31,949.5,927.2000122070312,925.7000122070312,8.971422467912987,DERIVED_FROM_YFINANCE_GC=F
2009-08-03,958.0999755859376,927.2000122070312,925.7000122070312,9.849993024553612,DERIVED_FROM_YFINANCE_GC=F
2009-08-04,964.0,928.4000244140624,926.9000244140624,10.249991280692013,DERIVED_FROM_YFINANCE_GC=F
2009-08-05,969.5,932.0,930.5,10.26427786690853,DERIVED_FROM_YFINANCE_GC=F
2009-08-06,969.5,950.7999877929688,949.2999877929688,10.549992152622817,DERIVED_FROM_YFINANCE_GC=F
2009-08-07,971.0999755859376,950.7999877929688,949.2999877929688,11.164276123046932,DERIVED_FROM_YFINANCE_GC=F
2009-08-10,971.0999755859376,954.5999755859376,953.0999755859376,10.621420724051388,DERIVED_FROM_YFINANCE_GC=F
2009-08-11,971.0999755859376,943.5,942.0,11.407135009765666,DERIVED_FROM_YFINANCE_GC=F
2009-08-12,964.2999877929688,943.0999755859376,941.5999755859376,11.407139369419667,DERIVED_FROM_YFINANCE_GC=F
2009-08-13,956.0999755859376,943.0,941.5,11.699994768415204,DERIVED_FROM_YFINANCE_GC=F
2009-08-14,960.0999755859376,943.0,941.5,12.071419852120568,DERIVED_FROM_YFINANCE_GC=F
2009-08-17,960.0999755859376,942.0999755859376,940.5999755859376,12.857138497488847,DERIVED_FROM_YFINANCE_GC=F
2009-08-18,960.0999755859376,931.5,930.0,12.864283970424108,DERIVED_FROM_YFINANCE_GC=F
2009-08-19,957.4000244140624,931.5,930.0,12.32856968470983,DERIVED_FROM_YFINANCE_GC=F
2009-08-20,947.4000244140624,931.5,930.0,12.449999128069205,DERIVED_FROM_YFINANCE_GC=F
2009-08-21,945.7000122070312,933.4000244140624,931.9000244140624,10.985717773437491,DERIVED_FROM_YFINANCE_GC=F
2009-08-24,957.5999755859376,933.4000244140624,931.9000244140624,11.392861502511153,DERIVED_FROM_YFINANCE_GC=F
2009-08-25,957.5999755859376,940.0999755859376,938.5999755859376,11.178575788225439,DERIVED_FROM_YFINANCE_GC=F
2009-08-26,957.5999755859376,941.2999877929688,939.7999877929688,11.457148960658467,DERIVED_FROM_YFINANCE_GC=F
2009-08-27,957.0,940.2999877929688,938.7999877929688,10.978581019810244,DERIVED_FROM_YFINANCE_GC=F
2009-08-28,954.5,940.2999877929688,938.7999877929688,10.750008719308019,DERIVED_FROM_YFINANCE_GC=F
2009-08-31,962.2000122070312,940.2999877929688,938.7999877929688,10.957153320312484,DERIVED_FROM_YFINANCE_GC=F
2009-09-01,962.2000122070312,942.9000244140624,941.4000244140624,11.535723005022314,DERIVED_FROM_YFINANCE_GC=F
2009-09-02,962.2000122070312,944.7999877929688,943.2999877929688,11.48572213309151,DERIVED_FROM_YFINANCE_GC=F
2009-09-03,978.7999877929688,944.7999877929688,943.2999877929688,12.585723876953109,DERIVED_FROM_YFINANCE_GC=F
2009-09-04,995.7999877929688,948.7000122070312,947.2000122070312,12.864292689732135,DERIVED_FROM_YFINANCE_GC=F
2009-09-08,995.7999877929688,954.0,952.5,12.464290073939733,DERIVED_FROM_YFINANCE_GC=F
2009-09-09,1006.9000244140624,978.0999755859376,976.5999755859376,13.135720389229894,DERIVED_FROM_YFINANCE_GC=F
2009-09-10,1006.9000244140624,985.5,984.0,13.314291817801323,DERIVED_FROM_YFINANCE_GC=F
2009-09-11,1006.9000244140624,987.2999877929688,985.7999877929688,13.621433803013385,DERIVED_FROM_YFINANCE_GC=F
2009-09-14,1011.9000244140624,987.2999877929688,985.7999877929688,13.564291817801323,DERIVED_FROM_YFINANCE_GC=F
2009-09-15,1011.9000244140624,987.2999877929688,985.7999877929688,12.900006975446404,DERIVED_FROM_YFINANCE_GC=F
2009-09-16,1011.9000244140624,994.9000244140624,993.4000244140624,12.964290073939717,DERIVED_FROM_YFINANCE_GC=F
2009-09-17,1019.7999877929688,994.9000244140624,993.4000244140624,13.457144601004448,DERIVED_FROM_YFINANCE_GC=F
2009-09-18,1019.7999877929688,994.9000244140624,993.4000244140624,13.557146344866046,DERIVED_FROM_YFINANCE_GC=F
2009-09-21,1019.7999877929688,1009.2000122070312,1007.7000122070312,12.964285714285698,DERIVED_FROM_YFINANCE_GC=F
2009-09-22,1019.5,998.0,996.5,12.714285714285698,DERIVED_FROM_YFINANCE_GC=F
2009-09-23,1019.4000244140624,998.0,996.5,13.278573172433012,DERIVED_FROM_YFINANCE_GC=F
2009-09-24,1019.4000244140624,998.0,996.5,12.007145472935244,DERIVED_FROM_YFINANCE_GC=F
2009-09-25,1019.4000244140624,993.9000244140624,992.4000244140624,12.142857142857135,DERIVED_FROM_YFINANCE_GC=F
2009-09-28,1015.2000122070312,986.7000122070312,985.2000122070312,12.17857142857142,DERIVED_FROM_YFINANCE_GC=F
2009-09-29,1015.0,986.7000122070312,985.2000122070312,11.414284842354911,DERIVED_FROM_YFINANCE_GC=F
2009-09-30,997.4000244140624,984.7000122070312,983.2000122070312,11.199999128069196,DERIVED_FROM_YFINANCE_GC=F
2009-10-01,1009.0,984.7000122070312,983.2000122070312,11.671425955636161,DERIVED_FROM_YFINANCE_GC=F
2009-10-02,1009.0,984.7000122070312,983.2000122070312,11.2642822265625,DERIVED_FROM_YFINANCE_GC=F
2009-10-05,1009.0,986.7999877929688,985.2999877929688,12.271423339843759,DERIVED_FROM_YFINANCE_GC=F
2009-10-06,1017.5999755859376,986.7999877929688,985.2999877929688,12.378566196986615,DERIVED_FROM_YFINANCE_GC=F
2009-10-07,1043.800048828125,986.7999877929688,985.2999877929688,13.257141113281259,DERIVED_FROM_YFINANCE_GC=F
2009-10-08,1048.199951171875,1003.0,1001.5,13.399989536830374,DERIVED_FROM_YFINANCE_GC=F
2009-10-09,1060.4000244140625,1018.2999877929688,1016.7999877929688,14.02141898018974,DERIVED_FROM_YFINANCE_GC=F
2009-10-12,1060.4000244140625,1038.300048828125,1036.800048828125,14.035705566406259,DERIVED_FROM_YFINANCE_GC=F
2009-10-13,1060.4000244140625,1044.0,1042.5,13.671417236328141,DERIVED_FROM_YFINANCE_GC=F
2009-10-14,1068.4000244140625,1044.0,1042.5,14.021418980189749,DERIVED_FROM_YFINANCE_GC=F
2009-10-15,1070.199951171875,1049.0,1047.5,13.414276123046884,DERIVED_FROM_YFINANCE_GC=F
2009-10-16,1070.199951171875,1048.0,1046.5,13.778564453125009,DERIVED_FROM_YFINANCE_GC=F
2009-10-19,1070.199951171875,1043.699951171875,1042.199951171875,14.457135881696436,DERIVED_FROM_YFINANCE_GC=F
2009-10-20,1062.199951171875,1043.699951171875,1042.199951171875,14.528564453125009,DERIVED_FROM_YFINANCE_GC=F
2009-10-21,1066.199951171875,1043.699951171875,1042.199951171875,14.221418108258936,DERIVED_FROM_YFINANCE_GC=F
2009-10-22,1066.199951171875,1047.5,1046.0,14.628561837332597,DERIVED_FROM_YFINANCE_GC=F
2009-10-23,1066.199951171875,1047.5,1046.0,14.03570120675224,DERIVED_FROM_YFINANCE_GC=F
2009-10-26,1065.9000244140625,1047.5,1046.0,14.114279610770089,DERIVED_FROM_YFINANCE_GC=F
2009-10-27,1065.9000244140625,1039.9000244140625,1038.4000244140625,13.29998779296875,DERIVED_FROM_YFINANCE_GC=F
2009-10-28,1065.9000244140625,1034.699951171875,1033.199951171875,13.121425083705358,DERIVED_FROM_YFINANCE_GC=F
2009-10-29,1055.5999755859375,1028.0,1026.5,12.907139369419642,DERIVED_FROM_YFINANCE_GC=F
2009-10-30,1047.300048828125,1028.0,1026.5,13.335710797991071,DERIVED_FROM_YFINANCE_GC=F
2009-11-02,1047.300048828125,1028.0,1026.5,13.350001743861608,DERIVED_FROM_YFINANCE_GC=F
2009-11-03,1061.800048828125,1032.4000244140625,1030.9000244140625,14.078578404017858,DERIVED_FROM_YFINANCE_GC=F
2009-11-04,1087.0,1035.5999755859375,1034.0999755859375,15.578578404017858,DERIVED_FROM_YFINANCE_GC=F
2009-11-05,1097.4000244140625,1043.5,1042.0,15.528581891741071,DERIVED_FROM_YFINANCE_GC=F
2009-11-06,1097.4000244140625,1056.800048828125,1055.300048828125,15.085728236607142,DERIVED_FROM_YFINANCE_GC=F
2009-11-09,1100.0,1082.199951171875,1080.699951171875,15.035731724330358,DERIVED_FROM_YFINANCE_GC=F
2009-11-10,1109.300048828125,1086.0,1084.5,15.178597586495536,DERIVED_FROM_YFINANCE_GC=F
2009-11-11,1109.300048828125,1090.199951171875,1088.699951171875,14.742885044642858,DERIVED_FROM_YFINANCE_GC=F
2009-11-12,1117.5999755859375,1098.199951171875,1096.699951171875,14.992885044642858,DERIVED_FROM_YFINANCE_GC=F
2009-11-13,1121.300048828125,1098.199951171875,1096.699951171875,15.085736955915179,DERIVED_FROM_YFINANCE_GC=F
2009-11-16,1121.300048828125,1104.300048828125,1102.800048828125,14.90716552734375,DERIVED_FROM_YFINANCE_GC=F
2009-11-17,1140.5,1104.300048828125,1102.800048828125,16.121451241629465,DERIVED_FROM_YFINANCE_GC=F
2009-11-18,1140.5,1105.0,1103.5,15.764308384486608,DERIVED_FROM_YFINANCE_GC=F
2009-11-19,1149.4000244140625,1127.199951171875,1125.699951171875,15.442879813058036,DERIVED_FROM_YFINANCE_GC=F
2009-11-20,1149.4000244140625,1131.300048828125,1129.800048828125,15.335736955915179,DERIVED_FROM_YFINANCE_GC=F
2009-11-23,1149.4000244140625,1135.5,1134.0,14.514299665178571,DERIVED_FROM_YFINANCE_GC=F
2009-11-24,1163.0,1135.5,1134.0,13.392874581473214,DERIVED_FROM_YFINANCE_GC=F
2009-11-25,1169.800048828125,1137.300048828125,1135.800048828125,12.70001220703125,DERIVED_FROM_YFINANCE_GC=F
2009-11-27,1186.9000244140625,1164.300048828125,1162.800048828125,13.778581891741071,DERIVED_FROM_YFINANCE_GC=F
2009-11-30,1195.0,1130.0999755859375,1128.5999755859375,17.607151576450892,DERIVED_FROM_YFINANCE_GC=F
2009-12-01,1195.0,1130.0999755859375,1128.5999755859375,18.021432059151785,DERIVED_FROM_YFINANCE_GC=F
2009-12-02,1202.699951171875,1130.0999755859375,1128.5999755859375,19.185712541852677,DERIVED_FROM_YFINANCE_GC=F
2009-12-03,1217.300048828125,1163.699951171875,1162.199951171875,19.564287458147323,DERIVED_FROM_YFINANCE_GC=F
2009-12-04,1226.4000244140625,1176.0,1174.5,19.907148088727677,DERIVED_FROM_YFINANCE_GC=F
2009-12-07,1226.4000244140625,1147.0,1145.5,23.992867606026785,DERIVED_FROM_YFINANCE_GC=F
2009-12-08,1226.4000244140625,1136.300048828125,1134.800048828125,24.571437290736608,DERIVED_FROM_YFINANCE_GC=F
2009-12-09,1211.199951171875,1125.300048828125,1123.800048828125,27.064296177455358,DERIVED_FROM_YFINANCE_GC=F
2009-12-10,1169.300048828125,1116.5,1115.0,28.321437290736608,DERIVED_FROM_YFINANCE_GC=F
2009-12-11,1169.300048828125,1116.5,1115.0,28.685721261160715,DERIVED_FROM_YFINANCE_GC=F
2009-12-14,1147.0,1110.800048828125,1109.300048828125,30.114292689732142,DERIVED_FROM_YFINANCE_GC=F
2009-12-15,1141.4000244140625,1110.800048828125,1109.300048828125,29.764290945870535,DERIVED_FROM_YFINANCE_GC=F
2009-12-16,1141.4000244140625,1110.800048828125,1109.300048828125,30.564287458147323,DERIVED_FROM_YFINANCE_GC=F
2009-12-17,1140.0,1111.9000244140625,1110.4000244140625,30.292855398995535,DERIVED_FROM_YFINANCE_GC=F
2009-12-18,1141.5,1095.699951171875,1094.199951171875,28.928571428571427,DERIVED_FROM_YFINANCE_GC=F
2009-12-21,1141.5,1095.699951171875,1094.199951171875,28.742850167410715,DERIVED_FROM_YFINANCE_GC=F
2009-12-22,1141.5,1090.800048828125,1089.300048828125,28.864275251116073,DERIVED_FROM_YFINANCE_GC=F
2009-12-23,1119.199951171875,1075.0,1073.5,28.964276994977677,DERIVED_FROM_YFINANCE_GC=F
2009-12-24,1119.199951171875,1075.0,1073.5,28.449986049107142,DERIVED_FROM_YFINANCE_GC=F
2009-12-28,1105.300048828125,1075.0,1073.5,24.371416364397323,DERIVED_FROM_YFINANCE_GC=F
2009-12-29,1111.9000244140625,1080.0,1078.5,22.699986049107142,DERIVED_FROM_YFINANCE_GC=F
2009-12-30,1111.9000244140625,1092.0,1090.5,20.285696847098215,DERIVED_FROM_YFINANCE_GC=F
2009-12-31,1111.9000244140625,1086.0,1084.5,18.899980817522323,DERIVED_FROM_YFINANCE_GC=F
2010-01-04,1106.0999755859375,1086.0,1084.5,18.914263044084823,DERIVED_FROM_YFINANCE_GC=F
2010-01-05,1122.300048828125,1086.0,1084.5,18.664271763392858,DERIVED_FROM_YFINANCE_GC=F
2010-01-06,1126.5,1094.0,1092.5,18.55712890625,DERIVED_FROM_YFINANCE_GC=F
2010-01-07,1139.199951171875,1097.0999755859375,1095.5999755859375,18.871416364397323,DERIVED_FROM_YFINANCE_GC=F
2010-01-08,1139.199951171875,1115.0,1113.5,18.092851911272323,DERIVED_FROM_YFINANCE_GC=F
2010-01-11,1139.199951171875,1120.699951171875,1119.199951171875,15.928562709263392,DERIVED_FROM_YFINANCE_GC=F
2010-01-12,1161.199951171875,1122.699951171875,1121.199951171875,16.328569684709823,DERIVED_FROM_YFINANCE_GC=F
2010-01-13,1161.199951171875,1122.699951171875,1121.199951171875,16.442862374441965,DERIVED_FROM_YFINANCE_GC=F
2010-01-14,1161.199951171875,1121.0,1119.5,15.942862374441964,DERIVED_FROM_YFINANCE_GC=F
2010-01-15,1157.199951171875,1121.0,1119.5,15.835719517299108,DERIVED_FROM_YFINANCE_GC=F
2010-01-19,1145.9000244140625,1121.0,1119.5,15.9857177734375,DERIVED_FROM_YFINANCE_GC=F
2010-01-20,1145.9000244140625,1127.199951171875,1125.699951171875,16.021432059151785,DERIVED_FROM_YFINANCE_GC=F
2010-01-21,1139.699951171875,1109.800048828125,1108.300048828125,17.428571428571427,DERIVED_FROM_YFINANCE_GC=F
2010-01-22,1139.699951171875,1090.199951171875,1088.699951171875,18.21429443359375,DERIVED_FROM_YFINANCE_GC=F
2010-01-25,1133.0,1083.0,1081.5,18.578578404017858,DERIVED_FROM_YFINANCE_GC=F
2010-01-26,1107.5,1083.0,1081.5,17.071428571428573,DERIVED_FROM_YFINANCE_GC=F
2010-01-27,1097.9000244140625,1083.0,1081.5,16.442862374441965,DERIVED_FROM_YFINANCE_GC=F
2010-01-28,1097.9000244140625,1084.4000244140625,1082.9000244140625,15.900006975446429,DERIVED_FROM_YFINANCE_GC=F
2010-01-29,1097.9000244140625,1073.199951171875,1071.699951171875,17.028573172433035,DERIVED_FROM_YFINANCE_GC=F
2010-02-01,1095.699951171875,1073.199951171875,1071.699951171875,17.085719517299108,DERIVED_FROM_YFINANCE_GC=F
2010-02-02,1107.300048828125,1073.199951171875,1071.699951171875,17.621433803013392,DERIVED_FROM_YFINANCE_GC=F
2010-02-03,1118.5,1074.5,1073.0,16.785723005022323,DERIVED_FROM_YFINANCE_GC=F
2010-02-04,1124.9000244140625,1076.800048828125,1075.300048828125,16.850010463169642,DERIVED_FROM_YFINANCE_GC=F
2010-02-05,1124.9000244140625,1059.0,1057.5,19.657156808035715,DERIVED_FROM_YFINANCE_GC=F
2010-02-08,1124.9000244140625,1045.199951171875,1043.699951171875,20.221444266183035,DERIVED_FROM_YFINANCE_GC=F
2010-02-09,1110.699951171875,1045.199951171875,1043.699951171875,21.050022670200892,DERIVED_FROM_YFINANCE_GC=F
2010-02-10,1082.0,1045.199951171875,1043.699951171875,20.264317103794642,DERIVED_FROM_YFINANCE_GC=F
2010-02-11,1082.0,1061.5999755859375,1060.0999755859375,19.957162039620535,DERIVED_FROM_YFINANCE_GC=F
2010-02-12,1097.0999755859375,1063.0999755859375,1061.5999755859375,20.085736955915177,DERIVED_FROM_YFINANCE_GC=F
2010-02-16,1097.0999755859375,1063.300048828125,1061.800048828125,20.68572998046875,DERIVED_FROM_YFINANCE_GC=F
2010-02-17,1120.4000244140625,1075.5999755859375,1074.0999755859375,22.70001220703125,DERIVED_FROM_YFINANCE_GC=F
2010-02-18,1127.0,1079.800048828125,1078.300048828125,23.057155064174108,DERIVED_FROM_YFINANCE_GC=F
2010-02-19,1127.0,1092.4000244140625,1090.9000244140625,23.085719517299108,DERIVED_FROM_YFINANCE_GC=F
2010-02-22,1127.0,1099.699951171875,1098.199951171875,23.814287458147323,DERIVED_FROM_YFINANCE_GC=F
2010-02-23,1127.4000244140625,1099.699951171875,1098.199951171875,22.878574916294642,DERIVED_FROM_YFINANCE_GC=F
2010-02-24,1127.4000244140625,1099.699951171875,1098.199951171875,22.692862374441965,DERIVED_FROM_YFINANCE_GC=F
2010-02-25,1127.4000244140625,1096.5,1095.0,21.971426827566965,DERIVED_FROM_YFINANCE_GC=F
2010-02-26,1118.300048828125,1088.699951171875,1087.199951171875,19.621425083705358,DERIVED_FROM_YFINANCE_GC=F
2010-03-01,1118.300048828125,1088.699951171875,1087.199951171875,18.778564453125,DERIVED_FROM_YFINANCE_GC=F
2010-03-02,1121.9000244140625,1088.699951171875,1087.199951171875,17.857134137834823,DERIVED_FROM_YFINANCE_GC=F
2010-03-03,1137.4000244140625,1106.800048828125,1105.300048828125,18.057137625558035,DERIVED_FROM_YFINANCE_GC=F
2010-03-04,1145.0,1113.5999755859375,1112.0999755859375,17.592860630580358,DERIVED_FROM_YFINANCE_GC=F
2010-03-05,1145.0,1115.699951171875,1114.199951171875,17.064287458147323,DERIVED_FROM_YFINANCE_GC=F
2010-03-08,1145.0,1128.5999755859375,1127.0999755859375,16.19287109375,DERIVED_FROM_YFINANCE_GC=F
2010-03-09,1139.0,1123.5999755859375,1122.0999755859375,14.785731724330358,DERIVED_FROM_YFINANCE_GC=F
2010-03-10,1134.800048828125,1113.0999755859375,1111.5999755859375,14.242876325334821,DERIVED_FROM_YFINANCE_GC=F
2010-03-11,1127.0999755859375,1106.9000244140625,1105.4000244140625,14.050022670200892,DERIVED_FROM_YFINANCE_GC=F
2010-03-12,1127.0999755859375,1106.9000244140625,1105.4000244140625,12.17144775390625,DERIVED_FROM_YFINANCE_GC=F
2010-03-15,1127.0999755859375,1099.9000244140625,1098.4000244140625,12.1785888671875,DERIVED_FROM_YFINANCE_GC=F
2010-03-16,1117.4000244140625,1099.9000244140625,1098.4000244140625,11.46429443359375,DERIVED_FROM_YFINANCE_GC=F
2010-03-17,1127.0,1099.9000244140625,1098.4000244140625,12.585728236607142,DERIVED_FROM_YFINANCE_GC=F
2010-03-18,1131.4000244140625,1101.4000244140625,1099.9000244140625,12.150015694754464,DERIVED_FROM_YFINANCE_GC=F
2010-03-19,1131.4000244140625,1114.5,1113.0,11.807163783482142,DERIVED_FROM_YFINANCE_GC=F
2010-03-22,1131.4000244140625,1107.4000244140625,1105.9000244140625,12.642874581473214,DERIVED_FROM_YFINANCE_GC=F
2010-03-23,1127.800048828125,1099.300048828125,1097.800048828125,11.671439034598214,DERIVED_FROM_YFINANCE_GC=F
2010-03-24,1107.4000244140625,1099.300048828125,1097.800048828125,11.164289202008929,DERIVED_FROM_YFINANCE_GC=F
2010-03-25,1103.5,1085.5,1084.0,11.442862374441964,DERIVED_FROM_YFINANCE_GC=F
2010-03-26,1103.5,1085.5,1084.0,11.714285714285714,DERIVED_FROM_YFINANCE_GC=F
2010-03-29,1104.199951171875,1085.5,1084.0,11.735709054129464,DERIVED_FROM_YFINANCE_GC=F
2010-03-30,1110.300048828125,1086.699951171875,1085.199951171875,11.392857142857142,DERIVED_FROM_YFINANCE_GC=F
2010-03-31,1112.9000244140625,1101.0999755859375,1099.5999755859375,10.792864118303571,DERIVED_FROM_YFINANCE_GC=F
2010-04-01,1118.699951171875,1101.0999755859375,1099.5999755859375,11.971435546875,DERIVED_FROM_YFINANCE_GC=F
2010-04-05,1127.699951171875,1101.0999755859375,1099.5999755859375,11.892857142857142,DERIVED_FROM_YFINANCE_GC=F
2010-04-06,1133.300048828125,1102.0,1100.5,12.442862374441964,DERIVED_FROM_YFINANCE_GC=F
2010-04-07,1138.5,1111.300048828125,1109.800048828125,12.007149832589286,DERIVED_FROM_YFINANCE_GC=F
2010-04-08,1153.0,1119.9000244140625,1118.4000244140625,12.507149832589286,DERIVED_FROM_YFINANCE_GC=F
2010-04-09,1153.0,1122.699951171875,1121.199951171875,12.621433803013392,DERIVED_FROM_YFINANCE_GC=F
2010-04-12,1164.800048828125,1132.5999755859375,1131.0999755859375,12.21429443359375,DERIVED_FROM_YFINANCE_GC=F
2010-04-13,1169.0,1144.0,1142.5,12.664297921316964,DERIVED_FROM_YFINANCE_GC=F
2010-04-14,1169.0,1145.0,1143.5,13.550013950892858,DERIVED_FROM_YFINANCE_GC=F
2010-04-15,1169.0,1145.0,1143.5,12.93572998046875,DERIVED_FROM_YFINANCE_GC=F
2010-04-16,1160.5999755859375,1145.0,1143.5,13.135733468191964,DERIVED_FROM_YFINANCE_GC=F
2010-04-19,1160.5999755859375,1130.4000244140625,1128.9000244140625,14.4285888671875,DERIVED_FROM_YFINANCE_GC=F
2010-04-20,1160.0,1124.0,1122.5,14.928580147879464,DERIVED_FROM_YFINANCE_GC=F
2010-04-21,1160.0,1124.0,1122.5,14.842869349888392,DERIVED_FROM_YFINANCE_GC=F
2010-04-22,1150.0,1124.0,1122.5,14.478585379464286,DERIVED_FROM_YFINANCE_GC=F
2010-04-23,1150.0,1133.5999755859375,1132.0999755859375,14.350019182477679,DERIVED_FROM_YFINANCE_GC=F
2010-04-26,1153.0999755859375,1133.5999755859375,1132.0999755859375,14.164297921316964,DERIVED_FROM_YFINANCE_GC=F
2010-04-27,1160.0999755859375,1133.5999755859375,1132.0999755859375,13.657148088727679,DERIVED_FROM_YFINANCE_GC=F
2010-04-28,1170.699951171875,1148.5999755859375,1147.0999755859375,13.778573172433036,DERIVED_FROM_YFINANCE_GC=F
2010-04-29,1171.300048828125,1148.5999755859375,1147.0999755859375,13.871433803013392,DERIVED_FROM_YFINANCE_GC=F
2010-04-30,1171.300048828125,1148.5999755859375,1147.0999755859375,13.371433803013392,DERIVED_FROM_YFINANCE_GC=F
2010-05-03,1181.300048828125,1164.0,1162.5,13.264290945870536,DERIVED_FROM_YFINANCE_GC=F
2010-05-04,1187.5,1164.0,1162.5,12.807146344866071,DERIVED_FROM_YFINANCE_GC=F
2010-05-05,1191.800048828125,1168.300048828125,1166.800048828125,13.814287458147321,DERIVED_FROM_YFINANCE_GC=F
2010-05-06,1191.800048828125,1159.199951171875,1157.699951171875,14.471426827566964,DERIVED_FROM_YFINANCE_GC=F
2010-05-07,1210.5999755859375,1159.199951171875,1157.699951171875,14.928571428571429,DERIVED_FROM_YFINANCE_GC=F
2010-05-10,1210.800048828125,1159.199951171875,1157.699951171875,15.150006975446429,DERIVED_FROM_YFINANCE_GC=F
2010-05-11,1210.800048828125,1175.9000244140625,1174.4000244140625,15.878574916294642,DERIVED_FROM_YFINANCE_GC=F
2010-05-12,1233.5,1189.199951171875,1187.699951171875,17.414289202008927,DERIVED_FROM_YFINANCE_GC=F
2010-05-13,1246.5,1189.199951171875,1187.699951171875,18.271432059151785,DERIVED_FROM_YFINANCE_GC=F
2010-05-14,1246.5,1201.5,1200.0,18.500008719308035,DERIVED_FROM_YFINANCE_GC=F
2010-05-17,1246.5,1227.0999755859375,1225.5999755859375,17.978585379464285,DERIVED_FROM_YFINANCE_GC=F
2010-05-18,1240.0,1225.199951171875,1223.699951171875,17.164306640625,DERIVED_FROM_YFINANCE_GC=F
2010-05-19,1235.9000244140625,1208.199951171875,1206.699951171875,17.871442522321427,DERIVED_FROM_YFINANCE_GC=F
2010-05-20,1235.9000244140625,1192.5999755859375,1191.0999755859375,18.900015694754465,DERIVED_FROM_YFINANCE_GC=F
2010-05-21,1216.0999755859375,1179.4000244140625,1177.9000244140625,18.921439034598215,DERIVED_FROM_YFINANCE_GC=F
2010-05-24,1192.5999755859375,1175.699951171875,1174.199951171875,19.057163783482142,DERIVED_FROM_YFINANCE_GC=F
2010-05-25,1193.800048828125,1175.699951171875,1174.199951171875,18.671456473214285,DERIVED_FROM_YFINANCE_GC=F
2010-05-26,1200.0,1175.699951171875,1174.199951171875,17.828595842633927,DERIVED_FROM_YFINANCE_GC=F
2010-05-27,1213.300048828125,1193.800048828125,1192.300048828125,16.364310128348215,DERIVED_FROM_YFINANCE_GC=F
2010-05-28,1218.5,1195.5999755859375,1194.0999755859375,16.142874581473215,DERIVED_FROM_YFINANCE_GC=F
2010-06-01,1218.5,1201.0999755859375,1199.5999755859375,15.635733468191964,DERIVED_FROM_YFINANCE_GC=F
2010-06-02,1228.199951171875,1201.0999755859375,1199.5999755859375,14.621442522321429,DERIVED_FROM_YFINANCE_GC=F
2010-06-03,1228.199951171875,1201.0999755859375,1199.5999755859375,13.621451241629464,DERIVED_FROM_YFINANCE_GC=F
2010-06-04,1228.199951171875,1201.0,1199.5,14.264308384486608,DERIVED_FROM_YFINANCE_GC=F
2010-06-07,1225.800048828125,1196.9000244140625,1195.4000244140625,15.842878069196429,DERIVED_FROM_YFINANCE_GC=F
2010-06-08,1244.699951171875,1196.9000244140625,1195.4000244140625,17.485726492745535,DERIVED_FROM_YFINANCE_GC=F
2010-06-09,1252.0999755859375,1196.9000244140625,1195.4000244140625,17.378583635602677,DERIVED_FROM_YFINANCE_GC=F
2010-06-10,1252.0999755859375,1211.0,1209.5,17.400006975446427,DERIVED_FROM_YFINANCE_GC=F
2010-06-11,1252.0999755859375,1215.0999755859375,1213.5999755859375,17.771440778459823,DERIVED_FROM_YFINANCE_GC=F
2010-06-14,1238.199951171875,1215.0999755859375,1213.5999755859375,17.7357177734375,DERIVED_FROM_YFINANCE_GC=F
2010-06-15,1233.5,1215.0999755859375,1213.5999755859375,17.5142822265625,DERIVED_FROM_YFINANCE_GC=F
2010-06-16,1236.0,1217.699951171875,1216.199951171875,18.042855398995535,DERIVED_FROM_YFINANCE_GC=F
2010-06-17,1236.0,1217.699951171875,1216.199951171875,17.214276994977677,DERIVED_FROM_YFINANCE_GC=F
2010-06-18,1251.0999755859375,1222.4000244140625,1220.9000244140625,17.835702078683035,DERIVED_FROM_YFINANCE_GC=F
2010-06-21,1261.5,1229.300048828125,1227.800048828125,18.185695103236608,DERIVED_FROM_YFINANCE_GC=F
2010-06-22,1264.800048828125,1232.0,1230.5,19.178562709263392,DERIVED_FROM_YFINANCE_GC=F
2010-06-23,1264.800048828125,1232.0,1230.5,19.0428466796875,DERIVED_FROM_YFINANCE_GC=F
2010-06-24,1264.800048828125,1226.9000244140625,1225.4000244140625,18.699986049107142,DERIVED_FROM_YFINANCE_GC=F
2010-06-25,1248.0999755859375,1226.9000244140625,1225.4000244140625,18.264273507254465,DERIVED_FROM_YFINANCE_GC=F
2010-06-28,1256.9000244140625,1226.9000244140625,1225.4000244140625,16.799996512276785,DERIVED_FROM_YFINANCE_GC=F
2010-06-29,1256.9000244140625,1230.699951171875,1229.199951171875,16.771432059151785,DERIVED_FROM_YFINANCE_GC=F
2010-06-30,1256.9000244140625,1228.5,1227.0,16.378574916294642,DERIVED_FROM_YFINANCE_GC=F
2010-07-01,1246.199951171875,1228.5,1227.0,15.74285888671875,DERIVED_FROM_YFINANCE_GC=F
2010-07-02,1246.199951171875,1204.5,1203.0,17.842860630580358,DERIVED_FROM_YFINANCE_GC=F
2010-07-06,1246.199951171875,1200.800048828125,1199.300048828125,17.542855398995535,DERIVED_FROM_YFINANCE_GC=F
2010-07-07,1242.4000244140625,1190.5,1189.0,18.092860630580358,DERIVED_FROM_YFINANCE_GC=F
2010-07-08,1211.800048828125,1190.5,1189.0,18.085719517299108,DERIVED_FROM_YFINANCE_GC=F
2010-07-09,1211.800048828125,1189.300048828125,1187.800048828125,17.528581891741073,DERIVED_FROM_YFINANCE_GC=F
2010-07-12,1213.0,1189.300048828125,1187.800048828125,17.485726492745535,DERIVED_FROM_YFINANCE_GC=F
2010-07-13,1213.0,1189.300048828125,1187.800048828125,15.935721261160714,DERIVED_FROM_YFINANCE_GC=F
2010-07-14,1217.4000244140625,1195.0,1193.5,16.521432059151785,DERIVED_FROM_YFINANCE_GC=F
2010-07-15,1217.4000244140625,1198.5,1197.0,16.035723005022323,DERIVED_FROM_YFINANCE_GC=F
2010-07-16,1217.4000244140625,1202.4000244140625,1200.9000244140625,14.885716029575892,DERIVED_FROM_YFINANCE_GC=F
2010-07-19,1213.800048828125,1188.0,1186.5,15.378566196986608,DERIVED_FROM_YFINANCE_GC=F
2010-07-20,1208.0999755859375,1180.0,1178.5,14.692844935825892,DERIVED_FROM_YFINANCE_GC=F
2010-07-21,1191.5,1180.0,1178.5,14.214276994977679,DERIVED_FROM_YFINANCE_GC=F
2010-07-22,1194.5,1180.0,1178.5,14.278564453125,DERIVED_FROM_YFINANCE_GC=F
2010-07-23,1196.0,1184.0999755859375,1182.5999755859375,11.664280482700892,DERIVED_FROM_YFINANCE_GC=F
2010-07-26,1198.5999755859375,1184.0999755859375,1182.5999755859375,11.671430315290179,DERIVED_FROM_YFINANCE_GC=F
2010-07-27,1198.5999755859375,1183.0,1181.5,10.485709054129464,DERIVED_FROM_YFINANCE_GC=F
2010-07-28,1198.5999755859375,1158.0,1156.5,12.0,DERIVED_FROM_YFINANCE_GC=F
2010-07-29,1183.0,1158.0,1156.5,11.171430315290179,DERIVED_FROM_YFINANCE_GC=F
2010-07-30,1169.199951171875,1158.0,1156.5,10.635716029575892,DERIVED_FROM_YFINANCE_GC=F
2010-08-02,1183.0999755859375,1158.699951171875,1157.199951171875,11.064287458147321,DERIVED_FROM_YFINANCE_GC=F
2010-08-03,1191.800048828125,1158.699951171875,1157.199951171875,10.935721261160714,DERIVED_FROM_YFINANCE_GC=F
2010-08-04,1191.800048828125,1166.0,1164.5,10.871433803013392,DERIVED_FROM_YFINANCE_GC=F
2010-08-05,1203.0,1174.699951171875,1173.199951171875,12.050013950892858,DERIVED_FROM_YFINANCE_GC=F
2010-08-06,1203.0,1180.0,1178.5,11.278590611049108,DERIVED_FROM_YFINANCE_GC=F
2010-08-09,1211.0,1186.300048828125,1184.800048828125,11.828587123325892,DERIVED_FROM_YFINANCE_GC=F
2010-08-10,1211.0,1190.0,1188.5,11.821437290736608,DERIVED_FROM_YFINANCE_GC=F
2010-08-11,1211.0,1191.0,1189.5,12.185721261160714,DERIVED_FROM_YFINANCE_GC=F
2010-08-12,1209.5,1191.0,1189.5,12.942862374441964,DERIVED_FROM_YFINANCE_GC=F
2010-08-13,1215.5,1191.0,1189.5,13.450003487723214,DERIVED_FROM_YFINANCE_GC=F
2010-08-16,1215.5,1193.0,1191.5,13.121433803013392,DERIVED_FROM_YFINANCE_GC=F
2010-08-17,1225.4000244140625,1199.0,1197.5,12.085719517299108,DERIVED_FROM_YFINANCE_GC=F
2010-08-18,1227.4000244140625,1214.9000244140625,1213.4000244140625,12.157148088727679,DERIVED_FROM_YFINANCE_GC=F
2010-08-19,1231.5999755859375,1218.0,1216.5,12.378574916294642,DERIVED_FROM_YFINANCE_GC=F
2010-08-20,1237.5999755859375,1218.0,1216.5,11.785714285714286,DERIVED_FROM_YFINANCE_GC=F
2010-08-23,1237.5999755859375,1218.0,1216.5,11.335710797991071,DERIVED_FROM_YFINANCE_GC=F
2010-08-24,1237.5999755859375,1222.9000244140625,1221.4000244140625,11.0142822265625,DERIVED_FROM_YFINANCE_GC=F
2010-08-25,1234.0,1211.5,1210.0,11.349993024553571,DERIVED_FROM_YFINANCE_GC=F
2010-08-26,1240.699951171875,1211.5,1210.0,11.399989536830358,DERIVED_FROM_YFINANCE_GC=F
2010-08-27,1243.300048828125,1211.5,1210.0,10.871425083705358,DERIVED_FROM_YFINANCE_GC=F
2010-08-30,1243.300048828125,1230.699951171875,1229.199951171875,10.221426827566964,DERIVED_FROM_YFINANCE_GC=F
2010-08-31,1243.300048828125,1234.0,1232.5,9.392857142857142,DERIVED_FROM_YFINANCE_GC=F
2010-09-01,1249.4000244140625,1233.0,1231.5,9.49285888671875,DERIVED_FROM_YFINANCE_GC=F
2010-09-02,1254.300048828125,1233.0,1231.5,8.971435546875,DERIVED_FROM_YFINANCE_GC=F
2010-09-03,1254.300048828125,1233.0,1231.5,9.407148088727679,DERIVED_FROM_YFINANCE_GC=F
2010-09-07,1254.300048828125,1240.0,1238.5,9.47857666015625,DERIVED_FROM_YFINANCE_GC=F
2010-09-08,1258.0,1240.0,1238.5,9.864292689732142,DERIVED_FROM_YFINANCE_GC=F
2010-09-09,1260.199951171875,1240.0,1238.5,9.285723005022321,DERIVED_FROM_YFINANCE_GC=F
2010-09-10,1260.199951171875,1244.0999755859375,1242.5999755859375,9.507158551897321,DERIVED_FROM_YFINANCE_GC=F
2010-09-13,1260.199951171875,1244.0999755859375,1242.5999755859375,9.050013950892858,DERIVED_FROM_YFINANCE_GC=F
2010-09-14,1256.0,1244.0999755859375,1242.5999755859375,8.664297921316964,DERIVED_FROM_YFINANCE_GC=F
2010-09-15,1272.4000244140625,1244.5,1243.0,9.007158551897321,DERIVED_FROM_YFINANCE_GC=F
2010-09-16,1272.4000244140625,1245.0999755859375,1243.5999755859375,8.742876325334821,DERIVED_FROM_YFINANCE_GC=F
2010-09-17,1275.199951171875,1253.4000244140625,1251.9000244140625,8.757158551897321,DERIVED_FROM_YFINANCE_GC=F
2010-09-20,1279.5999755859375,1263.5,1262.0,9.264299665178571,DERIVED_FROM_YFINANCE_GC=F
2010-09-21,1282.0,1268.699951171875,1267.199951171875,9.44287109375,DERIVED_FROM_YFINANCE_GC=F
2010-09-22,1289.800048828125,1271.800048828125,1270.300048828125,9.557155064174108,DERIVED_FROM_YFINANCE_GC=F
2010-09-23,1290.199951171875,1271.800048828125,1270.300048828125,10.064287458147321,DERIVED_FROM_YFINANCE_GC=F
2010-09-24,1294.300048828125,1271.800048828125,1270.300048828125,9.971435546875,DERIVED_FROM_YFINANCE_GC=F
2010-09-27,1297.4000244140625,1289.4000244140625,1287.9000244140625,9.378583635602679,DERIVED_FROM_YFINANCE_GC=F
2010-09-28,1297.4000244140625,1289.4000244140625,1287.9000244140625,8.800005231584821,DERIVED_FROM_YFINANCE_GC=F
2010-09-29,1308.5999755859375,1287.5,1286.0,9.914289202008929,DERIVED_FROM_YFINANCE_GC=F
2010-09-30,1312.5,1287.5,1286.0,9.600001743861608,DERIVED_FROM_YFINANCE_GC=F
2010-10-01,1315.199951171875,1287.5,1286.0,10.678571428571429,DERIVED_FROM_YFINANCE_GC=F
2010-10-04,1320.0,1295.699951171875,1294.199951171875,11.50714111328125,DERIVED_FROM_YFINANCE_GC=F
2010-10-05,1320.0,1295.699951171875,1294.199951171875,10.064278738839286,DERIVED_FROM_YFINANCE_GC=F
2010-10-06,1341.0999755859375,1309.0,1307.5,11.628557477678571,DERIVED_FROM_YFINANCE_GC=F
2010-10-07,1349.0,1312.0,1310.5,11.742841448102679,DERIVED_FROM_YFINANCE_GC=F
2010-10-08,1363.0,1312.9000244140625,1311.4000244140625,13.857134137834821,DERIVED_FROM_YFINANCE_GC=F
2010-10-11,1363.0,1325.0,1323.5,15.071419852120536,DERIVED_FROM_YFINANCE_GC=F
2010-10-12,1363.0,1325.0,1323.5,14.478559221540179,DERIVED_FROM_YFINANCE_GC=F
2010-10-13,1353.699951171875,1325.0,1323.5,13.899998256138392,DERIVED_FROM_YFINANCE_GC=F
2010-10-14,1374.0,1343.5999755859375,1342.0999755859375,15.571428571428571,DERIVED_FROM_YFINANCE_GC=F
2010-10-15,1383.9000244140625,1343.5999755859375,1342.0999755859375,16.371425083705358,DERIVED_FROM_YFINANCE_GC=F
2010-10-18,1383.9000244140625,1355.0999755859375,1353.5999755859375,17.585719517299108,DERIVED_FROM_YFINANCE_GC=F
2010-10-19,1383.9000244140625,1358.0,1356.5,17.121433803013392,DERIVED_FROM_YFINANCE_GC=F
2010-10-20,1382.4000244140625,1328.5,1327.0,19.635716029575892,DERIVED_FROM_YFINANCE_GC=F
2010-10-21,1372.5999755859375,1328.5,1327.0,19.071437290736608,DERIVED_FROM_YFINANCE_GC=F
2010-10-22,1370.5,1317.5,1316.0,20.250008719308035,DERIVED_FROM_YFINANCE_GC=F
2010-10-25,1346.199951171875,1317.5,1316.0,20.392865862165177,DERIVED_FROM_YFINANCE_GC=F
2010-10-26,1349.0999755859375,1317.5,1316.0,20.142865862165177,DERIVED_FROM_YFINANCE_GC=F
2010-10-27,1349.0999755859375,1319.0,1317.5,20.342860630580358,DERIVED_FROM_YFINANCE_GC=F
2010-10-28,1349.0999755859375,1321.0999755859375,1319.5999755859375,19.100001743861608,DERIVED_FROM_YFINANCE_GC=F
2010-10-29,1343.5999755859375,1321.0999755859375,1319.5999755859375,18.957144601004465,DERIVED_FROM_YFINANCE_GC=F
2010-11-01,1358.699951171875,1321.0999755859375,1319.5999755859375,19.828569684709823,DERIVED_FROM_YFINANCE_GC=F
2010-11-02,1360.300048828125,1325.9000244140625,1324.4000244140625,19.821428571428573,DERIVED_FROM_YFINANCE_GC=F
2010-11-03,1360.300048828125,1336.800048828125,1335.300048828125,18.271432059151785,DERIVED_FROM_YFINANCE_GC=F
2010-11-04,1360.300048828125,1327.5,1326.0,19.50714111328125,DERIVED_FROM_YFINANCE_GC=F
2010-11-05,1392.5,1327.5,1326.0,22.199994768415177,DERIVED_FROM_YFINANCE_GC=F
2010-11-08,1398.0,1327.5,1326.0,22.571428571428573,DERIVED_FROM_YFINANCE_GC=F
2010-11-09,1409.199951171875,1368.5999755859375,1367.0999755859375,21.100001743861608,DERIVED_FROM_YFINANCE_GC=F
2010-11-10,1423.199951171875,1378.199951171875,1376.699951171875,23.149989536830358,DERIVED_FROM_YFINANCE_GC=F
2010-11-11,1423.199951171875,1382.9000244140625,1381.4000244140625,22.942853655133927,DERIVED_FROM_YFINANCE_GC=F
2010-11-12,1423.199951171875,1382.9000244140625,1381.4000244140625,23.449994768415177,DERIVED_FROM_YFINANCE_GC=F
2010-11-15,1413.5,1360.0999755859375,1358.5999755859375,25.100001743861608,DERIVED_FROM_YFINANCE_GC=F
2010-11-16,1413.5,1355.300048828125,1353.800048828125,25.414289202008927,DERIVED_FROM_YFINANCE_GC=F
2010-11-17,1407.9000244140625,1329.5,1328.0,26.771432059151785,DERIVED_FROM_YFINANCE_GC=F
2010-11-18,1372.5999755859375,1329.5,1328.0,25.99285888671875,DERIVED_FROM_YFINANCE_GC=F
2010-11-19,1358.199951171875,1329.5,1328.0,25.600001743861608,DERIVED_FROM_YFINANCE_GC=F
2010-11-22,1353.199951171875,1331.300048828125,1329.800048828125,25.5142822265625,DERIVED_FROM_YFINANCE_GC=F
2010-11-23,1357.699951171875,1344.5,1343.0,25.435703822544642,DERIVED_FROM_YFINANCE_GC=F
2010-11-24,1377.5,1344.5,1343.0,24.585710797991073,DERIVED_FROM_YFINANCE_GC=F
2010-11-26,1377.800048828125,1357.699951171875,1356.199951171875,20.649998256138392,DERIVED_FROM_YFINANCE_GC=F
2010-11-29,1377.800048828125,1364.5,1363.0,19.292855398995535,DERIVED_FROM_YFINANCE_GC=F
2010-11-30,1377.800048828125,1352.5999755859375,1351.0999755859375,18.907148088727677,DERIVED_FROM_YFINANCE_GC=F
2010-12-01,1390.0999755859375,1352.5999755859375,1351.0999755859375,17.97857666015625,DERIVED_FROM_YFINANCE_GC=F
2010-12-02,1396.5999755859375,1352.5999755859375,1351.0999755859375,17.157139369419642,DERIVED_FROM_YFINANCE_GC=F
2010-12-03,1398.5999755859375,1362.800048828125,1361.300048828125,17.092851911272323,DERIVED_FROM_YFINANCE_GC=F
2010-12-06,1415.0999755859375,1382.300048828125,1380.800048828125,15.821419852120536,DERIVED_FROM_YFINANCE_GC=F
2010-12-07,1428.4000244140625,1383.300048828125,1381.800048828125,16.228567940848215,DERIVED_FROM_YFINANCE_GC=F
2010-12-08,1431.0999755859375,1385.0999755859375,1383.5999755859375,15.814278738839286,DERIVED_FROM_YFINANCE_GC=F
2010-12-09,1431.0999755859375,1372.0,1370.5,17.657139369419642,DERIVED_FROM_YFINANCE_GC=F
2010-12-10,1431.0999755859375,1372.0,1370.5,17.464285714285715,DERIVED_FROM_YFINANCE_GC=F
2010-12-13,1403.800048828125,1372.0,1370.5,18.221426827566965,DERIVED_FROM_YFINANCE_GC=F
2010-12-14,1399.199951171875,1373.0999755859375,1371.5999755859375,18.892848423549108,DERIVED_FROM_YFINANCE_GC=F
2010-12-15,1407.300048828125,1373.0999755859375,1371.5999755859375,18.585702078683035,DERIVED_FROM_YFINANCE_GC=F
2010-12-16,1407.300048828125,1379.5,1378.0,20.285696847098215,DERIVED_FROM_YFINANCE_GC=F
2010-12-17,1407.300048828125,1362.5,1361.0,21.871407645089285,DERIVED_FROM_YFINANCE_GC=F
2010-12-20,1394.0,1362.5,1361.0,21.585684640066965,DERIVED_FROM_YFINANCE_GC=F
2010-12-21,1386.699951171875,1362.5,1361.0,20.3642578125,DERIVED_FROM_YFINANCE_GC=F
2010-12-22,1389.5,1365.9000244140625,1364.4000244140625,19.914263044084823,DERIVED_FROM_YFINANCE_GC=F
2010-12-23,1389.5,1376.5,1375.0,19.142839704241073,DERIVED_FROM_YFINANCE_GC=F
2010-12-27,1389.5,1373.699951171875,1372.199951171875,18.04998779296875,DERIVED_FROM_YFINANCE_GC=F
2010-12-28,1389.5,1373.5,1372.0,17.171412876674108,DERIVED_FROM_YFINANCE_GC=F
2010-12-29,1406.699951171875,1373.5,1372.0,16.542837960379465,DERIVED_FROM_YFINANCE_GC=F
2010-12-30,1412.199951171875,1373.5,1372.0,14.6142578125,DERIVED_FROM_YFINANCE_GC=F
2010-12-31,1413.800048828125,1389.800048828125,1388.300048828125,14.399980817522321,DERIVED_FROM_YFINANCE_GC=F
2011-01-03,1421.0999755859375,1402.9000244140625,1401.4000244140625,14.149980817522321,DERIVED_FROM_YFINANCE_GC=F
2011-01-04,1423.9000244140625,1403.0999755859375,1401.5999755859375,13.814278738839286,DERIVED_FROM_YFINANCE_GC=F
2011-01-05,1423.9000244140625,1375.800048828125,1374.300048828125,16.04998779296875,DERIVED_FROM_YFINANCE_GC=F
2011-01-06,1423.9000244140625,1364.199951171875,1362.699951171875,15.742850167410714,DERIVED_FROM_YFINANCE_GC=F
2011-01-07,1410.9000244140625,1364.199951171875,1362.699951171875,14.642848423549108,DERIVED_FROM_YFINANCE_GC=F
2011-01-10,1384.0,1355.5,1354.0,15.28570556640625,DERIVED_FROM_YFINANCE_GC=F
2011-01-11,1377.199951171875,1355.5,1354.0,15.149998256138392,DERIVED_FROM_YFINANCE_GC=F
2011-01-12,1384.5,1355.5,1354.0,15.350001743861608,DERIVED_FROM_YFINANCE_GC=F
2011-01-13,1385.5,1365.699951171875,1364.199951171875,15.564287458147321,DERIVED_FROM_YFINANCE_GC=F
2011-01-14,1392.5,1371.4000244140625,1369.9000244140625,16.02142333984375,DERIVED_FROM_YFINANCE_GC=F
2011-01-18,1392.5,1356.699951171875,1355.199951171875,17.414289202008927,DERIVED_FROM_YFINANCE_GC=F
2011-01-19,1392.5,1356.699951171875,1355.199951171875,16.521440778459823,DERIVED_FROM_YFINANCE_GC=F
2011-01-20,1376.199951171875,1356.699951171875,1355.199951171875,16.514299665178573,DERIVED_FROM_YFINANCE_GC=F
2011-01-21,1376.199951171875,1345.0,1343.5,17.550005231584823,DERIVED_FROM_YFINANCE_GC=F
2011-01-24,1376.199951171875,1338.5999755859375,1337.0999755859375,17.007149832589285,DERIVED_FROM_YFINANCE_GC=F
2011-01-25,1367.699951171875,1338.5999755859375,1337.0999755859375,17.085719517299108,DERIVED_FROM_YFINANCE_GC=F
2011-01-26,1352.300048828125,1323.5999755859375,1322.0999755859375,15.235726492745536,DERIVED_FROM_YFINANCE_GC=F
2011-01-27,1352.300048828125,1323.5999755859375,1322.0999755859375,14.49285888671875,DERIVED_FROM_YFINANCE_GC=F
2011-01-28,1342.0,1318.4000244140625,1316.9000244140625,15.635716029575892,DERIVED_FROM_YFINANCE_GC=F
2011-01-31,1346.5999755859375,1307.699951171875,1306.199951171875,16.864292689732142,DERIVED_FROM_YFINANCE_GC=F
2011-02-01,1346.5999755859375,1307.699951171875,1306.199951171875,17.885716029575892,DERIVED_FROM_YFINANCE_GC=F
2011-02-02,1346.5999755859375,1307.699951171875,1306.199951171875,18.371425083705358,DERIVED_FROM_YFINANCE_GC=F
2011-02-03,1345.9000244140625,1323.300048828125,1321.800048828125,19.049996512276785,DERIVED_FROM_YFINANCE_GC=F
2011-02-04,1355.800048828125,1324.9000244140625,1323.4000244140625,19.75,DERIVED_FROM_YFINANCE_GC=F
2011-02-07,1360.0,1324.9000244140625,1323.4000244140625,18.664280482700892,DERIVED_FROM_YFINANCE_GC=F
2011-02-08,1360.0,1324.9000244140625,1323.4000244140625,18.53570556640625,DERIVED_FROM_YFINANCE_GC=F
2011-02-09,1367.0,1343.800048828125,1342.300048828125,19.2642822265625,DERIVED_FROM_YFINANCE_GC=F
2011-02-10,1367.0,1343.800048828125,1342.300048828125,17.957144601004465,DERIVED_FROM_YFINANCE_GC=F
2011-02-11,1367.0,1350.0,1348.5,18.328578404017858,DERIVED_FROM_YFINANCE_GC=F
2011-02-14,1368.800048828125,1351.699951171875,1350.199951171875,18.492867606026785,DERIVED_FROM_YFINANCE_GC=F
2011-02-15,1368.800048828125,1351.699951171875,1350.199951171875,17.642865862165177,DERIVED_FROM_YFINANCE_GC=F
2011-02-16,1376.0,1355.199951171875,1353.699951171875,18.000017438616073,DERIVED_FROM_YFINANCE_GC=F
2011-02-17,1382.0,1356.5999755859375,1355.0999755859375,17.135733468191965,DERIVED_FROM_YFINANCE_GC=F
2011-02-18,1384.699951171875,1361.5999755859375,1360.0999755859375,15.071446010044642,DERIVED_FROM_YFINANCE_GC=F
2011-02-22,1391.800048828125,1370.5,1369.0,14.17144775390625,DERIVED_FROM_YFINANCE_GC=F
2011-02-23,1408.699951171875,1377.0,1375.5,14.378592354910714,DERIVED_FROM_YFINANCE_GC=F
2011-02-24,1413.800048828125,1381.800048828125,1380.300048828125,14.307163783482142,DERIVED_FROM_YFINANCE_GC=F
2011-02-25,1415.300048828125,1395.0999755859375,1393.5999755859375,12.600019182477679,DERIVED_FROM_YFINANCE_GC=F
2011-02-28,1415.300048828125,1397.800048828125,1396.300048828125,12.550022670200892,DERIVED_FROM_YFINANCE_GC=F
2011-03-01,1415.699951171875,1401.0,1399.5,12.40716552734375,DERIVED_FROM_YFINANCE_GC=F
2011-03-02,1434.4000244140625,1401.0,1399.5,12.814304896763392,DERIVED_FROM_YFINANCE_GC=F
2011-03-03,1440.5,1407.699951171875,1406.199951171875,13.157156808035714,DERIVED_FROM_YFINANCE_GC=F
2011-03-04,1440.5,1415.300048828125,1413.800048828125,13.74285888671875,DERIVED_FROM_YFINANCE_GC=F
2011-03-07,1440.5,1415.9000244140625,1414.4000244140625,13.75714111328125,DERIVED_FROM_YFINANCE_GC=F
2011-03-08,1445.0,1415.9000244140625,1414.4000244140625,14.314287458147321,DERIVED_FROM_YFINANCE_GC=F
2011-03-09,1445.0,1416.800048828125,1415.300048828125,13.985709054129464,DERIVED_FROM_YFINANCE_GC=F
2011-03-10,1445.0,1424.300048828125,1422.800048828125,13.849993024553571,DERIVED_FROM_YFINANCE_GC=F
2011-03-11,1435.699951171875,1403.800048828125,1402.300048828125,14.992850167410714,DERIVED_FROM_YFINANCE_GC=F
2011-03-14,1435.699951171875,1403.800048828125,1402.300048828125,15.5428466796875,DERIVED_FROM_YFINANCE_GC=F
2011-03-15,1429.800048828125,1403.800048828125,1402.300048828125,14.628557477678571,DERIVED_FROM_YFINANCE_GC=F
2011-03-16,1427.699951171875,1385.5,1384.0,16.278555733816965,DERIVED_FROM_YFINANCE_GC=F
2011-03-17,1427.699951171875,1385.5,1384.0,16.607125418526785,DERIVED_FROM_YFINANCE_GC=F
2011-03-18,1413.300048828125,1385.5,1384.0,16.178553989955358,DERIVED_FROM_YFINANCE_GC=F
2011-03-21,1419.300048828125,1387.699951171875,1386.199951171875,16.699986049107142,DERIVED_FROM_YFINANCE_GC=F
2011-03-22,1433.5,1387.699951171875,1386.199951171875,16.164271763392858,DERIVED_FROM_YFINANCE_GC=F
2011-03-23,1433.5,1406.4000244140625,1404.9000244140625,15.628566196986608,DERIVED_FROM_YFINANCE_GC=F
2011-03-24,1439.699951171875,1430.4000244140625,1428.9000244140625,14.978567940848214,DERIVED_FROM_YFINANCE_GC=F
2011-03-25,1446.9000244140625,1430.4000244140625,1428.9000244140625,14.664280482700892,DERIVED_FROM_YFINANCE_GC=F
2011-03-28,1446.9000244140625,1432.199951171875,1430.699951171875,13.54998779296875,DERIVED_FROM_YFINANCE_GC=F
2011-03-29,1446.9000244140625,1413.199951171875,1411.699951171875,13.77142333984375,DERIVED_FROM_YFINANCE_GC=F
2011-03-30,1436.0,1413.199951171875,1411.699951171875,13.357142857142858,DERIVED_FROM_YFINANCE_GC=F
2011-03-31,1430.300048828125,1412.0,1410.5,12.807146344866071,DERIVED_FROM_YFINANCE_GC=F
2011-04-01,1440.0,1412.0,1410.5,12.921439034598214,DERIVED_FROM_YFINANCE_GC=F
2011-04-04,1440.0,1412.0,1410.5,14.221444266183036,DERIVED_FROM_YFINANCE_GC=F
2011-04-05,1440.0,1413.0,1411.5,12.214303152901786,DERIVED_FROM_YFINANCE_GC=F
2011-04-06,1457.5999755859375,1413.0,1411.5,13.335728236607142,DERIVED_FROM_YFINANCE_GC=F
2011-04-07,1462.300048828125,1428.800048828125,1427.300048828125,13.492867606026786,DERIVED_FROM_YFINANCE_GC=F
2011-04-08,1462.5,1430.300048828125,1428.800048828125,13.014290945870536,DERIVED_FROM_YFINANCE_GC=F
2011-04-11,1475.5,1452.0,1450.5,13.042864118303571,DERIVED_FROM_YFINANCE_GC=F
2011-04-12,1476.0,1453.9000244140625,1452.4000244140625,13.907148088727679,DERIVED_FROM_YFINANCE_GC=F
2011-04-13,1476.0,1444.4000244140625,1442.9000244140625,14.678580147879464,DERIVED_FROM_YFINANCE_GC=F
2011-04-14,1476.0,1444.4000244140625,1442.9000244140625,14.657148088727679,DERIVED_FROM_YFINANCE_GC=F
2011-04-15,1476.0,1444.4000244140625,1442.9000244140625,16.235726492745535,DERIVED_FROM_YFINANCE_GC=F
2011-04-18,1487.5,1452.699951171875,1451.199951171875,16.44287109375,DERIVED_FROM_YFINANCE_GC=F
2011-04-19,1497.300048828125,1452.699951171875,1451.199951171875,17.585728236607142,DERIVED_FROM_YFINANCE_GC=F
2011-04-20,1499.5,1473.199951171875,1471.699951171875,17.028581891741073,DERIVED_FROM_YFINANCE_GC=F
2011-04-21,1505.300048828125,1477.5,1476.0,16.4571533203125,DERIVED_FROM_YFINANCE_GC=F
2011-04-25,1508.300048828125,1489.0,1487.5,15.321437290736608,DERIVED_FROM_YFINANCE_GC=F
2011-04-26,1518.0,1494.0,1492.5,15.621433803013392,DERIVED_FROM_YFINANCE_GC=F
2011-04-27,1518.0,1495.0,1493.5,14.642865862165179,DERIVED_FROM_YFINANCE_GC=F
2011-04-28,1518.0,1495.0,1493.5,14.592869349888392,DERIVED_FROM_YFINANCE_GC=F
2011-04-29,1536.0,1495.0,1493.5,15.357160295758929,DERIVED_FROM_YFINANCE_GC=F
2011-05-02,1568.699951171875,1505.199951171875,1503.699951171875,16.778581891741073,DERIVED_FROM_YFINANCE_GC=F
2011-05-03,1576.5999755859375,1526.5999755859375,1525.0999755859375,18.007149832589285,DERIVED_FROM_YFINANCE_GC=F
2011-05-04,1576.5999755859375,1527.5,1526.0,18.450003487723215,DERIVED_FROM_YFINANCE_GC=F
2011-05-05,1576.5999755859375,1506.199951171875,1504.699951171875,20.221435546875,DERIVED_FROM_YFINANCE_GC=F
2011-05-06,1547.0,1471.0,1469.5,22.107142857142858,DERIVED_FROM_YFINANCE_GC=F
2011-05-09,1539.0,1471.0,1469.5,22.585710797991073,DERIVED_FROM_YFINANCE_GC=F
2011-05-10,1520.699951171875,1471.0,1469.5,22.714285714285715,DERIVED_FROM_YFINANCE_GC=F
2011-05-11,1516.9000244140625,1472.300048828125,1470.800048828125,22.964285714285715,DERIVED_FROM_YFINANCE_GC=F
2011-05-12,1524.0999755859375,1495.199951171875,1493.699951171875,24.221426827566965,DERIVED_FROM_YFINANCE_GC=F
2011-05-13,1524.0999755859375,1484.800048828125,1483.300048828125,24.671421595982142,DERIVED_FROM_YFINANCE_GC=F
2011-05-16,1524.0999755859375,1484.800048828125,1483.300048828125,25.092860630580358,DERIVED_FROM_YFINANCE_GC=F
2011-05-17,1511.300048828125,1484.800048828125,1483.300048828125,24.521432059151785,DERIVED_FROM_YFINANCE_GC=F
2011-05-18,1511.300048828125,1473.0,1471.5,25.164289202008927,DERIVED_FROM_YFINANCE_GC=F
2011-05-19,1497.0,1473.0,1471.5,25.0142822265625,DERIVED_FROM_YFINANCE_GC=F
2011-05-20,1497.0,1473.0,1471.5,22.600001743861608,DERIVED_FROM_YFINANCE_GC=F
2011-05-23,1512.699951171875,1488.699951171875,1487.199951171875,21.921430315290177,DERIVED_FROM_YFINANCE_GC=F
2011-05-24,1512.699951171875,1488.699951171875,1487.199951171875,20.21429443359375,DERIVED_FROM_YFINANCE_GC=F
2011-05-25,1527.0999755859375,1488.699951171875,1487.199951171875,18.635716029575892,DERIVED_FROM_YFINANCE_GC=F
2011-05-26,1527.5,1507.0,1505.5,15.392865862165179,DERIVED_FROM_YFINANCE_GC=F
2011-05-27,1527.5,1519.5,1518.0,14.292864118303571,DERIVED_FROM_YFINANCE_GC=F
2011-05-31,1538.5,1518.4000244140625,1516.9000244140625,14.185712541852679,DERIVED_FROM_YFINANCE_GC=F
2011-06-01,1541.0999755859375,1518.4000244140625,1516.9000244140625,13.807137625558036,DERIVED_FROM_YFINANCE_GC=F
2011-06-02,1550.5999755859375,1518.4000244140625,1516.9000244140625,13.235709054129464,DERIVED_FROM_YFINANCE_GC=F
2011-06-03,1550.5999755859375,1520.0,1518.5,13.821428571428571,DERIVED_FROM_YFINANCE_GC=F
2011-06-06,1550.5999755859375,1520.0,1518.5,13.835710797991071,DERIVED_FROM_YFINANCE_GC=F
2011-06-07,1553.9000244140625,1520.0,1518.5,14.307146344866071,DERIVED_FROM_YFINANCE_GC=F
2011-06-08,1553.9000244140625,1525.0,1523.5,13.871433803013392,DERIVED_FROM_YFINANCE_GC=F
2011-06-09,1553.9000244140625,1531.300048828125,1529.800048828125,13.564287458147321,DERIVED_FROM_YFINANCE_GC=F
2011-06-10,1549.9000244140625,1531.300048828125,1529.800048828125,14.300005231584821,DERIVED_FROM_YFINANCE_GC=F
2011-06-13,1548.800048828125,1526.4000244140625,1524.9000244140625,13.835719517299108,DERIVED_FROM_YFINANCE_GC=F
2011-06-14,1548.800048828125,1511.300048828125,1509.800048828125,15.00714111328125,DERIVED_FROM_YFINANCE_GC=F
2011-06-15,1543.9000244140625,1511.300048828125,1509.800048828125,15.100001743861608,DERIVED_FROM_YFINANCE_GC=F
2011-06-16,1533.4000244140625,1511.300048828125,1509.800048828125,16.107142857142858,DERIVED_FROM_YFINANCE_GC=F
2011-06-17,1533.4000244140625,1513.0999755859375,1511.5999755859375,16.25714111328125,DERIVED_FROM_YFINANCE_GC=F
2011-06-20,1541.5999755859375,1515.0,1513.5,16.149998256138392,DERIVED_FROM_YFINANCE_GC=F
2011-06-21,1545.699951171875,1522.0,1520.5,16.278573172433035,DERIVED_FROM_YFINANCE_GC=F
2011-06-22,1547.5,1523.0,1521.5,15.321428571428571,DERIVED_FROM_YFINANCE_GC=F
2011-06-23,1558.5,1535.199951171875,1533.699951171875,14.578569684709821,DERIVED_FROM_YFINANCE_GC=F
2011-06-24,1558.5,1514.699951171875,1513.199951171875,15.785714285714286,DERIVED_FROM_YFINANCE_GC=F
2011-06-27,1558.5,1498.5,1497.0,16.807137625558035,DERIVED_FROM_YFINANCE_GC=F
2011-06-28,1547.199951171875,1490.699951171875,1489.199951171875,16.814278738839285,DERIVED_FROM_YFINANCE_GC=F
2011-06-29,1525.0,1490.699951171875,1489.199951171875,16.535714285714285,DERIVED_FROM_YFINANCE_GC=F
2011-06-30,1512.199951171875,1490.699951171875,1489.199951171875,16.399998256138392,DERIVED_FROM_YFINANCE_GC=F
2011-07-01,1514.0,1496.0999755859375,1494.5999755859375,16.235709054129465,DERIVED_FROM_YFINANCE_GC=F
2011-07-05,1514.0,1480.0,1478.5,16.278573172433035,DERIVED_FROM_YFINANCE_GC=F
2011-07-06,1515.0,1480.0,1478.5,17.678571428571427,DERIVED_FROM_YFINANCE_GC=F
2011-07-07,1531.5,1480.0,1478.5,17.878566196986608,DERIVED_FROM_YFINANCE_GC=F
2011-07-08,1533.0999755859375,1490.300048828125,1488.800048828125,17.964285714285715,DERIVED_FROM_YFINANCE_GC=F
2011-07-11,1542.5999755859375,1510.300048828125,1508.800048828125,17.778573172433035,DERIVED_FROM_YFINANCE_GC=F
2011-07-12,1555.199951171875,1522.699951171875,1521.199951171875,18.028573172433035,DERIVED_FROM_YFINANCE_GC=F
2011-07-13,1565.0,1526.5999755859375,1525.0999755859375,19.135716029575892,DERIVED_FROM_YFINANCE_GC=F
2011-07-14,1585.5999755859375,1542.0,1540.5,19.821428571428573,DERIVED_FROM_YFINANCE_GC=F
2011-07-15,1592.800048828125,1542.0,1540.5,17.75,DERIVED_FROM_YFINANCE_GC=F
2011-07-18,1592.800048828125,1570.800048828125,1569.300048828125,16.564278738839285,DERIVED_FROM_YFINANCE_GC=F
2011-07-19,1605.0,1582.300048828125,1580.800048828125,16.735700334821427,DERIVED_FROM_YFINANCE_GC=F
2011-07-20,1608.800048828125,1582.300048828125,1580.800048828125,17.914271763392858,DERIVED_FROM_YFINANCE_GC=F
2011-07-21,1608.800048828125,1582.4000244140625,1580.9000244140625,18.342843191964285,DERIVED_FROM_YFINANCE_GC=F
2011-07-22,1608.800048828125,1582.4000244140625,1580.9000244140625,18.328560965401785,DERIVED_FROM_YFINANCE_GC=F
2011-07-25,1606.5,1582.4000244140625,1580.9000244140625,18.142839704241073,DERIVED_FROM_YFINANCE_GC=F
2011-07-26,1619.4000244140625,1586.5999755859375,1585.0999755859375,17.099984305245535,DERIVED_FROM_YFINANCE_GC=F
2011-07-27,1619.4000244140625,1588.5,1587.0,16.207127162388392,DERIVED_FROM_YFINANCE_GC=F
2011-07-28,1619.699951171875,1609.800048828125,1608.300048828125,15.685695103236608,DERIVED_FROM_YFINANCE_GC=F
2011-07-29,1620.5999755859375,1602.800048828125,1601.300048828125,15.814261300223214,DERIVED_FROM_YFINANCE_GC=F
2011-08-01,1634.9000244140625,1602.800048828125,1601.300048828125,16.549979073660715,DERIVED_FROM_YFINANCE_GC=F
2011-08-02,1634.9000244140625,1602.800048828125,1601.300048828125,16.678553989955358,DERIVED_FROM_YFINANCE_GC=F
2011-08-03,1660.5999755859375,1607.0,1605.5,18.114266531808035,DERIVED_FROM_YFINANCE_GC=F
2011-08-04,1672.300048828125,1607.0,1605.5,19.628548758370535,DERIVED_FROM_YFINANCE_GC=F
2011-08-05,1681.800048828125,1616.800048828125,1615.300048828125,21.907130650111608,DERIVED_FROM_YFINANCE_GC=F
2011-08-08,1681.800048828125,1640.0,1638.5,22.492850167410715,DERIVED_FROM_YFINANCE_GC=F
2011-08-09,1720.0,1640.0,1638.5,25.757132393973215,DERIVED_FROM_YFINANCE_GC=F
2011-08-10,1779.0,1642.699951171875,1641.199951171875,29.349993024553573,DERIVED_FROM_YFINANCE_GC=F
2011-08-11,1795.5999755859375,1678.0999755859375,1676.5999755859375,32.249991280691965,DERIVED_FROM_YFINANCE_GC=F
2011-08-12,1813.5,1720.0999755859375,1718.5999755859375,36.571419852120535,DERIVED_FROM_YFINANCE_GC=F
2011-08-15,1813.5,1723.800048828125,1722.300048828125,38.164271763392854,DERIVED_FROM_YFINANCE_GC=F
2011-08-16,1813.5,1723.800048828125,1722.300048828125,40.021414620535715,DERIVED_FROM_YFINANCE_GC=F
2011-08-17,1787.300048828125,1723.800048828125,1722.300048828125,42.071419852120535,DERIVED_FROM_YFINANCE_GC=F
2011-08-18,1794.300048828125,1730.5,1729.0,41.67857142857143,DERIVED_FROM_YFINANCE_GC=F
2011-08-19,1828.5,1761.5999755859375,1760.0999755859375,43.0142822265625,DERIVED_FROM_YFINANCE_GC=F
2011-08-22,1874.4000244140625,1782.0,1780.5,45.20713588169643,DERIVED_FROM_YFINANCE_GC=F
2011-08-23,1895.0,1785.5,1784.0,45.371425083705354,DERIVED_FROM_YFINANCE_GC=F
2011-08-24,1909.300048828125,1823.699951171875,1822.199951171875,49.250000000000014,DERIVED_FROM_YFINANCE_GC=F
2011-08-25,1909.300048828125,1753.0999755859375,1751.5999755859375,53.77857317243305,DERIVED_FROM_YFINANCE_GC=F
2011-08-26,1909.300048828125,1707.300048828125,1705.800048828125,56.764282226562514,DERIVED_FROM_YFINANCE_GC=F
2011-08-29,1853.0999755859373,1707.300048828125,1705.800048828125,56.64285714285716,DERIVED_FROM_YFINANCE_GC=F
2011-08-30,1829.300048828125,1707.300048828125,1705.800048828125,53.95714460100448,DERIVED_FROM_YFINANCE_GC=F
2011-08-31,1839.5999755859373,1768.5,1767.0,54.021432059151785,DERIVED_FROM_YFINANCE_GC=F
2011-09-01,1839.5999755859373,1783.0999755859375,1781.5999755859375,50.185721261160715,DERIVED_FROM_YFINANCE_GC=F
2011-09-02,1839.5999755859373,1783.0999755859375,1781.5999755859375,48.37858363560268,DERIVED_FROM_YFINANCE_GC=F
2011-09-06,1884.199951171875,1811.4000244140625,1809.9000244140625,50.057155064174104,DERIVED_FROM_YFINANCE_GC=F
2011-09-07,1911.5999755859373,1814.4000244140625,1812.9000244140625,51.1857212611607,DERIVED_FROM_YFINANCE_GC=F
2011-09-08,1911.5999755859373,1792.800048828125,1791.300048828125,56.085710797991055,DERIVED_FROM_YFINANCE_GC=F
2011-09-09,1911.5999755859373,1792.800048828125,1791.300048828125,56.999999999999986,DERIVED_FROM_YFINANCE_GC=F
2011-09-12,1881.300048828125,1792.800048828125,1791.300048828125,56.7000034877232,DERIVED_FROM_YFINANCE_GC=F
2011-09-13,1881.300048828125,1806.0,1804.5,57.00714983258927,DERIVED_FROM_YFINANCE_GC=F
2011-09-14,1881.300048828125,1806.0,1804.5,52.90000697544641,DERIVED_FROM_YFINANCE_GC=F
2011-09-15,1852.4000244140625,1806.0,1804.5,47.814287458147305,DERIVED_FROM_YFINANCE_GC=F
2011-09-16,1843.0,1775.800048828125,1774.300048828125,46.564287458147305,DERIVED_FROM_YFINANCE_GC=F
2011-09-19,1843.0,1768.5,1767.0,45.21428571428568,DERIVED_FROM_YFINANCE_GC=F
2011-09-20,1819.0999755859373,1768.5,1767.0,45.192853655133895,DERIVED_FROM_YFINANCE_GC=F
2011-09-21,1819.0999755859373,1768.5,1767.0,43.42857142857141,DERIVED_FROM_YFINANCE_GC=F
2011-09-22,1818.9000244140625,1776.0,1774.5,43.599993024553555,DERIVED_FROM_YFINANCE_GC=F
2011-09-23,1811.699951171875,1730.9000244140625,1729.4000244140625,47.849993024553555,DERIVED_FROM_YFINANCE_GC=F
2011-09-26,1811.699951171875,1636.300048828125,1634.800048828125,51.042846679687486,DERIVED_FROM_YFINANCE_GC=F
2011-09-27,1773.199951171875,1562.4000244140625,1560.9000244140625,54.742850167410715,DERIVED_FROM_YFINANCE_GC=F
2011-09-28,1737.300048828125,1562.4000244140625,1560.9000244140625,54.17143031529018,DERIVED_FROM_YFINANCE_GC=F
2011-09-29,1665.4000244140625,1562.4000244140625,1560.9000244140625,50.228567940848215,DERIVED_FROM_YFINANCE_GC=F
2011-09-30,1665.4000244140625,1585.0,1583.5,50.049996512276785,DERIVED_FROM_YFINANCE_GC=F
2011-10-03,1650.0,1585.0,1583.5,48.59285191127232,DERIVED_FROM_YFINANCE_GC=F
2011-10-04,1660.800048828125,1585.0,1583.5,49.535705566406236,DERIVED_FROM_YFINANCE_GC=F
2011-10-05,1678.0999755859375,1596.5999755859375,1595.0999755859375,52.928562709263375,DERIVED_FROM_YFINANCE_GC=F
2011-10-06,1678.0999755859375,1596.5999755859375,1595.0999755859375,52.42857142857141,DERIVED_FROM_YFINANCE_GC=F
2011-10-07,1678.0999755859375,1596.5999755859375,1595.0999755859375,50.035714285714285,DERIVED_FROM_YFINANCE_GC=F
2011-10-10,1665.0,1599.5999755859375,1598.0999755859375,50.600001743861604,DERIVED_FROM_YFINANCE_GC=F
2011-10-11,1676.800048828125,1626.199951171875,1624.699951171875,51.350001743861604,DERIVED_FROM_YFINANCE_GC=F
2011-10-12,1685.0,1626.199951171875,1624.699951171875,51.242867606026785,DERIVED_FROM_YFINANCE_GC=F
2011-10-13,1691.0,1645.5999755859375,1644.0999755859375,48.150015694754465,DERIVED_FROM_YFINANCE_GC=F
2011-10-14,1691.0,1656.199951171875,1654.699951171875,42.592886788504465,DERIVED_FROM_YFINANCE_GC=F
2011-10-17,1691.0,1656.199951171875,1654.699951171875,36.742885044642854,DERIVED_FROM_YFINANCE_GC=F
2011-10-18,1693.5,1656.199951171875,1654.699951171875,33.40716552734375,DERIVED_FROM_YFINANCE_GC=F
2011-10-19,1693.5,1627.5,1626.0,36.792881556919646,DERIVED_FROM_YFINANCE_GC=F
2011-10-20,1693.5,1627.5,1626.0,34.59287806919643,DERIVED_FROM_YFINANCE_GC=F
2011-10-21,1666.0,1608.699951171875,1607.199951171875,35.114310128348215,DERIVED_FROM_YFINANCE_GC=F
2011-10-24,1659.300048828125,1608.699951171875,1607.199951171875,34.764308384486604,DERIVED_FROM_YFINANCE_GC=F
2011-10-25,1657.800048828125,1608.699951171875,1607.199951171875,30.564313616071427,DERIVED_FROM_YFINANCE_GC=F
2011-10-26,1706.800048828125,1626.0999755859375,1624.5999755859375,32.07145472935268,DERIVED_FROM_YFINANCE_GC=F
2011-10-27,1723.5999755859375,1645.0,1643.5,32.56431361607143,DERIVED_FROM_YFINANCE_GC=F
2011-10-28,1735.5,1645.0,1643.5,31.057163783482142,DERIVED_FROM_YFINANCE_GC=F
2011-10-31,1752.0,1708.9000244140625,1707.4000244140625,29.392874581473215,DERIVED_FROM_YFINANCE_GC=F
2011-11-01,1752.0,1717.0,1715.5,29.521440778459823,DERIVED_FROM_YFINANCE_GC=F
2011-11-02,1752.0,1682.5,1681.0,30.264290945870535,DERIVED_FROM_YFINANCE_GC=F
2011-11-03,1741.9000244140625,1682.5,1681.0,30.642857142857142,DERIVED_FROM_YFINANCE_GC=F
2011-11-04,1766.0,1682.5,1681.0,32.207144601004465,DERIVED_FROM_YFINANCE_GC=F
2011-11-07,1766.0,1723.199951171875,1721.699951171875,31.0,DERIVED_FROM_YFINANCE_GC=F
2011-11-08,1797.0,1726.5999755859375,1725.0999755859375,30.549996512276785,DERIVED_FROM_YFINANCE_GC=F
2011-11-09,1798.4000244140625,1754.9000244140625,1753.4000244140625,30.171430315290177,DERIVED_FROM_YFINANCE_GC=F
2011-11-10,1798.4000244140625,1755.300048828125,1753.800048828125,29.2357177734375,DERIVED_FROM_YFINANCE_GC=F
2011-11-11,1798.4000244140625,1754.800048828125,1753.300048828125,29.278573172433035,DERIVED_FROM_YFINANCE_GC=F
2011-11-14,1793.0,1754.800048828125,1753.300048828125,29.814278738839285,DERIVED_FROM_YFINANCE_GC=F
2011-11-15,1789.0999755859375,1754.800048828125,1753.300048828125,26.007132393973215,DERIVED_FROM_YFINANCE_GC=F
2011-11-16,1789.0999755859375,1761.300048828125,1759.800048828125,25.849984305245535,DERIVED_FROM_YFINANCE_GC=F
2011-11-17,1783.0999755859375,1757.699951171875,1756.199951171875,26.29998779296875,DERIVED_FROM_YFINANCE_GC=F
2011-11-18,1783.0999755859375,1714.0,1712.5,29.214276994977677,DERIVED_FROM_YFINANCE_GC=F
2011-11-21,1777.5,1714.0,1712.5,28.342851911272323,DERIVED_FROM_YFINANCE_GC=F
2011-11-22,1755.300048828125,1674.4000244140625,1672.9000244140625,28.957135881696427,DERIVED_FROM_YFINANCE_GC=F
2011-11-23,1736.0,1674.4000244140625,1672.9000244140625,28.699986049107142,DERIVED_FROM_YFINANCE_GC=F
2011-11-25,1704.5999755859375,1674.4000244140625,1672.9000244140625,27.357125418526785,DERIVED_FROM_YFINANCE_GC=F
2011-11-28,1702.199951171875,1675.300048828125,1673.800048828125,28.149980817522323,DERIVED_FROM_YFINANCE_GC=F
2011-11-29,1710.800048828125,1675.300048828125,1673.800048828125,26.978559221540177,DERIVED_FROM_YFINANCE_GC=F
2011-11-30,1718.4000244140625,1675.300048828125,1673.800048828125,27.099984305245535,DERIVED_FROM_YFINANCE_GC=F
2011-12-01,1749.199951171875,1699.9000244140625,1698.4000244140625,28.892830984933035,DERIVED_FROM_YFINANCE_GC=F
2011-12-02,1753.300048828125,1699.9000244140625,1698.4000244140625,27.657121930803573,DERIVED_FROM_YFINANCE_GC=F
2011-12-05,1762.9000244140625,1699.9000244140625,1698.4000244140625,27.471409388950892,DERIVED_FROM_YFINANCE_GC=F
2011-12-06,1762.9000244140625,1718.699951171875,1717.199951171875,29.285696847098215,DERIVED_FROM_YFINANCE_GC=F
2011-12-07,1762.9000244140625,1703.0,1701.5,29.78570556640625,DERIVED_FROM_YFINANCE_GC=F
2011-12-08,1752.5999755859375,1703.0,1701.5,29.635707310267858,DERIVED_FROM_YFINANCE_GC=F
2011-12-09,1752.300048828125,1703.0,1701.5,28.714276994977677,DERIVED_FROM_YFINANCE_GC=F
2011-12-12,1752.300048828125,1705.4000244140625,1703.9000244140625,28.571419852120535,DERIVED_FROM_YFINANCE_GC=F
2011-12-13,1752.300048828125,1658.5,1657.0,28.857142857142858,DERIVED_FROM_YFINANCE_GC=F
2011-12-14,1720.699951171875,1628.0,1626.5,30.071437290736608,DERIVED_FROM_YFINANCE_GC=F
2011-12-15,1708.199951171875,1565.800048828125,1564.300048828125,35.321437290736604,DERIVED_FROM_YFINANCE_GC=F
2011-12-16,1671.800048828125,1565.5999755859375,1564.0999755859375,35.807163783482146,DERIVED_FROM_YFINANCE_GC=F
2011-12-19,1639.5,1565.5999755859375,1564.0999755859375,35.521449497767854,DERIVED_FROM_YFINANCE_GC=F
2011-12-20,1603.4000244140625,1565.5999755859375,1564.0999755859375,35.47145298549107,DERIVED_FROM_YFINANCE_GC=F
2011-12-21,1617.0,1586.0,1584.5,33.56431361607143,DERIVED_FROM_YFINANCE_GC=F
2011-12-22,1635.0,1589.699951171875,1588.199951171875,34.128592354910715,DERIVED_FROM_YFINANCE_GC=F
2011-12-23,1635.0,1596.4000244140625,1594.9000244140625,32.871451241629465,DERIVED_FROM_YFINANCE_GC=F
2011-12-27,1635.0,1601.9000244140625,1600.4000244140625,31.028599330357142,DERIVED_FROM_YFINANCE_GC=F
2011-12-28,1612.800048828125,1592.5999755859375,1591.0999755859375,29.835736955915177,DERIVED_FROM_YFINANCE_GC=F
2011-12-29,1612.800048828125,1561.300048828125,1559.800048828125,30.621442522321427,DERIVED_FROM_YFINANCE_GC=F
2011-12-30,1599.0,1525.0,1523.5,29.978585379464285,DERIVED_FROM_YFINANCE_GC=F
2012-01-03,1588.5999755859375,1525.0,1523.5,31.735726492745535,DERIVED_FROM_YFINANCE_GC=F
2012-01-04,1604.300048828125,1525.0,1523.5,30.607151576450892,DERIVED_FROM_YFINANCE_GC=F
2012-01-05,1618.5999755859375,1547.9000244140625,1546.4000244140625,29.200003487723215,DERIVED_FROM_YFINANCE_GC=F
2012-01-06,1624.0999755859375,1566.0,1564.5,24.357142857142858,DERIVED_FROM_YFINANCE_GC=F
2012-01-09,1627.800048828125,1594.5,1593.0,23.25,DERIVED_FROM_YFINANCE_GC=F
2012-01-10,1627.800048828125,1597.800048828125,1596.300048828125,22.628566196986608,DERIVED_FROM_YFINANCE_GC=F
2012-01-11,1638.0,1607.5,1606.0,23.828560965401785,DERIVED_FROM_YFINANCE_GC=F
2012-01-12,1645.4000244140625,1607.5,1606.0,23.242850167410715,DERIVED_FROM_YFINANCE_GC=F
2012-01-13,1656.0999755859375,1619.9000244140625,1618.4000244140625,22.542855398995535,DERIVED_FROM_YFINANCE_GC=F
2012-01-17,1656.0999755859375,1630.4000244140625,1628.9000244140625,23.035714285714285,DERIVED_FROM_YFINANCE_GC=F
2012-01-18,1657.800048828125,1630.4000244140625,1628.9000244140625,24.414280482700892,DERIVED_FROM_YFINANCE_GC=F
2012-01-19,1660.300048828125,1630.4000244140625,1628.9000244140625,24.0,DERIVED_FROM_YFINANCE_GC=F
2012-01-20,1664.4000244140625,1642.0999755859375,1640.5999755859375,22.428580147879465,DERIVED_FROM_YFINANCE_GC=F
2012-01-23,1664.4000244140625,1652.800048828125,1651.300048828125,20.542864118303573,DERIVED_FROM_YFINANCE_GC=F
2012-01-24,1680.0,1652.800048828125,1651.300048828125,18.878583635602677,DERIVED_FROM_YFINANCE_GC=F
2012-01-25,1680.0,1652.800048828125,1651.300048828125,17.114301409040177,DERIVED_FROM_YFINANCE_GC=F
2012-01-26,1706.199951171875,1664.199951171875,1662.699951171875,18.392874581473215,DERIVED_FROM_YFINANCE_GC=F
2012-01-27,1729.0,1664.199951171875,1662.699951171875,18.600019182477677,DERIVED_FROM_YFINANCE_GC=F
2012-01-30,1734.0999755859375,1672.0,1670.5,18.321437290736608,DERIVED_FROM_YFINANCE_GC=F
2012-01-31,1739.9000244140625,1715.699951171875,1714.199951171875,19.150015694754465,DERIVED_FROM_YFINANCE_GC=F
2012-02-01,1747.699951171875,1715.699951171875,1714.199951171875,18.592869349888392,DERIVED_FROM_YFINANCE_GC=F
2012-02-02,1751.0999755859375,1715.699951171875,1714.199951171875,18.785723005022323,DERIVED_FROM_YFINANCE_GC=F
2012-02-03,1761.0999755859375,1725.0,1723.5,18.878574916294642,DERIVED_FROM_YFINANCE_GC=F
2012-02-06,1761.300048828125,1724.5,1723.0,20.300005231584823,DERIVED_FROM_YFINANCE_GC=F
2012-02-07,1761.300048828125,1713.300048828125,1711.800048828125,20.128574916294642,DERIVED_FROM_YFINANCE_GC=F
2012-02-08,1761.300048828125,1713.199951171875,1711.699951171875,22.164289202008927,DERIVED_FROM_YFINANCE_GC=F
2012-02-09,1751.5,1713.199951171875,1711.699951171875,23.050005231584823,DERIVED_FROM_YFINANCE_GC=F
2012-02-10,1751.5,1713.199951171875,1711.699951171875,23.914289202008927,DERIVED_FROM_YFINANCE_GC=F
2012-02-13,1751.5,1706.4000244140625,1704.9000244140625,25.078569684709823,DERIVED_FROM_YFINANCE_GC=F
2012-02-14,1749.699951171875,1706.4000244140625,1704.9000244140625,25.135707310267858,DERIVED_FROM_YFINANCE_GC=F
2012-02-15,1734.4000244140625,1706.4000244140625,1704.9000244140625,22.842851911272323,DERIVED_FROM_YFINANCE_GC=F
2012-02-16,1737.0,1715.0,1713.5,22.2642822265625,DERIVED_FROM_YFINANCE_GC=F
2012-02-17,1737.0,1707.0,1705.5,23.2357177734375,DERIVED_FROM_YFINANCE_GC=F
2012-02-21,1737.0,1707.0,1705.5,22.671421595982142,DERIVED_FROM_YFINANCE_GC=F
2012-02-22,1760.0,1707.0,1705.5,23.585710797991073,DERIVED_FROM_YFINANCE_GC=F
2012-02-23,1781.9000244140625,1718.800048828125,1717.300048828125,24.642857142857142,DERIVED_FROM_YFINANCE_GC=F
2012-02-24,1786.0,1733.5999755859375,1732.0999755859375,24.4857177734375,DERIVED_FROM_YFINANCE_GC=F
2012-02-27,1786.0,1750.0,1748.5,22.828569684709823,DERIVED_FROM_YFINANCE_GC=F
2012-02-28,1786.0,1768.0999755859375,1766.5999755859375,21.578569684709823,DERIVED_FROM_YFINANCE_GC=F
2012-02-29,1789.4000244140625,1767.9000244140625,1766.4000244140625,20.628566196986608,DERIVED_FROM_YFINANCE_GC=F
2012-03-01,1790.4000244140625,1669.0,1667.5,27.635707310267858,DERIVED_FROM_YFINANCE_GC=F
2012-03-02,1790.4000244140625,1669.0,1667.5,27.807137625558035,DERIVED_FROM_YFINANCE_GC=F
2012-03-05,1790.4000244140625,1669.0,1667.5,26.75,DERIVED_FROM_YFINANCE_GC=F
2012-03-06,1724.5999755859375,1695.4000244140625,1693.9000244140625,26.714285714285715,DERIVED_FROM_YFINANCE_GC=F
2012-03-07,1723.0,1666.0,1664.5,29.057137625558035,DERIVED_FROM_YFINANCE_GC=F
2012-03-08,1709.5,1666.0,1664.5,28.449994768415177,DERIVED_FROM_YFINANCE_GC=F
2012-03-09,1708.699951171875,1666.0,1664.5,28.28570556640625,DERIVED_FROM_YFINANCE_GC=F
2012-03-12,1710.9000244140625,1673.0999755859375,1671.5999755859375,29.278573172433035,DERIVED_FROM_YFINANCE_GC=F
2012-03-13,1710.9000244140625,1680.699951171875,1679.199951171875,27.885716029575892,DERIVED_FROM_YFINANCE_GC=F
2012-03-14,1710.9000244140625,1680.699951171875,1679.199951171875,26.614283970424108,DERIVED_FROM_YFINANCE_GC=F
2012-03-15,1708.0999755859375,1637.4000244140625,1635.9000244140625,29.492850167410715,DERIVED_FROM_YFINANCE_GC=F
2012-03-16,1698.4000244140625,1637.4000244140625,1635.9000244140625,29.964276994977677,DERIVED_FROM_YFINANCE_GC=F
2012-03-19,1681.0,1637.4000244140625,1635.9000244140625,30.864275251116073,DERIVED_FROM_YFINANCE_GC=F
2012-03-20,1668.0,1640.0,1638.5,30.464276994977677,DERIVED_FROM_YFINANCE_GC=F
2012-03-21,1668.0,1641.300048828125,1639.800048828125,23.571419852120535,DERIVED_FROM_YFINANCE_GC=F
2012-03-22,1668.0,1642.0,1640.5,22.707135881696427,DERIVED_FROM_YFINANCE_GC=F
2012-03-23,1660.0,1633.800048828125,1632.300048828125,22.592843191964285,DERIVED_FROM_YFINANCE_GC=F
2012-03-26,1665.0999755859375,1633.800048828125,1632.300048828125,23.214268275669642,DERIVED_FROM_YFINANCE_GC=F
2012-03-27,1692.9000244140625,1633.800048828125,1632.300048828125,22.671412876674108,DERIVED_FROM_YFINANCE_GC=F
2012-03-28,1692.9000244140625,1646.300048828125,1644.800048828125,22.228559221540177,DERIVED_FROM_YFINANCE_GC=F
2012-03-29,1692.9000244140625,1657.800048828125,1656.300048828125,22.78570556640625,DERIVED_FROM_YFINANCE_GC=F
2012-03-30,1690.800048828125,1644.300048828125,1642.800048828125,22.0714111328125,DERIVED_FROM_YFINANCE_GC=F
2012-04-02,1670.0999755859375,1644.300048828125,1642.800048828125,22.199986049107142,DERIVED_FROM_YFINANCE_GC=F
2012-04-03,1682.800048828125,1644.300048828125,1642.800048828125,22.678562709263392,DERIVED_FROM_YFINANCE_GC=F
2012-04-04,1682.800048828125,1638.699951171875,1637.199951171875,21.571428571428573,DERIVED_FROM_YFINANCE_GC=F
2012-04-05,1682.800048828125,1612.300048828125,1610.800048828125,24.25,DERIVED_FROM_YFINANCE_GC=F
2012-04-09,1679.5,1612.300048828125,1610.800048828125,24.307137625558035,DERIVED_FROM_YFINANCE_GC=F
2012-04-10,1647.0,1612.300048828125,1610.800048828125,24.449994768415177,DERIVED_FROM_YFINANCE_GC=F
2012-04-11,1661.699951171875,1620.4000244140625,1618.9000244140625,24.492850167410715,DERIVED_FROM_YFINANCE_GC=F
2012-04-12,1661.699951171875,1636.199951171875,1634.699951171875,23.857134137834823,DERIVED_FROM_YFINANCE_GC=F
2012-04-13,1680.0999755859375,1636.199951171875,1634.699951171875,24.849993024553573,DERIVED_FROM_YFINANCE_GC=F
2012-04-16,1680.0999755859375,1650.0,1648.5,25.328569684709823,DERIVED_FROM_YFINANCE_GC=F
2012-04-17,1680.0999755859375,1641.199951171875,1639.699951171875,24.100001743861608,DERIVED_FROM_YFINANCE_GC=F
2012-04-18,1674.800048828125,1637.0,1635.5,24.778573172433035,DERIVED_FROM_YFINANCE_GC=F
2012-04-19,1656.800048828125,1637.0,1635.5,23.942862374441965,DERIVED_FROM_YFINANCE_GC=F
2012-04-20,1653.300048828125,1632.0,1630.5,24.007149832589285,DERIVED_FROM_YFINANCE_GC=F
2012-04-23,1653.300048828125,1632.0,1630.5,23.092860630580358,DERIVED_FROM_YFINANCE_GC=F
2012-04-24,1653.0999755859375,1625.0999755859375,1623.5999755859375,22.842860630580358,DERIVED_FROM_YFINANCE_GC=F
2012-04-25,1648.5999755859375,1625.0999755859375,1623.5999755859375,21.121425083705358,DERIVED_FROM_YFINANCE_GC=F
2012-04-26,1648.5999755859375,1625.0999755859375,1623.5999755859375,18.207144601004465,DERIVED_FROM_YFINANCE_GC=F
2012-04-27,1659.5999755859375,1626.9000244140625,1625.4000244140625,18.014290945870535,DERIVED_FROM_YFINANCE_GC=F
2012-04-30,1666.9000244140625,1626.9000244140625,1625.4000244140625,17.657148088727677,DERIVED_FROM_YFINANCE_GC=F
2012-05-01,1666.9000244140625,1653.0,1651.5,16.74285888671875,DERIVED_FROM_YFINANCE_GC=F
2012-05-02,1670.5,1653.0,1651.5,17.014290945870535,DERIVED_FROM_YFINANCE_GC=F
2012-05-03,1670.5,1648.300048828125,1646.800048828125,15.821428571428571,DERIVED_FROM_YFINANCE_GC=F
2012-05-04,1670.5,1631.300048828125,1629.800048828125,15.292855398995536,DERIVED_FROM_YFINANCE_GC=F
2012-05-07,1659.199951171875,1629.4000244140625,1627.9000244140625,15.171421595982142,DERIVED_FROM_YFINANCE_GC=F
2012-05-08,1652.199951171875,1629.4000244140625,1627.9000244140625,14.899989536830358,DERIVED_FROM_YFINANCE_GC=F
2012-05-09,1645.5999755859375,1596.0,1594.5,16.857125418526785,DERIVED_FROM_YFINANCE_GC=F
2012-05-10,1640.0,1586.300048828125,1584.800048828125,16.614266531808035,DERIVED_FROM_YFINANCE_GC=F
2012-05-11,1636.699951171875,1586.300048828125,1584.800048828125,16.449977329799108,DERIVED_FROM_YFINANCE_GC=F
2012-05-14,1595.300048828125,1583.5999755859375,1582.0999755859375,16.035688127790177,DERIVED_FROM_YFINANCE_GC=F
2012-05-15,1595.0999755859375,1555.5,1554.0,16.8499755859375,DERIVED_FROM_YFINANCE_GC=F
2012-05-16,1589.5999755859375,1542.4000244140625,1540.9000244140625,16.942827497209823,DERIVED_FROM_YFINANCE_GC=F
2012-05-17,1563.0999755859375,1528.5,1527.0,17.664263044084823,DERIVED_FROM_YFINANCE_GC=F
2012-05-18,1579.0,1528.5,1527.0,19.799979073660715,DERIVED_FROM_YFINANCE_GC=F
2012-05-21,1591.5999755859375,1528.5,1527.0,20.56427001953125,DERIVED_FROM_YFINANCE_GC=F
2012-05-22,1594.0999755859375,1546.9000244140625,1545.4000244140625,20.34283447265625,DERIVED_FROM_YFINANCE_GC=F
2012-05-23,1594.0999755859375,1568.199951171875,1566.699951171875,20.81427001953125,DERIVED_FROM_YFINANCE_GC=F
2012-05-24,1594.0999755859375,1534.4000244140625,1532.9000244140625,22.228559221540177,DERIVED_FROM_YFINANCE_GC=F
2012-05-25,1578.0999755859375,1534.4000244140625,1532.9000244140625,22.592851911272323,DERIVED_FROM_YFINANCE_GC=F
2012-05-29,1569.4000244140625,1534.4000244140625,1532.9000244140625,22.549996512276785,DERIVED_FROM_YFINANCE_GC=F
2012-05-30,1582.5,1548.5999755859375,1547.0999755859375,21.928571428571427,DERIVED_FROM_YFINANCE_GC=F
2012-05-31,1582.5,1530.4000244140625,1528.9000244140625,23.421430315290177,DERIVED_FROM_YFINANCE_GC=F
2012-06-01,1582.5,1530.4000244140625,1528.9000244140625,24.714285714285715,DERIVED_FROM_YFINANCE_GC=F
2012-06-04,1630.0,1530.4000244140625,1528.9000244140625,29.928571428571427,DERIVED_FROM_YFINANCE_GC=F
2012-06-05,1630.0,1545.5,1544.0,29.271432059151785,DERIVED_FROM_YFINANCE_GC=F
2012-06-06,1630.0,1545.5,1544.0,28.721435546875,DERIVED_FROM_YFINANCE_GC=F
2012-06-07,1639.699951171875,1609.0,1607.5,28.450003487723215,DERIVED_FROM_YFINANCE_GC=F
2012-06-08,1639.699951171875,1581.9000244140625,1580.4000244140625,29.028573172433035,DERIVED_FROM_YFINANCE_GC=F
2012-06-11,1639.699951171875,1566.5,1565.0,29.314287458147323,DERIVED_FROM_YFINANCE_GC=F
2012-06-12,1627.199951171875,1566.5,1565.0,30.692862374441965,DERIVED_FROM_YFINANCE_GC=F
2012-06-13,1612.800048828125,1566.5,1565.0,31.000008719308035,DERIVED_FROM_YFINANCE_GC=F
2012-06-14,1622.4000244140625,1583.0,1581.5,29.021440778459823,DERIVED_FROM_YFINANCE_GC=F
2012-06-15,1626.4000244140625,1588.5,1587.0,28.664297921316965,DERIVED_FROM_YFINANCE_GC=F
2012-06-18,1630.0,1608.199951171875,1606.699951171875,28.671439034598215,DERIVED_FROM_YFINANCE_GC=F
2012-06-19,1630.0,1610.0999755859375,1608.5999755859375,27.150006975446427,DERIVED_FROM_YFINANCE_GC=F
2012-06-20,1630.699951171875,1615.0,1613.5,25.014290945870535,DERIVED_FROM_YFINANCE_GC=F
2012-06-21,1630.699951171875,1601.300048828125,1599.800048828125,25.021432059151785,DERIVED_FROM_YFINANCE_GC=F
2012-06-22,1630.699951171875,1564.5,1563.0,22.578578404017858,DERIVED_FROM_YFINANCE_GC=F
2012-06-25,1618.300048828125,1560.0,1558.5,21.828578404017858,DERIVED_FROM_YFINANCE_GC=F
2012-06-26,1603.300048828125,1560.0,1558.5,22.614292689732142,DERIVED_FROM_YFINANCE_GC=F
2012-06-27,1587.5,1560.0,1558.5,22.278581891741073,DERIVED_FROM_YFINANCE_GC=F
2012-06-28,1587.5,1563.0,1561.5,19.678580147879465,DERIVED_FROM_YFINANCE_GC=F
2012-06-29,1583.5,1548.4000244140625,1546.9000244140625,19.800005231584823,DERIVED_FROM_YFINANCE_GC=F
2012-07-02,1603.5,1548.4000244140625,1546.9000244140625,21.857151576450892,DERIVED_FROM_YFINANCE_GC=F
2012-07-03,1603.5,1548.4000244140625,1546.9000244140625,21.107151576450892,DERIVED_FROM_YFINANCE_GC=F
2012-07-05,1624.0,1561.9000244140625,1560.4000244140625,22.007149832589285,DERIVED_FROM_YFINANCE_GC=F
2012-07-06,1624.0,1589.699951171875,1588.199951171875,22.507149832589285,DERIVED_FROM_YFINANCE_GC=F
2012-07-09,1624.0,1578.4000244140625,1576.9000244140625,23.857151576450892,DERIVED_FROM_YFINANCE_GC=F
2012-07-10,1619.199951171875,1578.4000244140625,1576.9000244140625,23.685721261160715,DERIVED_FROM_YFINANCE_GC=F
2012-07-11,1599.800048828125,1567.5999755859375,1566.0999755859375,25.364301409040177,DERIVED_FROM_YFINANCE_GC=F
2012-07-12,1599.800048828125,1567.5999755859375,1566.0999755859375,24.178597586495535,DERIVED_FROM_YFINANCE_GC=F
2012-07-13,1599.800048828125,1557.199951171875,1555.699951171875,21.871451241629465,DERIVED_FROM_YFINANCE_GC=F
2012-07-16,1594.0999755859375,1557.199951171875,1555.699951171875,23.357160295758927,DERIVED_FROM_YFINANCE_GC=F
2012-07-17,1594.0999755859375,1557.199951171875,1555.699951171875,22.235726492745535,DERIVED_FROM_YFINANCE_GC=F
2012-07-18,1596.0,1567.800048828125,1566.300048828125,22.22857666015625,DERIVED_FROM_YFINANCE_GC=F
2012-07-19,1596.0,1569.9000244140625,1568.4000244140625,22.564287458147323,DERIVED_FROM_YFINANCE_GC=F
2012-07-20,1596.0,1569.9000244140625,1568.4000244140625,21.664289202008927,DERIVED_FROM_YFINANCE_GC=F
2012-07-23,1586.9000244140625,1569.9000244140625,1568.4000244140625,18.414289202008927,DERIVED_FROM_YFINANCE_GC=F
2012-07-24,1586.9000244140625,1569.800048828125,1568.300048828125,18.335710797991073,DERIVED_FROM_YFINANCE_GC=F
2012-07-25,1584.4000244140625,1569.800048828125,1568.300048828125,16.985709054129465,DERIVED_FROM_YFINANCE_GC=F
2012-07-26,1608.0,1569.800048828125,1568.300048828125,17.607134137834823,DERIVED_FROM_YFINANCE_GC=F
2012-07-27,1615.0,1574.0,1572.5,15.928562709263392,DERIVED_FROM_YFINANCE_GC=F
2012-07-30,1617.9000244140625,1583.300048828125,1581.800048828125,15.52142333984375,DERIVED_FROM_YFINANCE_GC=F
2012-07-31,1625.800048828125,1613.0999755859375,1611.5999755859375,14.128566196986608,DERIVED_FROM_YFINANCE_GC=F
2012-08-01,1627.5,1610.0,1608.5,15.071419852120536,DERIVED_FROM_YFINANCE_GC=F
2012-08-02,1627.5,1592.0,1590.5,15.585702078683036,DERIVED_FROM_YFINANCE_GC=F
2012-08-03,1627.5,1583.0999755859375,1581.5999755859375,15.778564453125,DERIVED_FROM_YFINANCE_GC=F
2012-08-06,1617.199951171875,1583.0999755859375,1581.5999755859375,16.857142857142858,DERIVED_FROM_YFINANCE_GC=F
2012-08-07,1615.0,1583.0999755859375,1581.5999755859375,16.22857666015625,DERIVED_FROM_YFINANCE_GC=F
2012-08-08,1615.699951171875,1585.0999755859375,1583.5999755859375,15.314287458147321,DERIVED_FROM_YFINANCE_GC=F
2012-08-09,1615.699951171875,1603.0,1601.5,14.97857666015625,DERIVED_FROM_YFINANCE_GC=F
2012-08-10,1617.199951171875,1603.0,1601.5,14.892857142857142,DERIVED_FROM_YFINANCE_GC=F
2012-08-13,1624.0999755859375,1603.0,1601.5,15.350001743861608,DERIVED_FROM_YFINANCE_GC=F
2012-08-14,1624.0999755859375,1605.0,1603.5,15.957135881696429,DERIVED_FROM_YFINANCE_GC=F
2012-08-15,1624.0999755859375,1591.199951171875,1589.699951171875,15.414280482700892,DERIVED_FROM_YFINANCE_GC=F
2012-08-16,1623.699951171875,1591.199951171875,1589.699951171875,15.814278738839286,DERIVED_FROM_YFINANCE_GC=F
2012-08-17,1616.0999755859375,1591.199951171875,1589.699951171875,16.628566196986608,DERIVED_FROM_YFINANCE_GC=F
2012-08-20,1617.800048828125,1592.0,1590.5,16.178562709263392,DERIVED_FROM_YFINANCE_GC=F
2012-08-21,1621.4000244140625,1600.199951171875,1598.699951171875,15.628566196986608,DERIVED_FROM_YFINANCE_GC=F
2012-08-22,1639.9000244140625,1611.4000244140625,1609.9000244140625,15.25,DERIVED_FROM_YFINANCE_GC=F
2012-08-23,1653.0999755859375,1611.5999755859375,1610.0999755859375,14.2642822265625,DERIVED_FROM_YFINANCE_GC=F
2012-08-24,1672.699951171875,1620.0,1618.5,15.2928466796875,DERIVED_FROM_YFINANCE_GC=F
2012-08-27,1672.699951171875,1635.0,1633.5,15.057137625558036,DERIVED_FROM_YFINANCE_GC=F
2012-08-28,1674.9000244140625,1658.0,1656.5,15.385716029575892,DERIVED_FROM_YFINANCE_GC=F
2012-08-29,1674.9000244140625,1659.199951171875,1657.699951171875,15.4857177734375,DERIVED_FROM_YFINANCE_GC=F
2012-08-30,1674.9000244140625,1659.199951171875,1657.699951171875,15.514290945870536,DERIVED_FROM_YFINANCE_GC=F
2012-08-31,1671.0,1650.699951171875,1649.199951171875,14.9571533203125,DERIVED_FROM_YFINANCE_GC=F
2012-09-04,1690.0,1646.199951171875,1644.699951171875,16.914306640625,DERIVED_FROM_YFINANCE_GC=F
2012-09-05,1698.0,1646.199951171875,1644.699951171875,16.128592354910715,DERIVED_FROM_YFINANCE_GC=F
2012-09-06,1698.0,1646.199951171875,1644.699951171875,15.435738699776786,DERIVED_FROM_YFINANCE_GC=F
2012-09-07,1712.4000244140625,1687.699951171875,1686.199951171875,15.842878069196429,DERIVED_FROM_YFINANCE_GC=F
2012-09-10,1738.199951171875,1690.4000244140625,1688.9000244140625,18.350019182477677,DERIVED_FROM_YFINANCE_GC=F
2012-09-11,1738.199951171875,1696.4000244140625,1694.9000244140625,18.385733468191965,DERIVED_FROM_YFINANCE_GC=F
2012-09-12,1738.199951171875,1696.699951171875,1695.199951171875,17.485735212053573,DERIVED_FROM_YFINANCE_GC=F
2012-09-13,1742.300048828125,1727.199951171875,1725.699951171875,17.035740443638392,DERIVED_FROM_YFINANCE_GC=F
2012-09-14,1769.0999755859375,1728.699951171875,1727.199951171875,17.400033133370535,DERIVED_FROM_YFINANCE_GC=F
2012-09-17,1774.5,1728.699951171875,1727.199951171875,17.464311872209823,DERIVED_FROM_YFINANCE_GC=F
2012-09-18,1774.800048828125,1728.699951171875,1727.199951171875,18.178597586495535,DERIVED_FROM_YFINANCE_GC=F
2012-09-19,1774.800048828125,1753.800048828125,1752.300048828125,17.385733468191965,DERIVED_FROM_YFINANCE_GC=F
2012-09-20,1778.5,1753.800048828125,1752.300048828125,17.600019182477677,DERIVED_FROM_YFINANCE_GC=F
2012-09-21,1778.5,1760.5999755859375,1759.0999755859375,17.557163783482142,DERIVED_FROM_YFINANCE_GC=F
2012-09-24,1785.300048828125,1760.5999755859375,1759.0999755859375,15.685738699776786,DERIVED_FROM_YFINANCE_GC=F
2012-09-25,1785.300048828125,1760.5999755859375,1759.0999755859375,15.685738699776786,DERIVED_FROM_YFINANCE_GC=F
2012-09-26,1785.300048828125,1762.0999755859375,1760.5999755859375,16.235735212053573,DERIVED_FROM_YFINANCE_GC=F
2012-09-27,1772.699951171875,1743.0,1741.5,16.207162039620535,DERIVED_FROM_YFINANCE_GC=F
2012-09-28,1780.199951171875,1743.0,1741.5,15.357160295758929,DERIVED_FROM_YFINANCE_GC=F
2012-10-01,1782.199951171875,1743.0,1741.5,15.671439034598214,DERIVED_FROM_YFINANCE_GC=F
2012-10-02,1791.0,1750.699951171875,1749.199951171875,17.128574916294642,DERIVED_FROM_YFINANCE_GC=F
2012-10-03,1791.0,1763.300048828125,1761.800048828125,16.842860630580358,DERIVED_FROM_YFINANCE_GC=F
2012-10-04,1791.0,1763.300048828125,1761.800048828125,14.528573172433036,DERIVED_FROM_YFINANCE_GC=F
2012-10-05,1794.800048828125,1771.9000244140625,1770.4000244140625,15.171430315290179,DERIVED_FROM_YFINANCE_GC=F
2012-10-08,1794.800048828125,1771.9000244140625,1770.4000244140625,14.921430315290179,DERIVED_FROM_YFINANCE_GC=F
2012-10-09,1794.800048828125,1766.800048828125,1765.300048828125,15.614283970424108,DERIVED_FROM_YFINANCE_GC=F
2012-10-10,1792.199951171875,1762.300048828125,1760.800048828125,15.892848423549108,DERIVED_FROM_YFINANCE_GC=F
2012-10-11,1778.0,1758.0999755859375,1756.5999755859375,15.56427001953125,DERIVED_FROM_YFINANCE_GC=F
2012-10-12,1776.699951171875,1758.0999755859375,1756.5999755859375,14.978550502232142,DERIVED_FROM_YFINANCE_GC=F
2012-10-15,1771.0,1753.5999755859375,1752.0999755859375,15.157121930803571,DERIVED_FROM_YFINANCE_GC=F
2012-10-16,1771.0,1729.9000244140625,1728.4000244140625,16.407121930803573,DERIVED_FROM_YFINANCE_GC=F
2012-10-17,1769.5,1729.9000244140625,1728.4000244140625,15.514264787946429,DERIVED_FROM_YFINANCE_GC=F
2012-10-18,1751.5,1729.9000244140625,1728.4000244140625,13.885698590959821,DERIVED_FROM_YFINANCE_GC=F
2012-10-19,1751.5,1736.5999755859375,1735.0999755859375,13.621416364397321,DERIVED_FROM_YFINANCE_GC=F
2012-10-22,1751.5,1721.0,1719.5,13.235709054129464,DERIVED_FROM_YFINANCE_GC=F
2012-10-23,1749.0999755859375,1715.0,1713.5,13.628566196986608,DERIVED_FROM_YFINANCE_GC=F
2012-10-24,1741.0999755859375,1708.300048828125,1706.800048828125,14.364275251116071,DERIVED_FROM_YFINANCE_GC=F
2012-10-25,1728.300048828125,1698.5999755859375,1697.0999755859375,13.821419852120536,DERIVED_FROM_YFINANCE_GC=F
2012-10-26,1726.5999755859375,1698.5999755859375,1697.0999755859375,13.728559221540179,DERIVED_FROM_YFINANCE_GC=F
2012-10-31,1716.699951171875,1698.5999755859375,1697.0999755859375,13.607134137834821,DERIVED_FROM_YFINANCE_GC=F
2012-11-01,1724.5,1706.0999755859375,1704.5999755859375,13.549996512276786,DERIVED_FROM_YFINANCE_GC=F
2012-11-02,1725.0999755859375,1706.0999755859375,1704.5999755859375,13.899998256138392,DERIVED_FROM_YFINANCE_GC=F
2012-11-05,1725.0999755859375,1674.0999755859375,1672.5999755859375,16.085710797991073,DERIVED_FROM_YFINANCE_GC=F
2012-11-06,1725.0999755859375,1674.0999755859375,1672.5999755859375,15.592851911272321,DERIVED_FROM_YFINANCE_GC=F
2012-11-07,1718.0,1674.0999755859375,1672.5999755859375,16.142857142857142,DERIVED_FROM_YFINANCE_GC=F
2012-11-08,1726.5,1674.300048828125,1672.800048828125,17.150006975446427,DERIVED_FROM_YFINANCE_GC=F
2012-11-09,1726.5,1690.0999755859375,1688.5999755859375,17.535723005022323,DERIVED_FROM_YFINANCE_GC=F
2012-11-12,1734.0999755859375,1703.699951171875,1702.199951171875,17.371433803013392,DERIVED_FROM_YFINANCE_GC=F
2012-11-13,1734.0999755859375,1714.199951171875,1712.699951171875,16.0,DERIVED_FROM_YFINANCE_GC=F
2012-11-14,1734.0999755859375,1718.5,1717.0,15.892857142857142,DERIVED_FROM_YFINANCE_GC=F
2012-11-15,1733.4000244140625,1718.5,1717.0,15.121433803013392,DERIVED_FROM_YFINANCE_GC=F
2012-11-16,1729.5,1706.300048828125,1704.800048828125,16.071428571428573,DERIVED_FROM_YFINANCE_GC=F
2012-11-19,1729.5,1706.300048828125,1704.800048828125,15.442862374441964,DERIVED_FROM_YFINANCE_GC=F
2012-11-20,1734.0,1706.300048828125,1704.800048828125,16.128574916294642,DERIVED_FROM_YFINANCE_GC=F
2012-11-21,1734.0,1706.9000244140625,1705.4000244140625,15.97857666015625,DERIVED_FROM_YFINANCE_GC=F
2012-11-23,1734.0,1721.800048828125,1720.300048828125,15.528581891741071,DERIVED_FROM_YFINANCE_GC=F
2012-11-26,1751.300048828125,1722.5,1721.0,14.342869349888392,DERIVED_FROM_YFINANCE_GC=F
2012-11-27,1751.300048828125,1725.800048828125,1724.300048828125,13.835728236607142,DERIVED_FROM_YFINANCE_GC=F
2012-11-28,1751.300048828125,1735.0,1733.5,11.800013950892858,DERIVED_FROM_YFINANCE_GC=F
2012-11-29,1750.5,1716.5,1715.0,12.007149832589286,DERIVED_FROM_YFINANCE_GC=F
2012-11-30,1746.4000244140625,1716.5,1715.0,12.028573172433036,DERIVED_FROM_YFINANCE_GC=F
2012-12-03,1739.800048828125,1708.4000244140625,1706.9000244140625,13.035714285714286,DERIVED_FROM_YFINANCE_GC=F
2012-12-04,1731.199951171875,1708.4000244140625,1706.9000244140625,13.600001743861608,DERIVED_FROM_YFINANCE_GC=F
2012-12-05,1731.199951171875,1691.5999755859375,1690.0999755859375,14.75714111328125,DERIVED_FROM_YFINANCE_GC=F
2012-12-06,1721.9000244140625,1685.0,1683.5,15.721426827566964,DERIVED_FROM_YFINANCE_GC=F
2012-12-07,1716.800048828125,1685.0,1683.5,15.185712541852679,DERIVED_FROM_YFINANCE_GC=F
2012-12-10,1706.0,1684.0,1682.5,16.121425083705358,DERIVED_FROM_YFINANCE_GC=F
2012-12-11,1717.0,1684.0,1682.5,15.642857142857142,DERIVED_FROM_YFINANCE_GC=F
2012-12-12,1717.0,1684.0,1682.5,15.407139369419642,DERIVED_FROM_YFINANCE_GC=F
2012-12-13,1722.300048828125,1704.199951171875,1702.699951171875,16.092851911272323,DERIVED_FROM_YFINANCE_GC=F
2012-12-14,1722.300048828125,1689.9000244140625,1688.4000244140625,16.328560965401785,DERIVED_FROM_YFINANCE_GC=F
2012-12-17,1722.300048828125,1689.9000244140625,1688.4000244140625,16.535696847098215,DERIVED_FROM_YFINANCE_GC=F
2012-12-18,1707.199951171875,1689.5,1688.0,16.657121930803573,DERIVED_FROM_YFINANCE_GC=F
2012-12-19,1702.800048828125,1661.0,1659.5,17.80712890625,DERIVED_FROM_YFINANCE_GC=F
2012-12-20,1702.800048828125,1661.0,1659.5,17.728559221540177,DERIVED_FROM_YFINANCE_GC=F
2012-12-21,1702.800048828125,1637.5999755859375,1636.0999755859375,18.485709054129465,DERIVED_FROM_YFINANCE_GC=F
2012-12-24,1676.0,1635.800048828125,1634.300048828125,19.364275251116073,DERIVED_FROM_YFINANCE_GC=F
2012-12-26,1671.0,1635.800048828125,1634.300048828125,17.999991280691965,DERIVED_FROM_YFINANCE_GC=F
2012-12-27,1666.699951171875,1635.800048828125,1634.300048828125,17.371416364397323,DERIVED_FROM_YFINANCE_GC=F
2012-12-28,1666.699951171875,1654.5,1653.0,16.707135881696427,DERIVED_FROM_YFINANCE_GC=F
2012-12-31,1666.699951171875,1653.699951171875,1652.199951171875,15.978567940848214,DERIVED_FROM_YFINANCE_GC=F
2013-01-02,1677.0999755859375,1653.699951171875,1652.199951171875,16.635707310267858,DERIVED_FROM_YFINANCE_GC=F
2013-01-03,1693.800048828125,1653.699951171875,1652.199951171875,17.75,DERIVED_FROM_YFINANCE_GC=F
2013-01-04,1693.800048828125,1655.4000244140625,1653.9000244140625,18.578569684709823,DERIVED_FROM_YFINANCE_GC=F
2013-01-07,1693.800048828125,1625.699951171875,1624.199951171875,20.100001743861608,DERIVED_FROM_YFINANCE_GC=F
2013-01-08,1686.800048828125,1625.699951171875,1624.199951171875,20.907148088727677,DERIVED_FROM_YFINANCE_GC=F
2013-01-09,1661.5,1625.699951171875,1624.199951171875,21.407148088727677,DERIVED_FROM_YFINANCE_GC=F
2013-01-10,1662.0999755859375,1643.800048828125,1642.300048828125,19.149998256138392,DERIVED_FROM_YFINANCE_GC=F
2013-01-11,1677.300048828125,1647.699951171875,1646.199951171875,19.942853655133927,DERIVED_FROM_YFINANCE_GC=F
2013-01-14,1677.300048828125,1651.9000244140625,1650.4000244140625,19.207144601004465,DERIVED_FROM_YFINANCE_GC=F
2013-01-15,1677.300048828125,1654.199951171875,1652.699951171875,18.528581891741073,DERIVED_FROM_YFINANCE_GC=F
2013-01-16,1684.300048828125,1654.199951171875,1652.699951171875,18.992867606026785,DERIVED_FROM_YFINANCE_GC=F
2013-01-17,1684.300048828125,1664.0999755859375,1662.5999755859375,18.764299665178573,DERIVED_FROM_YFINANCE_GC=F
2013-01-18,1694.5999755859375,1671.0,1669.5,19.992867606026785,DERIVED_FROM_YFINANCE_GC=F
2013-01-22,1694.5999755859375,1671.0,1669.5,19.642865862165177,DERIVED_FROM_YFINANCE_GC=F
2013-01-23,1694.699951171875,1671.0,1669.5,18.635724748883927,DERIVED_FROM_YFINANCE_GC=F
2013-01-24,1694.699951171875,1685.199951171875,1683.699951171875,17.542864118303573,DERIVED_FROM_YFINANCE_GC=F
2013-01-25,1694.699951171875,1668.0,1666.5,17.000008719308035,DERIVED_FROM_YFINANCE_GC=F
2013-01-28,1693.699951171875,1656.4000244140625,1654.9000244140625,14.507149832589286,DERIVED_FROM_YFINANCE_GC=F
2013-01-29,1681.699951171875,1651.5999755859375,1650.0999755859375,13.70001220703125,DERIVED_FROM_YFINANCE_GC=F
2013-01-30,1663.0,1651.5999755859375,1650.0999755859375,13.2071533203125,DERIVED_FROM_YFINANCE_GC=F
2013-01-31,1683.0,1651.5999755859375,1650.0999755859375,14.071446010044642,DERIVED_FROM_YFINANCE_GC=F
2013-02-01,1683.0,1657.4000244140625,1655.9000244140625,14.078587123325892,DERIVED_FROM_YFINANCE_GC=F
2013-02-04,1683.0,1657.4000244140625,1655.9000244140625,13.950003487723214,DERIVED_FROM_YFINANCE_GC=F
2013-02-05,1681.199951171875,1657.4000244140625,1655.9000244140625,14.028573172433036,DERIVED_FROM_YFINANCE_GC=F
2013-02-06,1683.4000244140625,1659.9000244140625,1658.4000244140625,14.135716029575892,DERIVED_FROM_YFINANCE_GC=F
2013-02-07,1683.4000244140625,1661.5999755859375,1660.0999755859375,14.24285888671875,DERIVED_FROM_YFINANCE_GC=F
2013-02-08,1683.4000244140625,1663.0999755859375,1661.5999755859375,13.914289202008929,DERIVED_FROM_YFINANCE_GC=F
2013-02-11,1682.0999755859375,1663.0999755859375,1661.5999755859375,14.078569684709821,DERIVED_FROM_YFINANCE_GC=F
2013-02-12,1682.0999755859375,1643.699951171875,1642.199951171875,15.2357177734375,DERIVED_FROM_YFINANCE_GC=F
2013-02-13,1672.5,1642.4000244140625,1640.9000244140625,15.200003487723214,DERIVED_FROM_YFINANCE_GC=F
2013-02-14,1668.0,1640.199951171875,1638.699951171875,14.757149832589286,DERIVED_FROM_YFINANCE_GC=F
2013-02-15,1652.300048828125,1632.699951171875,1631.199951171875,14.835728236607142,DERIVED_FROM_YFINANCE_GC=F
2013-02-19,1652.300048828125,1599.5,1598.0,17.007149832589285,DERIVED_FROM_YFINANCE_GC=F
2013-02-20,1646.9000244140625,1599.5,1598.0,17.592869349888392,DERIVED_FROM_YFINANCE_GC=F
2013-02-21,1633.9000244140625,1561.800048828125,1560.300048828125,19.221435546875,DERIVED_FROM_YFINANCE_GC=F
2013-02-22,1617.0,1555.199951171875,1553.699951171875,19.46429443359375,DERIVED_FROM_YFINANCE_GC=F
2013-02-25,1606.9000244140625,1555.199951171875,1553.699951171875,18.871442522321427,DERIVED_FROM_YFINANCE_GC=F
2013-02-26,1596.0,1555.199951171875,1553.699951171875,19.492867606026785,DERIVED_FROM_YFINANCE_GC=F
2013-02-27,1615.199951171875,1572.4000244140625,1570.9000244140625,20.357151576450892,DERIVED_FROM_YFINANCE_GC=F
2013-02-28,1615.199951171875,1577.699951171875,1576.199951171875,21.278573172433035,DERIVED_FROM_YFINANCE_GC=F
2013-03-01,1615.199951171875,1575.0999755859375,1573.5999755859375,21.814287458147323,DERIVED_FROM_YFINANCE_GC=F
2013-03-04,1612.800048828125,1566.0,1564.5,22.664289202008927,DERIVED_FROM_YFINANCE_GC=F
2013-03-05,1601.5999755859375,1566.0,1564.5,21.721435546875,DERIVED_FROM_YFINANCE_GC=F
2013-03-06,1585.5999755859375,1566.0,1564.5,22.157148088727677,DERIVED_FROM_YFINANCE_GC=F
2013-03-07,1585.5,1566.800048828125,1565.300048828125,22.421421595982142,DERIVED_FROM_YFINANCE_GC=F
2013-03-08,1585.5,1566.800048828125,1565.300048828125,22.092843191964285,DERIVED_FROM_YFINANCE_GC=F
2013-03-11,1583.5,1561.800048828125,1560.300048828125,20.964268275669642,DERIVED_FROM_YFINANCE_GC=F
2013-03-12,1583.5,1561.800048828125,1560.300048828125,19.992832728794642,DERIVED_FROM_YFINANCE_GC=F
2013-03-13,1595.5999755859375,1561.800048828125,1560.300048828125,18.042829241071427,DERIVED_FROM_YFINANCE_GC=F
2013-03-14,1596.0,1576.0,1574.5,16.971400669642858,DERIVED_FROM_YFINANCE_GC=F
2013-03-15,1596.0,1575.699951171875,1574.199951171875,17.10711669921875,DERIVED_FROM_YFINANCE_GC=F
2013-03-18,1596.0,1575.699951171875,1574.199951171875,15.721409388950892,DERIVED_FROM_YFINANCE_GC=F
2013-03-19,1607.699951171875,1575.699951171875,1574.199951171875,14.735691615513392,DERIVED_FROM_YFINANCE_GC=F
2013-03-20,1613.0999755859375,1590.199951171875,1588.699951171875,13.671412876674108,DERIVED_FROM_YFINANCE_GC=F
2013-03-21,1613.0999755859375,1601.5999755859375,1600.0999755859375,12.228559221540179,DERIVED_FROM_YFINANCE_GC=F
2013-03-22,1613.800048828125,1606.199951171875,1604.699951171875,11.278564453125,DERIVED_FROM_YFINANCE_GC=F
2013-03-25,1613.800048828125,1604.0999755859375,1602.5999755859375,11.178562709263392,DERIVED_FROM_YFINANCE_GC=F
2013-03-26,1613.800048828125,1596.0999755859375,1594.5999755859375,11.00714111328125,DERIVED_FROM_YFINANCE_GC=F
2013-03-27,1611.0,1595.800048828125,1594.300048828125,10.50714111328125,DERIVED_FROM_YFINANCE_GC=F
2013-03-28,1608.0999755859375,1590.300048828125,1588.800048828125,11.092851911272321,DERIVED_FROM_YFINANCE_GC=F
2013-04-01,1608.0999755859375,1590.300048828125,1588.800048828125,10.635716029575892,DERIVED_FROM_YFINANCE_GC=F
2013-04-02,1608.0999755859375,1590.300048828125,1588.800048828125,10.778573172433036,DERIVED_FROM_YFINANCE_GC=F
2013-04-03,1606.5999755859375,1574.0999755859375,1572.5999755859375,11.542864118303571,DERIVED_FROM_YFINANCE_GC=F
2013-04-04,1602.5999755859375,1549.199951171875,1547.699951171875,12.70001220703125,DERIVED_FROM_YFINANCE_GC=F
2013-04-05,1602.5999755859375,1539.0999755859375,1537.5999755859375,12.93572998046875,DERIVED_FROM_YFINANCE_GC=F
2013-04-08,1580.5999755859375,1539.0999755859375,1537.5999755859375,14.814296177455358,DERIVED_FROM_YFINANCE_GC=F
2013-04-09,1580.5999755859375,1539.0999755859375,1537.5999755859375,14.44287109375,DERIVED_FROM_YFINANCE_GC=F
2013-04-10,1589.300048828125,1550.0999755859375,1548.5999755859375,15.214303152901786,DERIVED_FROM_YFINANCE_GC=F
2013-04-11,1589.300048828125,1557.0,1555.5,16.850010463169642,DERIVED_FROM_YFINANCE_GC=F
2013-04-12,1589.300048828125,1554.800048828125,1553.300048828125,17.25,DERIVED_FROM_YFINANCE_GC=F
2013-04-15,1586.0,1480.199951171875,1478.699951171875,22.564287458147323,DERIVED_FROM_YFINANCE_GC=F
2013-04-16,1566.699951171875,1338.0,1336.5,33.371425083705354,DERIVED_FROM_YFINANCE_GC=F
2013-04-17,1560.800048828125,1323.0,1321.5,38.31428745814732,DERIVED_FROM_YFINANCE_GC=F
2013-04-18,1487.4000244140625,1323.0,1321.5,38.757149832589285,DERIVED_FROM_YFINANCE_GC=F
2013-04-19,1401.0,1323.0,1321.5,41.321437290736604,DERIVED_FROM_YFINANCE_GC=F
2013-04-22,1420.300048828125,1347.5,1346.0,42.93572998046875,DERIVED_FROM_YFINANCE_GC=F
2013-04-23,1434.9000244140625,1347.5,1346.0,43.728585379464285,DERIVED_FROM_YFINANCE_GC=F
2013-04-24,1434.9000244140625,1395.0999755859375,1393.5999755859375,43.47857666015625,DERIVED_FROM_YFINANCE_GC=F
2013-04-25,1434.9000244140625,1405.800048828125,1404.300048828125,43.714285714285715,DERIVED_FROM_YFINANCE_GC=F
2013-04-26,1461.800048828125,1405.800048828125,1404.300048828125,44.278573172433035,DERIVED_FROM_YFINANCE_GC=F
2013-04-29,1476.199951171875,1420.4000244140625,1418.9000244140625,45.33571079799107,DERIVED_FROM_YFINANCE_GC=F
2013-04-30,1476.199951171875,1433.0,1431.5,45.52142333984375,DERIVED_FROM_YFINANCE_GC=F
2013-05-01,1476.5999755859375,1451.4000244140625,1449.9000244140625,44.549996512276785,DERIVED_FROM_YFINANCE_GC=F
2013-05-02,1477.0999755859375,1440.0,1438.5,46.350001743861604,DERIVED_FROM_YFINANCE_GC=F
2013-05-03,1477.0999755859375,1440.0,1438.5,42.12141636439732,DERIVED_FROM_YFINANCE_GC=F
2013-05-06,1487.0999755859375,1440.0,1438.5,32.31427001953125,DERIVED_FROM_YFINANCE_GC=F
2013-05-07,1487.0999755859375,1453.5,1452.0,27.664263044084823,DERIVED_FROM_YFINANCE_GC=F
2013-05-08,1487.0999755859375,1441.199951171875,1439.699951171875,27.871407645089285,DERIVED_FROM_YFINANCE_GC=F
2013-05-09,1477.199951171875,1441.199951171875,1439.699951171875,26.214259556361608,DERIVED_FROM_YFINANCE_GC=F
2013-05-10,1474.699951171875,1441.199951171875,1439.699951171875,25.685686383928573,DERIVED_FROM_YFINANCE_GC=F
2013-05-13,1474.699951171875,1423.0,1421.5,26.128548758370535,DERIVED_FROM_YFINANCE_GC=F
2013-05-14,1473.4000244140625,1423.0,1421.5,25.3499755859375,DERIVED_FROM_YFINANCE_GC=F
2013-05-15,1459.300048828125,1422.0,1420.5,25.414263044084823,DERIVED_FROM_YFINANCE_GC=F
2013-05-16,1444.4000244140625,1390.0999755859375,1388.5999755859375,25.214259556361608,DERIVED_FROM_YFINANCE_GC=F
2013-05-17,1444.4000244140625,1370.5999755859375,1369.0999755859375,25.292837960379465,DERIVED_FROM_YFINANCE_GC=F
2013-05-20,1425.699951171875,1359.0999755859375,1357.5999755859375,26.014264787946427,DERIVED_FROM_YFINANCE_GC=F
2013-05-21,1395.0999755859375,1342.9000244140625,1341.4000244140625,28.085693359375,DERIVED_FROM_YFINANCE_GC=F
2013-05-22,1392.300048828125,1342.9000244140625,1341.4000244140625,27.849984305245535,DERIVED_FROM_YFINANCE_GC=F
2013-05-23,1395.699951171875,1342.9000244140625,1341.4000244140625,28.29998779296875,DERIVED_FROM_YFINANCE_GC=F
2013-05-24,1395.699951171875,1358.5,1357.0,28.407139369419642,DERIVED_FROM_YFINANCE_GC=F
2013-05-28,1395.699951171875,1364.5,1363.0,27.857142857142858,DERIVED_FROM_YFINANCE_GC=F
2013-05-29,1394.800048828125,1377.800048828125,1376.300048828125,26.74285888671875,DERIVED_FROM_YFINANCE_GC=F
2013-05-30,1391.300048828125,1379.0999755859375,1377.5999755859375,25.778581891741073,DERIVED_FROM_YFINANCE_GC=F
2013-05-31,1417.5,1379.0999755859375,1377.5999755859375,26.371433803013392,DERIVED_FROM_YFINANCE_GC=F
2013-06-03,1421.0999755859375,1384.199951171875,1382.699951171875,25.7357177734375,DERIVED_FROM_YFINANCE_GC=F
2013-06-04,1421.0999755859375,1384.199951171875,1382.699951171875,26.821437290736608,DERIVED_FROM_YFINANCE_GC=F
2013-06-05,1421.0999755859375,1384.199951171875,1382.699951171875,26.9857177734375,DERIVED_FROM_YFINANCE_GC=F
2013-06-06,1416.300048828125,1388.300048828125,1386.800048828125,25.471435546875,DERIVED_FROM_YFINANCE_GC=F
2013-06-07,1422.699951171875,1389.0,1387.5,25.842860630580358,DERIVED_FROM_YFINANCE_GC=F
2013-06-10,1422.699951171875,1377.9000244140625,1376.4000244140625,26.285714285714285,DERIVED_FROM_YFINANCE_GC=F
2013-06-11,1422.699951171875,1375.5999755859375,1374.0999755859375,23.907148088727677,DERIVED_FROM_YFINANCE_GC=F
2013-06-12,1416.0999755859375,1366.0,1364.5,22.935712541852677,DERIVED_FROM_YFINANCE_GC=F
2013-06-13,1393.5,1366.0,1364.5,22.121433803013392,DERIVED_FROM_YFINANCE_GC=F
2013-06-14,1393.5,1366.0,1364.5,21.49285888671875,DERIVED_FROM_YFINANCE_GC=F
2013-06-17,1393.5,1373.4000244140625,1371.9000244140625,21.97857666015625,DERIVED_FROM_YFINANCE_GC=F
2013-06-18,1390.9000244140625,1373.4000244140625,1371.9000244140625,21.921430315290177,DERIVED_FROM_YFINANCE_GC=F
2013-06-19,1390.5,1363.0,1361.5,22.5142822265625,DERIVED_FROM_YFINANCE_GC=F
2013-06-20,1390.5,1348.0999755859375,1346.5999755859375,22.25,DERIVED_FROM_YFINANCE_GC=F
2013-06-21,1383.5,1275.4000244140625,1273.9000244140625,26.628566196986608,DERIVED_FROM_YFINANCE_GC=F
2013-06-24,1373.5999755859375,1268.9000244140625,1267.4000244140625,26.849993024553573,DERIVED_FROM_YFINANCE_GC=F
2013-06-25,1348.0999755859375,1268.9000244140625,1267.4000244140625,26.628574916294642,DERIVED_FROM_YFINANCE_GC=F
2013-06-26,1300.0,1268.9000244140625,1267.4000244140625,26.514290945870535,DERIVED_FROM_YFINANCE_GC=F
2013-06-27,1297.300048828125,1228.800048828125,1227.300048828125,27.578578404017858,DERIVED_FROM_YFINANCE_GC=F
2013-06-28,1286.0,1198.300048828125,1196.800048828125,27.928580147879465,DERIVED_FROM_YFINANCE_GC=F
2013-07-01,1273.9000244140625,1183.199951171875,1181.699951171875,30.628583635602677,DERIVED_FROM_YFINANCE_GC=F
2013-07-02,1261.0,1183.199951171875,1181.699951171875,31.842869349888392,DERIVED_FROM_YFINANCE_GC=F
2013-07-03,1266.300048828125,1183.199951171875,1181.699951171875,32.221444266183035,DERIVED_FROM_YFINANCE_GC=F
2013-07-05,1266.300048828125,1234.199951171875,1232.699951171875,32.185721261160715,DERIVED_FROM_YFINANCE_GC=F
2013-07-08,1266.300048828125,1208.9000244140625,1207.4000244140625,34.55714634486607,DERIVED_FROM_YFINANCE_GC=F
2013-07-09,1258.199951171875,1208.9000244140625,1207.4000244140625,35.399998256138396,DERIVED_FROM_YFINANCE_GC=F
2013-07-10,1254.5,1208.9000244140625,1207.4000244140625,35.371425083705354,DERIVED_FROM_YFINANCE_GC=F
2013-07-11,1263.9000244140625,1215.4000244140625,1213.9000244140625,34.92857142857143,DERIVED_FROM_YFINANCE_GC=F
2013-07-12,1285.0,1234.4000244140625,1232.9000244140625,30.600001743861608,DERIVED_FROM_YFINANCE_GC=F
2013-07-15,1285.0,1244.5999755859375,1243.0999755859375,28.950003487723215,DERIVED_FROM_YFINANCE_GC=F
2013-07-16,1292.4000244140625,1274.300048828125,1272.800048828125,28.449994768415177,DERIVED_FROM_YFINANCE_GC=F
2013-07-17,1292.4000244140625,1274.300048828125,1272.800048828125,28.392848423549108,DERIVED_FROM_YFINANCE_GC=F
2013-07-18,1294.4000244140625,1272.9000244140625,1271.4000244140625,26.642848423549108,DERIVED_FROM_YFINANCE_GC=F
2013-07-19,1294.4000244140625,1272.9000244140625,1271.4000244140625,24.364283970424108,DERIVED_FROM_YFINANCE_GC=F
2013-07-22,1294.4000244140625,1272.9000244140625,1271.4000244140625,21.478567940848215,DERIVED_FROM_YFINANCE_GC=F
2013-07-23,1336.4000244140625,1275.199951171875,1273.699951171875,21.899998256138392,DERIVED_FROM_YFINANCE_GC=F
2013-07-24,1342.300048828125,1290.0,1288.5,21.135707310267858,DERIVED_FROM_YFINANCE_GC=F
2013-07-25,1343.5,1317.0,1315.5,21.635716029575892,DERIVED_FROM_YFINANCE_GC=F
2013-07-26,1343.5,1318.5,1317.0,19.71429443359375,DERIVED_FROM_YFINANCE_GC=F
2013-07-29,1343.5,1318.5,1317.0,18.642874581473215,DERIVED_FROM_YFINANCE_GC=F
2013-07-30,1336.800048828125,1318.5,1317.0,17.685738699776785,DERIVED_FROM_YFINANCE_GC=F
2013-07-31,1329.5999755859375,1316.199951171875,1314.699951171875,17.264308384486608,DERIVED_FROM_YFINANCE_GC=F
2013-08-01,1338.4000244140625,1304.9000244140625,1303.4000244140625,16.971452985491073,DERIVED_FROM_YFINANCE_GC=F
2013-08-02,1338.4000244140625,1304.9000244140625,1303.4000244140625,17.942879813058035,DERIVED_FROM_YFINANCE_GC=F
2013-08-05,1338.4000244140625,1283.0,1281.5,19.328595842633927,DERIVED_FROM_YFINANCE_GC=F
2013-08-06,1328.5,1283.0,1281.5,19.957170758928573,DERIVED_FROM_YFINANCE_GC=F
2013-08-07,1318.300048828125,1279.300048828125,1277.800048828125,20.321454729352677,DERIVED_FROM_YFINANCE_GC=F
2013-08-08,1318.300048828125,1274.0,1272.5,20.550022670200892,DERIVED_FROM_YFINANCE_GC=F
2013-08-09,1312.800048828125,1274.0,1272.5,22.007167271205358,DERIVED_FROM_YFINANCE_GC=F
2013-08-12,1315.800048828125,1274.0,1272.5,19.578604561941965,DERIVED_FROM_YFINANCE_GC=F
2013-08-13,1342.4000244140625,1283.699951171875,1282.199951171875,20.657174246651785,DERIVED_FROM_YFINANCE_GC=F
2013-08-14,1342.4000244140625,1306.699951171875,1305.199951171875,20.228602818080358,DERIVED_FROM_YFINANCE_GC=F
2013-08-15,1342.4000244140625,1317.199951171875,1315.699951171875,20.250034877232142,DERIVED_FROM_YFINANCE_GC=F
2013-08-16,1369.5999755859375,1317.699951171875,1316.199951171875,23.278599330357142,DERIVED_FROM_YFINANCE_GC=F
2013-08-19,1378.9000244140625,1317.699951171875,1316.199951171875,24.078595842633927,DERIVED_FROM_YFINANCE_GC=F
2013-08-20,1384.4000244140625,1319.9000244140625,1318.4000244140625,24.585736955915177,DERIVED_FROM_YFINANCE_GC=F
2013-08-21,1384.4000244140625,1355.0,1353.5,23.764308384486608,DERIVED_FROM_YFINANCE_GC=F
2013-08-22,1384.4000244140625,1355.0,1353.5,23.39288330078125,DERIVED_FROM_YFINANCE_GC=F
2013-08-23,1380.4000244140625,1355.0,1353.5,22.278599330357142,DERIVED_FROM_YFINANCE_GC=F
2013-08-26,1398.199951171875,1360.9000244140625,1359.4000244140625,22.721452985491073,DERIVED_FROM_YFINANCE_GC=F
2013-08-27,1402.800048828125,1362.0,1360.5,21.64288330078125,DERIVED_FROM_YFINANCE_GC=F
2013-08-28,1421.0999755859375,1373.9000244140625,1372.4000244140625,22.621451241629465,DERIVED_FROM_YFINANCE_GC=F
2013-08-29,1428.0,1391.300048828125,1389.800048828125,21.307155064174108,DERIVED_FROM_YFINANCE_GC=F
2013-08-30,1428.0,1398.699951171875,1397.199951171875,21.692862374441965,DERIVED_FROM_YFINANCE_GC=F
2013-09-03,1428.0,1392.300048828125,1390.800048828125,21.057146344866073,DERIVED_FROM_YFINANCE_GC=F
2013-09-04,1417.4000244140625,1382.300048828125,1380.800048828125,22.0,DERIVED_FROM_YFINANCE_GC=F
2013-09-05,1414.4000244140625,1382.300048828125,1380.800048828125,22.52142333984375,DERIVED_FROM_YFINANCE_GC=F
2013-09-06,1414.4000244140625,1367.0999755859375,1365.5999755859375,21.142857142857142,DERIVED_FROM_YFINANCE_GC=F
2013-09-09,1413.0,1367.0999755859375,1365.5999755859375,21.378566196986608,DERIVED_FROM_YFINANCE_GC=F
2013-09-10,1397.5,1367.0999755859375,1365.5999755859375,20.149998256138392,DERIVED_FROM_YFINANCE_GC=F
2013-09-11,1390.0999755859375,1357.5999755859375,1356.0999755859375,20.664289202008927,DERIVED_FROM_YFINANCE_GC=F
2013-09-12,1389.800048828125,1356.699951171875,1355.199951171875,20.142865862165177,DERIVED_FROM_YFINANCE_GC=F
2013-09-13,1377.5,1322.4000244140625,1320.9000244140625,21.792864118303573,DERIVED_FROM_YFINANCE_GC=F
2013-09-16,1365.800048828125,1305.300048828125,1303.800048828125,21.657148088727677,DERIVED_FROM_YFINANCE_GC=F
2013-09-17,1360.0,1305.300048828125,1303.800048828125,22.350001743861608,DERIVED_FROM_YFINANCE_GC=F
2013-09-18,1329.5999755859375,1305.300048828125,1303.800048828125,20.942862374441965,DERIVED_FROM_YFINANCE_GC=F
2013-09-19,1347.699951171875,1292.0999755859375,1290.5999755859375,24.150006975446427,DERIVED_FROM_YFINANCE_GC=F
2013-09-20,1373.0,1292.0999755859375,1290.5999755859375,27.771432059151785,DERIVED_FROM_YFINANCE_GC=F
2013-09-23,1373.0,1292.0999755859375,1290.5999755859375,29.064296177455358,DERIVED_FROM_YFINANCE_GC=F
2013-09-24,1373.0,1317.5999755859375,1316.0999755859375,27.835728236607142,DERIVED_FROM_YFINANCE_GC=F
2013-09-25,1347.5,1309.4000244140625,1307.9000244140625,27.235726492745535,DERIVED_FROM_YFINANCE_GC=F
2013-09-26,1335.9000244140625,1309.4000244140625,1307.9000244140625,26.485726492745535,DERIVED_FROM_YFINANCE_GC=F
2013-09-27,1338.300048828125,1309.4000244140625,1307.9000244140625,26.021449497767858,DERIVED_FROM_YFINANCE_GC=F
2013-09-30,1343.800048828125,1319.699951171875,1318.199951171875,27.507167271205358,DERIVED_FROM_YFINANCE_GC=F
2013-10-01,1350.9000244140625,1319.699951171875,1318.199951171875,27.485735212053573,DERIVED_FROM_YFINANCE_GC=F
2013-10-02,1350.9000244140625,1284.5,1283.0,30.371442522321427,DERIVED_FROM_YFINANCE_GC=F
2013-10-03,1350.9000244140625,1280.0,1278.5,30.335728236607142,DERIVED_FROM_YFINANCE_GC=F
2013-10-04,1334.0,1280.0,1278.5,29.835728236607142,DERIVED_FROM_YFINANCE_GC=F
2013-10-07,1321.0,1280.0,1278.5,29.207162039620535,DERIVED_FROM_YFINANCE_GC=F
2013-10-08,1325.4000244140625,1302.5,1301.0,29.728594098772323,DERIVED_FROM_YFINANCE_GC=F
2013-10-09,1330.0,1305.699951171875,1304.199951171875,26.3857421875,DERIVED_FROM_YFINANCE_GC=F
2013-10-10,1330.0,1295.300048828125,1293.800048828125,23.792881556919642,DERIVED_FROM_YFINANCE_GC=F
2013-10-11,1330.0,1285.0,1283.5,22.871451241629465,DERIVED_FROM_YFINANCE_GC=F
2013-10-14,1319.0,1263.800048828125,1262.300048828125,24.150015694754465,DERIVED_FROM_YFINANCE_GC=F
2013-10-15,1310.800048828125,1263.800048828125,1262.300048828125,24.17144775390625,DERIVED_FROM_YFINANCE_GC=F
2013-10-16,1291.5999755859375,1254.0999755859375,1252.5999755859375,24.857160295758927,DERIVED_FROM_YFINANCE_GC=F
2013-10-17,1285.800048828125,1254.0999755859375,1252.5999755859375,24.864301409040177,DERIVED_FROM_YFINANCE_GC=F
2013-10-18,1322.699951171875,1254.0999755859375,1252.5999755859375,26.050005231584823,DERIVED_FROM_YFINANCE_GC=F
2013-10-21,1326.0,1269.199951171875,1267.699951171875,24.942862374441965,DERIVED_FROM_YFINANCE_GC=F
2013-10-22,1326.0,1307.0,1305.5,21.642857142857142,DERIVED_FROM_YFINANCE_GC=F
2013-10-23,1342.5999755859375,1312.5999755859375,1311.0999755859375,20.7642822265625,DERIVED_FROM_YFINANCE_GC=F
2013-10-24,1342.5999755859375,1313.9000244140625,1312.4000244140625,20.228567940848215,DERIVED_FROM_YFINANCE_GC=F
2013-10-25,1350.199951171875,1313.9000244140625,1312.4000244140625,20.507132393973215,DERIVED_FROM_YFINANCE_GC=F
2013-10-28,1353.0,1331.9000244140625,1330.4000244140625,19.871416364397323,DERIVED_FROM_YFINANCE_GC=F
2013-10-29,1359.199951171875,1334.5,1333.0,19.971409388950892,DERIVED_FROM_YFINANCE_GC=F
2013-10-30,1359.699951171875,1345.199951171875,1343.699951171875,18.942844935825892,DERIVED_FROM_YFINANCE_GC=F
2013-10-31,1359.699951171875,1335.5999755859375,1334.0999755859375,18.5428466796875,DERIVED_FROM_YFINANCE_GC=F
2013-11-01,1359.699951171875,1321.699951171875,1320.199951171875,18.149998256138392,DERIVED_FROM_YFINANCE_GC=F
2013-11-04,1355.800048828125,1308.0,1306.5,18.142848423549108,DERIVED_FROM_YFINANCE_GC=F
2013-11-05,1334.0,1308.0,1306.5,16.635707310267858,DERIVED_FROM_YFINANCE_GC=F
2013-11-06,1325.699951171875,1306.9000244140625,1305.4000244140625,16.335702078683035,DERIVED_FROM_YFINANCE_GC=F
2013-11-07,1320.5,1306.9000244140625,1305.4000244140625,14.185703822544642,DERIVED_FROM_YFINANCE_GC=F
2013-11-08,1323.5999755859375,1298.0,1296.5,15.05712890625,DERIVED_FROM_YFINANCE_GC=F
2013-11-11,1323.5999755859375,1281.300048828125,1279.800048828125,16.757132393973215,DERIVED_FROM_YFINANCE_GC=F
2013-11-12,1323.5999755859375,1281.0,1279.5,14.957135881696429,DERIVED_FROM_YFINANCE_GC=F
2013-11-13,1308.0999755859375,1271.0999755859375,1269.5999755859375,15.0,DERIVED_FROM_YFINANCE_GC=F
2013-11-14,1282.300048828125,1268.300048828125,1266.800048828125,14.707144601004464,DERIVED_FROM_YFINANCE_GC=F
2013-11-15,1293.300048828125,1268.300048828125,1266.800048828125,16.00714111328125,DERIVED_FROM_YFINANCE_GC=F
2013-11-18,1293.300048828125,1268.300048828125,1266.800048828125,15.778573172433036,DERIVED_FROM_YFINANCE_GC=F
2013-11-19,1293.300048828125,1272.199951171875,1270.699951171875,15.821437290736608,DERIVED_FROM_YFINANCE_GC=F
2013-11-20,1288.5,1271.0,1269.5,14.678571428571429,DERIVED_FROM_YFINANCE_GC=F
2013-11-21,1284.800048828125,1241.9000244140625,1240.4000244140625,14.978567940848214,DERIVED_FROM_YFINANCE_GC=F
2013-11-22,1275.199951171875,1236.5,1235.0,15.24285888671875,DERIVED_FROM_YFINANCE_GC=F
2013-11-25,1269.0,1236.5,1235.0,15.042855398995536,DERIVED_FROM_YFINANCE_GC=F
2013-11-26,1247.0999755859375,1229.0,1227.5,15.357142857142858,DERIVED_FROM_YFINANCE_GC=F
2013-11-27,1247.0,1229.0,1227.5,14.7357177734375,DERIVED_FROM_YFINANCE_GC=F
2013-11-29,1254.800048828125,1229.0,1227.5,14.285723005022321,DERIVED_FROM_YFINANCE_GC=F
2013-12-02,1254.800048828125,1233.699951171875,1232.199951171875,13.835728236607142,DERIVED_FROM_YFINANCE_GC=F
2013-12-03,1254.800048828125,1217.800048828125,1216.300048828125,15.992867606026786,DERIVED_FROM_YFINANCE_GC=F
2013-12-04,1254.5,1215.5999755859375,1214.0999755859375,15.914289202008929,DERIVED_FROM_YFINANCE_GC=F
2013-12-05,1251.5,1212.9000244140625,1211.4000244140625,17.721435546875,DERIVED_FROM_YFINANCE_GC=F
2013-12-06,1250.4000244140625,1212.9000244140625,1211.4000244140625,18.050005231584823,DERIVED_FROM_YFINANCE_GC=F
2013-12-09,1250.4000244140625,1212.9000244140625,1211.4000244140625,19.621433803013392,DERIVED_FROM_YFINANCE_GC=F
2013-12-10,1243.199951171875,1213.0,1211.5,19.557137625558035,DERIVED_FROM_YFINANCE_GC=F
2013-12-11,1267.0,1213.0,1211.5,21.52142333984375,DERIVED_FROM_YFINANCE_GC=F
2013-12-12,1267.0,1229.0,1227.5,20.00714111328125,DERIVED_FROM_YFINANCE_GC=F
2013-12-13,1267.0,1225.9000244140625,1224.4000244140625,20.807137625558035,DERIVED_FROM_YFINANCE_GC=F
2013-12-16,1261.9000244140625,1222.199951171875,1220.699951171875,21.607142857142858,DERIVED_FROM_YFINANCE_GC=F
2013-12-17,1255.4000244140625,1222.199951171875,1220.699951171875,22.085710797991073,DERIVED_FROM_YFINANCE_GC=F
2013-12-18,1250.5999755859375,1222.199951171875,1220.699951171875,22.971426827566965,DERIVED_FROM_YFINANCE_GC=F
2013-12-19,1250.5999755859375,1217.0,1215.5,23.599993024553573,DERIVED_FROM_YFINANCE_GC=F
2013-12-20,1245.0999755859375,1188.699951171875,1187.199951171875,25.499991280691965,DERIVED_FROM_YFINANCE_GC=F
2013-12-23,1245.0999755859375,1188.699951171875,1187.199951171875,24.299996512276785,DERIVED_FROM_YFINANCE_GC=F
2013-12-24,1226.5999755859375,1188.699951171875,1187.199951171875,24.242850167410715,DERIVED_FROM_YFINANCE_GC=F
2013-12-26,1207.800048828125,1190.9000244140625,1189.4000244140625,22.128566196986608,DERIVED_FROM_YFINANCE_GC=F
2013-12-27,1215.9000244140625,1195.9000244140625,1194.4000244140625,20.785714285714285,DERIVED_FROM_YFINANCE_GC=F
2013-12-30,1218.5,1197.699951171875,1196.199951171875,19.114283970424108,DERIVED_FROM_YFINANCE_GC=F
2013-12-31,1218.5,1194.4000244140625,1192.9000244140625,19.649998256138392,DERIVED_FROM_YFINANCE_GC=F
2014-01-02,1218.5,1182.0,1180.5,19.557146344866073,DERIVED_FROM_YFINANCE_GC=F
2014-01-03,1227.300048828125,1182.0,1180.5,20.635716029575892,DERIVED_FROM_YFINANCE_GC=F
2014-01-06,1239.0,1182.0,1180.5,19.542864118303573,DERIVED_FROM_YFINANCE_GC=F
2014-01-07,1247.0,1204.300048828125,1202.800048828125,20.135716029575892,DERIVED_FROM_YFINANCE_GC=F
2014-01-08,1247.0,1221.699951171875,1220.199951171875,19.7357177734375,DERIVED_FROM_YFINANCE_GC=F
2014-01-09,1247.0,1218.5999755859375,1217.0999755859375,19.4857177734375,DERIVED_FROM_YFINANCE_GC=F
2014-01-10,1242.4000244140625,1218.5999755859375,1217.0999755859375,17.764290945870535,DERIVED_FROM_YFINANCE_GC=F
2014-01-13,1246.800048828125,1218.5999755859375,1217.0999755859375,15.628574916294642,DERIVED_FROM_YFINANCE_GC=F
2014-01-14,1252.699951171875,1225.800048828125,1224.300048828125,14.935712541852679,DERIVED_FROM_YFINANCE_GC=F
2014-01-15,1252.699951171875,1234.0,1232.5,14.935721261160714,DERIVED_FROM_YFINANCE_GC=F
2014-01-16,1252.699951171875,1238.0999755859375,1236.5999755859375,14.878574916294642,DERIVED_FROM_YFINANCE_GC=F
2014-01-17,1251.300048828125,1238.0999755859375,1236.5999755859375,14.442862374441964,DERIVED_FROM_YFINANCE_GC=F
2014-01-21,1254.300048828125,1238.0999755859375,1236.5999755859375,15.085728236607142,DERIVED_FROM_YFINANCE_GC=F
2014-01-22,1257.5,1239.0,1237.5,14.785731724330358,DERIVED_FROM_YFINANCE_GC=F
2014-01-23,1257.5,1239.0,1237.5,12.850019182477679,DERIVED_FROM_YFINANCE_GC=F
2014-01-24,1264.199951171875,1235.199951171875,1233.699951171875,13.107160295758929,DERIVED_FROM_YFINANCE_GC=F
2014-01-27,1269.4000244140625,1235.199951171875,1233.699951171875,12.664297921316964,DERIVED_FROM_YFINANCE_GC=F
2014-01-28,1269.4000244140625,1235.199951171875,1233.699951171875,11.592869349888392,DERIVED_FROM_YFINANCE_GC=F
2014-01-29,1269.4000244140625,1251.0,1249.5,11.342869349888392,DERIVED_FROM_YFINANCE_GC=F
2014-01-30,1264.4000244140625,1251.0,1249.5,11.371433803013392,DERIVED_FROM_YFINANCE_GC=F
2014-01-31,1267.699951171875,1237.5,1236.0,13.24285888671875,DERIVED_FROM_YFINANCE_GC=F
2014-02-03,1267.699951171875,1237.5,1236.0,13.142857142857142,DERIVED_FROM_YFINANCE_GC=F
2014-02-04,1267.699951171875,1237.5,1236.0,14.500008719308036,DERIVED_FROM_YFINANCE_GC=F
2014-02-05,1266.300048828125,1238.4000244140625,1236.9000244140625,14.75714111328125,DERIVED_FROM_YFINANCE_GC=F
2014-02-06,1273.699951171875,1241.199951171875,1239.699951171875,15.821428571428571,DERIVED_FROM_YFINANCE_GC=F
2014-02-07,1273.699951171875,1247.800048828125,1246.300048828125,16.449994768415177,DERIVED_FROM_YFINANCE_GC=F
2014-02-10,1273.699951171875,1253.0999755859375,1251.5999755859375,16.392848423549108,DERIVED_FROM_YFINANCE_GC=F
2014-02-11,1277.300048828125,1253.5,1252.0,16.142848423549108,DERIVED_FROM_YFINANCE_GC=F
2014-02-12,1292.0,1257.9000244140625,1256.4000244140625,17.207127162388392,DERIVED_FROM_YFINANCE_GC=F
2014-02-13,1296.199951171875,1265.699951171875,1264.199951171875,15.899980817522321,DERIVED_FROM_YFINANCE_GC=F
2014-02-14,1303.5,1273.800048828125,1272.300048828125,16.249982561383927,DERIVED_FROM_YFINANCE_GC=F
2014-02-18,1320.699951171875,1285.5,1284.0,16.978550502232142,DERIVED_FROM_YFINANCE_GC=F
2014-02-19,1330.5999755859375,1287.5,1286.0,17.271405901227677,DERIVED_FROM_YFINANCE_GC=F
2014-02-20,1330.5999755859375,1301.699951171875,1300.199951171875,17.585693359375,DERIVED_FROM_YFINANCE_GC=F
2014-02-21,1330.5999755859375,1309.0999755859375,1307.5999755859375,16.421412876674108,DERIVED_FROM_YFINANCE_GC=F
2014-02-24,1328.300048828125,1309.0999755859375,1307.5999755859375,16.071419852120535,DERIVED_FROM_YFINANCE_GC=F
2014-02-25,1339.0,1309.5999755859375,1308.0999755859375,15.457127162388392,DERIVED_FROM_YFINANCE_GC=F
2014-02-26,1343.9000244140625,1317.4000244140625,1315.9000244140625,15.307137625558036,DERIVED_FROM_YFINANCE_GC=F
2014-02-27,1343.9000244140625,1321.4000244140625,1319.9000244140625,14.978567940848214,DERIVED_FROM_YFINANCE_GC=F
2014-02-28,1343.9000244140625,1324.5999755859375,1323.0999755859375,14.75714111328125,DERIVED_FROM_YFINANCE_GC=F
2014-03-03,1342.0,1321.0999755859375,1319.5999755859375,14.592851911272321,DERIVED_FROM_YFINANCE_GC=F
2014-03-04,1354.0999755859375,1321.0999755859375,1319.5999755859375,15.928562709263392,DERIVED_FROM_YFINANCE_GC=F
2014-03-05,1354.0999755859375,1321.0999755859375,1319.5999755859375,15.928571428571429,DERIVED_FROM_YFINANCE_GC=F
2014-03-06,1354.0999755859375,1332.199951171875,1330.699951171875,15.607142857142858,DERIVED_FROM_YFINANCE_GC=F
2014-03-07,1351.699951171875,1332.199951171875,1330.699951171875,15.778564453125,DERIVED_FROM_YFINANCE_GC=F
2014-03-10,1352.699951171875,1329.199951171875,1327.699951171875,16.00714111328125,DERIVED_FROM_YFINANCE_GC=F
2014-03-11,1352.699951171875,1329.199951171875,1327.699951171875,15.828569684709821,DERIVED_FROM_YFINANCE_GC=F
2014-03-12,1352.699951171875,1329.199951171875,1327.699951171875,15.7357177734375,DERIVED_FROM_YFINANCE_GC=F
2014-03-13,1370.5,1330.5,1329.0,16.457144601004465,DERIVED_FROM_YFINANCE_GC=F
2014-03-14,1374.5,1338.0999755859375,1336.5999755859375,16.228567940848215,DERIVED_FROM_YFINANCE_GC=F
2014-03-17,1386.5999755859375,1348.699951171875,1347.199951171875,16.078569684709823,DERIVED_FROM_YFINANCE_GC=F
2014-03-18,1391.4000244140625,1366.5,1365.0,16.678571428571427,DERIVED_FROM_YFINANCE_GC=F
2014-03-19,1391.4000244140625,1353.4000244140625,1351.9000244140625,16.828569684709823,DERIVED_FROM_YFINANCE_GC=F
2014-03-20,1391.4000244140625,1332.699951171875,1331.199951171875,17.964285714285715,DERIVED_FROM_YFINANCE_GC=F
2014-03-21,1361.800048828125,1325.800048828125,1324.300048828125,18.25714111328125,DERIVED_FROM_YFINANCE_GC=F
2014-03-24,1358.0,1325.800048828125,1324.300048828125,16.535714285714285,DERIVED_FROM_YFINANCE_GC=F
2014-03-25,1339.0999755859375,1310.5,1309.0,17.057137625558035,DERIVED_FROM_YFINANCE_GC=F
2014-03-26,1339.0999755859375,1307.5,1306.0,17.185712541852677,DERIVED_FROM_YFINANCE_GC=F
2014-03-27,1333.0,1303.4000244140625,1301.9000244140625,16.714285714285715,DERIVED_FROM_YFINANCE_GC=F
2014-03-28,1315.5,1294.699951171875,1293.199951171875,15.657148088727679,DERIVED_FROM_YFINANCE_GC=F
2014-03-31,1315.199951171875,1285.9000244140625,1284.4000244140625,15.607151576450892,DERIVED_FROM_YFINANCE_GC=F
2014-04-01,1299.4000244140625,1282.4000244140625,1280.9000244140625,15.757149832589286,DERIVED_FROM_YFINANCE_GC=F
2014-04-02,1299.4000244140625,1277.300048828125,1275.800048828125,14.800005231584821,DERIVED_FROM_YFINANCE_GC=F
2014-04-03,1298.800048828125,1277.300048828125,1275.800048828125,15.264290945870536,DERIVED_FROM_YFINANCE_GC=F
2014-04-04,1294.0999755859375,1277.300048828125,1275.800048828125,14.928580147879464,DERIVED_FROM_YFINANCE_GC=F
2014-04-07,1306.0999755859375,1280.199951171875,1278.699951171875,15.107142857142858,DERIVED_FROM_YFINANCE_GC=F
2014-04-08,1306.0999755859375,1282.699951171875,1281.199951171875,14.2642822265625,DERIVED_FROM_YFINANCE_GC=F
2014-04-09,1314.0999755859375,1284.4000244140625,1282.9000244140625,13.635707310267858,DERIVED_FROM_YFINANCE_GC=F
2014-04-10,1314.0999755859375,1296.300048828125,1294.800048828125,13.414280482700892,DERIVED_FROM_YFINANCE_GC=F
2014-04-11,1323.800048828125,1296.5999755859375,1295.0999755859375,14.107142857142858,DERIVED_FROM_YFINANCE_GC=F
2014-04-14,1323.800048828125,1301.0999755859375,1299.5999755859375,12.75,DERIVED_FROM_YFINANCE_GC=F
2014-04-15,1330.0,1311.199951171875,1309.699951171875,12.9857177734375,DERIVED_FROM_YFINANCE_GC=F
2014-04-16,1330.0,1291.5,1290.0,14.692862374441964,DERIVED_FROM_YFINANCE_GC=F
2014-04-17,1330.0,1291.5,1290.0,14.678571428571429,DERIVED_FROM_YFINANCE_GC=F
2014-04-21,1322.699951171875,1291.5,1290.0,14.471426827566964,DERIVED_FROM_YFINANCE_GC=F
2014-04-22,1303.5,1283.800048828125,1282.300048828125,14.399989536830358,DERIVED_FROM_YFINANCE_GC=F
2014-04-23,1303.0,1276.0,1274.5,14.757132393973214,DERIVED_FROM_YFINANCE_GC=F
2014-04-24,1299.199951171875,1276.0,1274.5,14.228559221540179,DERIVED_FROM_YFINANCE_GC=F
2014-04-25,1297.9000244140625,1272.4000244140625,1270.9000244140625,15.278555733816964,DERIVED_FROM_YFINANCE_GC=F
2014-04-28,1304.5999755859375,1272.4000244140625,1270.9000244140625,14.735700334821429,DERIVED_FROM_YFINANCE_GC=F
2014-04-29,1305.4000244140625,1272.4000244140625,1270.9000244140625,15.071419852120536,DERIVED_FROM_YFINANCE_GC=F
2014-04-30,1305.4000244140625,1289.0999755859375,1287.5999755859375,14.635707310267858,DERIVED_FROM_YFINANCE_GC=F
2014-05-01,1305.4000244140625,1286.5999755859375,1285.0999755859375,14.449994768415179,DERIVED_FROM_YFINANCE_GC=F
2014-05-02,1300.5,1278.0,1276.5,14.399989536830358,DERIVED_FROM_YFINANCE_GC=F
2014-05-05,1302.699951171875,1276.699951171875,1275.199951171875,15.7928466796875,DERIVED_FROM_YFINANCE_GC=F
2014-05-06,1314.199951171875,1276.699951171875,1275.199951171875,15.81427001953125,DERIVED_FROM_YFINANCE_GC=F
2014-05-07,1314.199951171875,1276.699951171875,1275.199951171875,13.442844935825892,DERIVED_FROM_YFINANCE_GC=F
2014-05-08,1314.199951171875,1288.0,1286.5,14.54998779296875,DERIVED_FROM_YFINANCE_GC=F
2014-05-09,1312.0,1285.5,1284.0,14.221418108258929,DERIVED_FROM_YFINANCE_GC=F
2014-05-12,1312.0,1285.5,1284.0,13.128566196986608,DERIVED_FROM_YFINANCE_GC=F
2014-05-13,1295.9000244140625,1281.199951171875,1279.699951171875,13.064287458147321,DERIVED_FROM_YFINANCE_GC=F
2014-05-14,1295.9000244140625,1281.199951171875,1279.699951171875,12.814287458147321,DERIVED_FROM_YFINANCE_GC=F
2014-05-15,1306.9000244140625,1281.199951171875,1279.699951171875,12.0,DERIVED_FROM_YFINANCE_GC=F
2014-05-16,1306.9000244140625,1292.0,1290.5,11.914280482700892,DERIVED_FROM_YFINANCE_GC=F
2014-05-19,1306.9000244140625,1292.800048828125,1291.300048828125,11.0428466796875,DERIVED_FROM_YFINANCE_GC=F
2014-05-20,1302.5,1292.800048828125,1291.300048828125,10.257123674665179,DERIVED_FROM_YFINANCE_GC=F
2014-05-21,1294.5,1290.0999755859375,1288.5999755859375,9.864266531808036,DERIVED_FROM_YFINANCE_GC=F
2014-05-22,1294.5,1287.4000244140625,1285.9000244140625,9.114266531808036,DERIVED_FROM_YFINANCE_GC=F
2014-05-23,1295.0,1287.4000244140625,1285.9000244140625,7.757123674665179,DERIVED_FROM_YFINANCE_GC=F
2014-05-27,1295.0,1287.4000244140625,1285.9000244140625,7.164271763392857,DERIVED_FROM_YFINANCE_GC=F
2014-05-28,1295.0,1265.4000244140625,1263.9000244140625,8.878557477678571,DERIVED_FROM_YFINANCE_GC=F
2014-05-29,1293.4000244140625,1259.300048828125,1257.800048828125,7.599984305245536,DERIVED_FROM_YFINANCE_GC=F
2014-05-30,1291.9000244140625,1250.9000244140625,1249.4000244140625,7.864266531808036,DERIVED_FROM_YFINANCE_GC=F
2014-06-02,1260.5999755859375,1241.800048828125,1240.300048828125,9.128548758370536,DERIVED_FROM_YFINANCE_GC=F
2014-06-03,1260.5999755859375,1240.9000244140625,1239.4000244140625,8.778538295200892,DERIVED_FROM_YFINANCE_GC=F
2014-06-04,1259.5999755859375,1240.5,1239.0,9.021397181919642,DERIVED_FROM_YFINANCE_GC=F
2014-06-05,1250.699951171875,1240.5,1239.0,8.449977329799108,DERIVED_FROM_YFINANCE_GC=F
2014-06-06,1256.5999755859375,1240.5,1239.0,8.628557477678571,DERIVED_FROM_YFINANCE_GC=F
2014-06-09,1256.5999755859375,1241.199951171875,1239.699951171875,9.349984305245536,DERIVED_FROM_YFINANCE_GC=F
2014-06-10,1256.5999755859375,1241.199951171875,1239.699951171875,9.607134137834821,DERIVED_FROM_YFINANCE_GC=F
2014-06-11,1262.300048828125,1246.300048828125,1244.800048828125,10.099993024553571,DERIVED_FROM_YFINANCE_GC=F
2014-06-12,1264.4000244140625,1251.0,1249.5,9.971426827566964,DERIVED_FROM_YFINANCE_GC=F
2014-06-13,1274.5,1251.0,1249.5,10.50714111328125,DERIVED_FROM_YFINANCE_GC=F
2014-06-16,1274.699951171875,1259.0999755859375,1257.5999755859375,10.514273507254464,DERIVED_FROM_YFINANCE_GC=F
2014-06-17,1282.0999755859375,1260.0,1258.5,9.428553989955358,DERIVED_FROM_YFINANCE_GC=F
2014-06-18,1282.0999755859375,1260.9000244140625,1259.4000244140625,9.992841448102679,DERIVED_FROM_YFINANCE_GC=F
2014-06-19,1282.0999755859375,1260.9000244140625,1259.4000244140625,9.678553989955358,DERIVED_FROM_YFINANCE_GC=F
2014-06-20,1321.0,1260.9000244140625,1259.4000244140625,11.878557477678571,DERIVED_FROM_YFINANCE_GC=F
2014-06-23,1321.4000244140625,1267.4000244140625,1265.9000244140625,12.221418108258929,DERIVED_FROM_YFINANCE_GC=F
2014-06-24,1321.4000244140625,1277.199951171875,1275.699951171875,12.128557477678571,DERIVED_FROM_YFINANCE_GC=F
2014-06-25,1325.5999755859375,1306.800048828125,1305.300048828125,12.407121930803571,DERIVED_FROM_YFINANCE_GC=F
2014-06-26,1325.5999755859375,1312.0,1310.5,12.121407645089286,DERIVED_FROM_YFINANCE_GC=F
2014-06-27,1325.5999755859375,1312.0,1310.5,12.085693359375,DERIVED_FROM_YFINANCE_GC=F
2014-06-30,1323.4000244140625,1312.0,1310.5,12.34283447265625,DERIVED_FROM_YFINANCE_GC=F
2014-07-01,1328.699951171875,1311.800048828125,1310.300048828125,12.742824009486608,DERIVED_FROM_YFINANCE_GC=F
2014-07-02,1331.4000244140625,1311.800048828125,1310.300048828125,13.049961635044642,DERIVED_FROM_YFINANCE_GC=F
2014-07-03,1331.4000244140625,1311.800048828125,1310.300048828125,12.321384974888392,DERIVED_FROM_YFINANCE_GC=F
2014-07-07,1331.4000244140625,1313.0,1311.5,13.342817034040179,DERIVED_FROM_YFINANCE_GC=F
2014-07-08,1330.699951171875,1313.0,1311.5,13.049970354352679,DERIVED_FROM_YFINANCE_GC=F
2014-07-09,1327.699951171875,1313.0,1311.5,12.585684640066964,DERIVED_FROM_YFINANCE_GC=F
2014-07-10,1330.4000244140625,1313.199951171875,1311.699951171875,13.235691615513392,DERIVED_FROM_YFINANCE_GC=F
2014-07-11,1343.699951171875,1316.0,1314.5,11.185686383928571,DERIVED_FROM_YFINANCE_GC=F
2014-07-14,1343.699951171875,1323.800048828125,1322.300048828125,10.34283447265625,DERIVED_FROM_YFINANCE_GC=F
2014-07-15,1343.699951171875,1304.699951171875,1303.199951171875,12.242841448102679,DERIVED_FROM_YFINANCE_GC=F
2014-07-16,1339.0,1294.0999755859375,1292.5999755859375,12.79998779296875,DERIVED_FROM_YFINANCE_GC=F
2014-07-17,1332.800048828125,1294.0999755859375,1292.5999755859375,12.428553989955358,DERIVED_FROM_YFINANCE_GC=F
2014-07-18,1323.800048828125,1294.0999755859375,1292.5999755859375,13.457135881696429,DERIVED_FROM_YFINANCE_GC=F
2014-07-21,1323.800048828125,1296.9000244140625,1295.4000244140625,14.092851911272321,DERIVED_FROM_YFINANCE_GC=F
2014-07-22,1323.800048828125,1303.0999755859375,1301.5999755859375,13.335719517299108,DERIVED_FROM_YFINANCE_GC=F
2014-07-23,1322.699951171875,1306.0999755859375,1304.5999755859375,13.192862374441964,DERIVED_FROM_YFINANCE_GC=F
2014-07-24,1315.5,1304.5,1303.0,13.000008719308036,DERIVED_FROM_YFINANCE_GC=F
2014-07-25,1306.0999755859375,1290.5999755859375,1289.0999755859375,12.728585379464286,DERIVED_FROM_YFINANCE_GC=F
2014-07-28,1304.5,1290.5999755859375,1289.0999755859375,13.107151576450892,DERIVED_FROM_YFINANCE_GC=F
2014-07-29,1308.0,1290.5999755859375,1289.0999755859375,12.921439034598214,DERIVED_FROM_YFINANCE_GC=F
2014-07-30,1310.9000244140625,1294.800048828125,1293.300048828125,12.792864118303571,DERIVED_FROM_YFINANCE_GC=F
2014-07-31,1310.9000244140625,1291.0,1289.5,12.228585379464286,DERIVED_FROM_YFINANCE_GC=F
2014-08-01,1310.9000244140625,1280.5999755859375,1279.0999755859375,13.221444266183036,DERIVED_FROM_YFINANCE_GC=F
2014-08-04,1303.0,1279.699951171875,1278.199951171875,12.121442522321429,DERIVED_FROM_YFINANCE_GC=F
2014-08-05,1297.300048828125,1279.699951171875,1278.199951171875,11.500008719308036,DERIVED_FROM_YFINANCE_GC=F
2014-08-06,1296.5999755859375,1279.699951171875,1278.199951171875,11.778581891741071,DERIVED_FROM_YFINANCE_GC=F
2014-08-07,1309.0,1282.5999755859375,1281.0999755859375,11.835719517299108,DERIVED_FROM_YFINANCE_GC=F
2014-08-08,1313.0999755859375,1282.5999755859375,1281.0999755859375,11.414289202008929,DERIVED_FROM_YFINANCE_GC=F
2014-08-11,1321.4000244140625,1287.800048828125,1286.300048828125,11.921430315290179,DERIVED_FROM_YFINANCE_GC=F
2014-08-12,1321.4000244140625,1302.5,1301.0,11.692853655133929,DERIVED_FROM_YFINANCE_GC=F
2014-08-13,1321.4000244140625,1305.300048828125,1303.800048828125,12.292855398995536,DERIVED_FROM_YFINANCE_GC=F
2014-08-14,1315.800048828125,1305.0,1303.5,11.857142857142858,DERIVED_FROM_YFINANCE_GC=F
2014-08-15,1316.4000244140625,1305.0,1303.5,11.442862374441964,DERIVED_FROM_YFINANCE_GC=F
2014-08-18,1316.4000244140625,1292.0,1290.5,12.657148088727679,DERIVED_FROM_YFINANCE_GC=F
2014-08-19,1316.4000244140625,1292.0,1290.5,12.385724748883929,DERIVED_FROM_YFINANCE_GC=F
2014-08-20,1312.800048828125,1292.0,1290.5,12.071437290736608,DERIVED_FROM_YFINANCE_GC=F
2014-08-21,1302.0999755859375,1288.4000244140625,1286.9000244140625,11.407148088727679,DERIVED_FROM_YFINANCE_GC=F
2014-08-22,1301.5999755859375,1272.0,1270.5,11.72857666015625,DERIVED_FROM_YFINANCE_GC=F
2014-08-25,1295.800048828125,1272.0,1270.5,11.528581891741071,DERIVED_FROM_YFINANCE_GC=F
2014-08-26,1290.0,1272.0,1270.5,11.157156808035714,DERIVED_FROM_YFINANCE_GC=F
2014-08-27,1289.5,1273.699951171875,1272.199951171875,10.242867606026786,DERIVED_FROM_YFINANCE_GC=F
2014-08-28,1289.5,1273.699951171875,1272.199951171875,9.650015694754464,DERIVED_FROM_YFINANCE_GC=F
2014-08-29,1293.699951171875,1281.0999755859375,1279.5999755859375,9.535723005022321,DERIVED_FROM_YFINANCE_GC=F
2014-09-02,1293.699951171875,1281.5,1280.0,9.571437290736608,DERIVED_FROM_YFINANCE_GC=F
2014-09-03,1293.699951171875,1262.5,1261.0,10.564296177455358,DERIVED_FROM_YFINANCE_GC=F
2014-09-04,1289.699951171875,1262.5,1261.0,10.578578404017858,DERIVED_FROM_YFINANCE_GC=F
2014-09-05,1286.4000244140625,1260.4000244140625,1258.9000244140625,10.978567940848214,DERIVED_FROM_YFINANCE_GC=F
2014-09-08,1272.699951171875,1260.4000244140625,1258.9000244140625,9.7642822265625,DERIVED_FROM_YFINANCE_GC=F
2014-09-09,1272.699951171875,1252.699951171875,1251.199951171875,10.25714111328125,DERIVED_FROM_YFINANCE_GC=F
2014-09-10,1268.4000244140625,1246.800048828125,1245.300048828125,10.135707310267858,DERIVED_FROM_YFINANCE_GC=F
2014-09-11,1268.4000244140625,1243.5,1242.0,10.54998779296875,DERIVED_FROM_YFINANCE_GC=F
2014-09-12,1256.699951171875,1237.4000244140625,1235.9000244140625,9.457127162388392,DERIVED_FROM_YFINANCE_GC=F
2014-09-15,1256.699951171875,1227.0,1225.5,9.749982561383929,DERIVED_FROM_YFINANCE_GC=F
2014-09-16,1237.4000244140625,1226.699951171875,1225.199951171875,9.992841448102679,DERIVED_FROM_YFINANCE_GC=F
2014-09-17,1238.300048828125,1226.699951171875,1225.199951171875,9.457135881696429,DERIVED_FROM_YFINANCE_GC=F
2014-09-18,1238.300048828125,1221.9000244140625,1220.4000244140625,10.31427001953125,DERIVED_FROM_YFINANCE_GC=F
2014-09-19,1238.300048828125,1216.199951171875,1214.699951171875,10.77142333984375,DERIVED_FROM_YFINANCE_GC=F
2014-09-22,1236.199951171875,1215.300048828125,1213.800048828125,11.164280482700892,DERIVED_FROM_YFINANCE_GC=F
2014-09-23,1225.699951171875,1212.4000244140625,1210.9000244140625,9.77142333984375,DERIVED_FROM_YFINANCE_GC=F
2014-09-24,1221.0,1212.4000244140625,1210.9000244140625,9.499991280691964,DERIVED_FROM_YFINANCE_GC=F
2014-09-25,1221.0,1212.4000244140625,1210.9000244140625,8.921421595982142,DERIVED_FROM_YFINANCE_GC=F
2014-09-26,1221.199951171875,1209.5,1208.0,9.407130650111608,DERIVED_FROM_YFINANCE_GC=F
2014-09-29,1221.199951171875,1209.5,1208.0,8.792837960379464,DERIVED_FROM_YFINANCE_GC=F
2014-09-30,1222.199951171875,1209.5,1208.0,8.949986049107142,DERIVED_FROM_YFINANCE_GC=F
2014-10-01,1222.199951171875,1204.0,1202.5,9.021414620535714,DERIVED_FROM_YFINANCE_GC=F
2014-10-02,1222.199951171875,1204.0,1202.5,9.464276994977679,DERIVED_FROM_YFINANCE_GC=F
2014-10-03,1219.5,1204.0,1202.5,9.378557477678571,DERIVED_FROM_YFINANCE_GC=F
2014-10-06,1219.5,1191.0,1189.5,10.442836216517858,DERIVED_FROM_YFINANCE_GC=F
2014-10-07,1219.5,1182.800048828125,1181.300048828125,11.907113211495536,DERIVED_FROM_YFINANCE_GC=F
2014-10-08,1212.4000244140625,1182.800048828125,1181.300048828125,11.342825753348214,DERIVED_FROM_YFINANCE_GC=F
2014-10-09,1217.9000244140625,1182.800048828125,1181.300048828125,10.942818777901786,DERIVED_FROM_YFINANCE_GC=F
2014-10-10,1229.0,1205.300048828125,1203.800048828125,11.892822265625,DERIVED_FROM_YFINANCE_GC=F
2014-10-13,1229.0,1205.300048828125,1203.800048828125,12.121390206473214,DERIVED_FROM_YFINANCE_GC=F
2014-10-14,1234.0,1217.0,1215.5,12.749965122767858,DERIVED_FROM_YFINANCE_GC=F
2014-10-15,1235.9000244140625,1217.0,1215.5,12.921395438058036,DERIVED_FROM_YFINANCE_GC=F
2014-10-16,1247.0,1227.0,1225.5,13.042829241071429,DERIVED_FROM_YFINANCE_GC=F
2014-10-17,1247.0,1233.5999755859375,1232.0999755859375,13.064261300223214,DERIVED_FROM_YFINANCE_GC=F
2014-10-20,1247.0,1232.5999755859375,1231.0999755859375,13.049979073660714,DERIVED_FROM_YFINANCE_GC=F
2014-10-21,1244.0,1232.5999755859375,1231.0999755859375,12.649980817522321,DERIVED_FROM_YFINANCE_GC=F
2014-10-22,1251.0,1232.5999755859375,1231.0999755859375,12.271405901227679,DERIVED_FROM_YFINANCE_GC=F
2014-10-23,1251.0,1235.4000244140625,1233.9000244140625,12.057120186941964,DERIVED_FROM_YFINANCE_GC=F
2014-10-24,1251.0,1227.9000244140625,1226.4000244140625,11.607125418526786,DERIVED_FROM_YFINANCE_GC=F
2014-10-27,1244.800048828125,1227.9000244140625,1226.4000244140625,10.107125418526786,DERIVED_FROM_YFINANCE_GC=F
2014-10-28,1232.699951171875,1227.300048828125,1225.800048828125,9.928553989955358,DERIVED_FROM_YFINANCE_GC=F
2014-10-29,1232.699951171875,1224.699951171875,1223.199951171875,9.478559221540179,DERIVED_FROM_YFINANCE_GC=F
2014-10-30,1231.0,1224.300048828125,1222.800048828125,8.135698590959821,DERIVED_FROM_YFINANCE_GC=F
2014-10-31,1231.0,1195.800048828125,1194.300048828125,9.628557477678571,DERIVED_FROM_YFINANCE_GC=F
2014-11-03,1224.300048828125,1161.4000244140625,1159.9000244140625,11.435695103236608,DERIVED_FROM_YFINANCE_GC=F
2014-11-04,1214.699951171875,1161.4000244140625,1159.9000244140625,11.621416364397321,DERIVED_FROM_YFINANCE_GC=F
2014-11-05,1199.699951171875,1161.4000244140625,1159.9000244140625,11.092843191964286,DERIVED_FROM_YFINANCE_GC=F
2014-11-06,1172.300048828125,1137.800048828125,1136.300048828125,12.771405901227679,DERIVED_FROM_YFINANCE_GC=F
2014-11-07,1171.0,1137.800048828125,1136.300048828125,12.892830984933036,DERIVED_FROM_YFINANCE_GC=F
2014-11-10,1169.699951171875,1133.0,1131.5,14.899972098214286,DERIVED_FROM_YFINANCE_GC=F
2014-11-11,1171.0,1133.0,1131.5,15.8499755859375,DERIVED_FROM_YFINANCE_GC=F
2014-11-12,1171.0,1133.0,1131.5,16.757123674665177,DERIVED_FROM_YFINANCE_GC=F
2014-11-13,1171.0,1150.699951171875,1149.199951171875,16.307120186941965,DERIVED_FROM_YFINANCE_GC=F
2014-11-14,1170.5,1151.5999755859375,1150.0999755859375,16.685695103236608,DERIVED_FROM_YFINANCE_GC=F
2014-11-17,1191.0,1148.0,1146.5,19.478559221540177,DERIVED_FROM_YFINANCE_GC=F
2014-11-18,1191.0,1148.0,1146.5,19.478559221540177,DERIVED_FROM_YFINANCE_GC=F
2014-11-19,1197.0999755859375,1148.0,1146.5,20.135707310267858,DERIVED_FROM_YFINANCE_GC=F
2014-11-20,1198.300048828125,1180.5999755859375,1179.0999755859375,18.649998256138392,DERIVED_FROM_YFINANCE_GC=F
2014-11-21,1198.300048828125,1190.5999755859375,1189.0999755859375,16.121433803013392,DERIVED_FROM_YFINANCE_GC=F
2014-11-24,1202.4000244140625,1189.0,1187.5,16.421430315290177,DERIVED_FROM_YFINANCE_GC=F
2014-11-25,1202.4000244140625,1189.0,1187.5,16.164289202008927,DERIVED_FROM_YFINANCE_GC=F
2014-11-26,1202.4000244140625,1189.0,1187.5,14.071437290736608,DERIVED_FROM_YFINANCE_GC=F
2014-11-28,1201.0,1193.699951171875,1192.199951171875,13.907156808035714,DERIVED_FROM_YFINANCE_GC=F
2014-12-01,1201.0,1163.800048828125,1162.300048828125,13.742867606026786,DERIVED_FROM_YFINANCE_GC=F
2014-12-02,1220.4000244140625,1141.699951171875,1140.199951171875,17.914297921316965,DERIVED_FROM_YFINANCE_GC=F
2014-12-03,1220.4000244140625,1141.699951171875,1140.199951171875,18.471435546875,DERIVED_FROM_YFINANCE_GC=F
2014-12-04,1220.4000244140625,1141.699951171875,1140.199951171875,18.971435546875,DERIVED_FROM_YFINANCE_GC=F
2014-12-05,1213.699951171875,1191.300048828125,1189.800048828125,19.107151576450892,DERIVED_FROM_YFINANCE_GC=F
2014-12-08,1213.699951171875,1186.699951171875,1185.199951171875,17.521440778459823,DERIVED_FROM_YFINANCE_GC=F
2014-12-09,1213.0,1186.699951171875,1185.199951171875,18.485726492745535,DERIVED_FROM_YFINANCE_GC=F
2014-12-10,1238.0,1186.699951171875,1185.199951171875,20.571446010044642,DERIVED_FROM_YFINANCE_GC=F
2014-12-11,1238.0,1187.199951171875,1185.699951171875,20.592869349888392,DERIVED_FROM_YFINANCE_GC=F
2014-12-12,1238.0,1202.0,1200.5,21.4571533203125,DERIVED_FROM_YFINANCE_GC=F
2014-12-15,1234.5999755859375,1216.199951171875,1214.699951171875,21.328587123325892,DERIVED_FROM_YFINANCE_GC=F
2014-12-16,1231.199951171875,1198.4000244140625,1196.9000244140625,22.921439034598215,DERIVED_FROM_YFINANCE_GC=F
2014-12-17,1227.800048828125,1192.699951171875,1191.199951171875,24.900015694754465,DERIVED_FROM_YFINANCE_GC=F
2014-12-18,1223.0999755859375,1184.0,1182.5,25.492867606026785,DERIVED_FROM_YFINANCE_GC=F
2014-12-19,1222.0,1184.0,1182.5,24.292881556919642,DERIVED_FROM_YFINANCE_GC=F
2014-12-22,1207.300048828125,1184.0,1182.5,19.107169015066965,DERIVED_FROM_YFINANCE_GC=F
2014-12-23,1207.300048828125,1172.699951171875,1171.199951171875,19.007175990513392,DERIVED_FROM_YFINANCE_GC=F
2014-12-24,1200.800048828125,1172.699951171875,1171.199951171875,18.128609793526785,DERIVED_FROM_YFINANCE_GC=F
2014-12-26,1198.0,1172.699951171875,1171.199951171875,17.728611537388392,DERIVED_FROM_YFINANCE_GC=F
2014-12-29,1195.300048828125,1173.5,1172.0,17.800040108816965,DERIVED_FROM_YFINANCE_GC=F
2014-12-30,1195.300048828125,1173.5,1172.0,17.385750906808035,DERIVED_FROM_YFINANCE_GC=F
2014-12-31,1210.300048828125,1177.199951171875,1175.699951171875,16.357177734375,DERIVED_FROM_YFINANCE_GC=F
2015-01-02,1210.300048828125,1181.300048828125,1179.800048828125,17.035749162946427,DERIVED_FROM_YFINANCE_GC=F
2015-01-05,1210.300048828125,1169.5,1168.0,17.750034877232142,DERIVED_FROM_YFINANCE_GC=F
2015-01-06,1206.9000244140625,1169.5,1168.0,18.835745675223215,DERIVED_FROM_YFINANCE_GC=F
2015-01-07,1220.0,1169.5,1168.0,18.250034877232142,DERIVED_FROM_YFINANCE_GC=F
2015-01-08,1220.0,1180.0999755859375,1178.5999755859375,16.778608049665177,DERIVED_FROM_YFINANCE_GC=F
2015-01-09,1220.0,1203.5,1202.0,16.335745675223215,DERIVED_FROM_YFINANCE_GC=F
2015-01-12,1220.199951171875,1206.300048828125,1204.800048828125,15.92144775390625,DERIVED_FROM_YFINANCE_GC=F
2015-01-13,1234.4000244140625,1206.300048828125,1204.800048828125,16.800013950892858,DERIVED_FROM_YFINANCE_GC=F
2015-01-14,1239.300048828125,1210.300048828125,1208.800048828125,15.635724748883929,DERIVED_FROM_YFINANCE_GC=F
2015-01-15,1243.800048828125,1219.0999755859375,1217.5999755859375,16.557155064174108,DERIVED_FROM_YFINANCE_GC=F
2015-01-16,1265.0,1225.5999755859375,1224.0999755859375,18.835719517299108,DERIVED_FROM_YFINANCE_GC=F
2015-01-20,1279.699951171875,1225.5999755859375,1224.0999755859375,18.964285714285715,DERIVED_FROM_YFINANCE_GC=F
2015-01-21,1297.300048828125,1227.300048828125,1225.800048828125,19.642857142857142,DERIVED_FROM_YFINANCE_GC=F
2015-01-22,1303.5,1256.0999755859375,1254.5999755859375,18.778573172433035,DERIVED_FROM_YFINANCE_GC=F
2015-01-23,1303.5,1273.800048828125,1272.300048828125,18.857142857142858,DERIVED_FROM_YFINANCE_GC=F
2015-01-26,1303.5,1283.5,1282.0,17.649998256138392,DERIVED_FROM_YFINANCE_GC=F
2015-01-27,1302.0999755859375,1279.4000244140625,1277.9000244140625,16.678562709263392,DERIVED_FROM_YFINANCE_GC=F
2015-01-28,1299.800048828125,1277.199951171875,1275.699951171875,16.53570556640625,DERIVED_FROM_YFINANCE_GC=F
2015-01-29,1291.699951171875,1277.199951171875,1275.699951171875,16.32855224609375,DERIVED_FROM_YFINANCE_GC=F
2015-01-30,1291.699951171875,1251.0,1249.5,18.149989536830358,DERIVED_FROM_YFINANCE_GC=F
2015-02-02,1286.800048828125,1251.0,1249.5,19.428571428571427,DERIVED_FROM_YFINANCE_GC=F
2015-02-03,1285.4000244140625,1251.0,1249.5,19.407139369419642,DERIVED_FROM_YFINANCE_GC=F
2015-02-04,1284.699951171875,1255.300048828125,1253.800048828125,20.864275251116073,DERIVED_FROM_YFINANCE_GC=F
2015-02-05,1284.699951171875,1255.300048828125,1253.800048828125,20.621407645089285,DERIVED_FROM_YFINANCE_GC=F
2015-02-06,1284.699951171875,1255.300048828125,1253.800048828125,18.985691615513392,DERIVED_FROM_YFINANCE_GC=F
2015-02-09,1272.5999755859375,1228.0,1226.5,20.128548758370535,DERIVED_FROM_YFINANCE_GC=F
2015-02-10,1272.5999755859375,1228.0,1226.5,19.049979073660715,DERIVED_FROM_YFINANCE_GC=F
2015-02-11,1267.5999755859375,1228.0,1226.5,18.835693359375,DERIVED_FROM_YFINANCE_GC=F
2015-02-12,1245.0,1219.0,1217.5,18.8214111328125,DERIVED_FROM_YFINANCE_GC=F
2015-02-13,1245.0,1217.9000244140625,1216.4000244140625,19.092843191964285,DERIVED_FROM_YFINANCE_GC=F
2015-02-17,1237.4000244140625,1217.9000244140625,1216.4000244140625,19.057137625558035,DERIVED_FROM_YFINANCE_GC=F
2015-02-18,1234.0,1203.0,1201.5,20.235709054129465,DERIVED_FROM_YFINANCE_GC=F
2015-02-19,1234.0,1197.800048828125,1196.300048828125,20.707135881696427,DERIVED_FROM_YFINANCE_GC=F
2015-02-20,1234.0,1197.800048828125,1196.300048828125,19.664280482700892,DERIVED_FROM_YFINANCE_GC=F
2015-02-23,1220.0,1197.800048828125,1196.300048828125,18.5428466796875,DERIVED_FROM_YFINANCE_GC=F
2015-02-24,1220.0,1191.5999755859375,1190.0999755859375,18.164280482700892,DERIVED_FROM_YFINANCE_GC=F
2015-02-25,1213.0999755859375,1191.5999755859375,1190.0999755859375,16.75714111328125,DERIVED_FROM_YFINANCE_GC=F
2015-02-26,1204.5999755859375,1191.5999755859375,1190.0999755859375,16.25,DERIVED_FROM_YFINANCE_GC=F
2015-02-27,1219.0,1193.800048828125,1192.300048828125,16.47857666015625,DERIVED_FROM_YFINANCE_GC=F
2015-03-02,1219.0,1201.0,1199.5,14.600010463169642,DERIVED_FROM_YFINANCE_GC=F
2015-03-03,1222.699951171875,1204.5,1203.0,15.271432059151786,DERIVED_FROM_YFINANCE_GC=F
2015-03-04,1222.699951171875,1195.0,1193.5,15.5,DERIVED_FROM_YFINANCE_GC=F
2015-03-05,1222.699951171875,1195.0,1193.5,14.821428571428571,DERIVED_FROM_YFINANCE_GC=F
2015-03-06,1212.0,1195.0,1193.5,14.649998256138392,DERIVED_FROM_YFINANCE_GC=F
2015-03-09,1206.9000244140625,1163.699951171875,1162.199951171875,16.042855398995535,DERIVED_FROM_YFINANCE_GC=F
2015-03-10,1205.4000244140625,1163.699951171875,1162.199951171875,14.549996512276786,DERIVED_FROM_YFINANCE_GC=F
2015-03-11,1195.699951171875,1156.5,1155.0,14.514290945870536,DERIVED_FROM_YFINANCE_GC=F
2015-03-12,1174.199951171875,1147.699951171875,1146.199951171875,14.085719517299108,DERIVED_FROM_YFINANCE_GC=F
2015-03-13,1168.4000244140625,1147.699951171875,1146.199951171875,13.857151576450892,DERIVED_FROM_YFINANCE_GC=F
2015-03-16,1162.0,1147.699951171875,1146.199951171875,13.450003487723214,DERIVED_FROM_YFINANCE_GC=F
2015-03-17,1162.300048828125,1149.699951171875,1148.199951171875,13.628583635602679,DERIVED_FROM_YFINANCE_GC=F
2015-03-18,1162.300048828125,1144.300048828125,1142.800048828125,14.071437290736608,DERIVED_FROM_YFINANCE_GC=F
2015-03-19,1174.300048828125,1144.300048828125,1142.800048828125,14.735726492745536,DERIVED_FROM_YFINANCE_GC=F
2015-03-20,1174.300048828125,1144.300048828125,1142.800048828125,15.22857666015625,DERIVED_FROM_YFINANCE_GC=F
2015-03-23,1185.4000244140625,1147.0,1145.5,15.121442522321429,DERIVED_FROM_YFINANCE_GC=F
2015-03-24,1188.0,1159.300048828125,1157.800048828125,14.392874581473214,DERIVED_FROM_YFINANCE_GC=F
2015-03-25,1193.0,1171.0,1169.5,14.257158551897321,DERIVED_FROM_YFINANCE_GC=F
2015-03-26,1199.199951171875,1181.199951171875,1179.699951171875,14.114301409040179,DERIVED_FROM_YFINANCE_GC=F
2015-03-27,1213.699951171875,1186.0,1184.5,12.9857177734375,DERIVED_FROM_YFINANCE_GC=F
2015-03-30,1213.699951171875,1192.5,1191.0,12.892857142857142,DERIVED_FROM_YFINANCE_GC=F
2015-03-31,1213.699951171875,1181.5999755859375,1180.0999755859375,13.342860630580358,DERIVED_FROM_YFINANCE_GC=F
2015-04-01,1199.800048828125,1178.199951171875,1176.699951171875,13.171430315290179,DERIVED_FROM_YFINANCE_GC=F
2015-04-02,1208.199951171875,1178.199951171875,1176.699951171875,14.342851911272321,DERIVED_FROM_YFINANCE_GC=F
2015-04-06,1208.199951171875,1178.199951171875,1176.699951171875,14.78570556640625,DERIVED_FROM_YFINANCE_GC=F
2015-04-07,1224.199951171875,1181.0,1179.5,15.57855224609375,DERIVED_FROM_YFINANCE_GC=F
2015-04-08,1224.199951171875,1194.800048828125,1193.300048828125,15.328560965401786,DERIVED_FROM_YFINANCE_GC=F
2015-04-09,1224.199951171875,1197.5999755859375,1196.0999755859375,14.364275251116071,DERIVED_FROM_YFINANCE_GC=F
2015-04-10,1214.800048828125,1193.0,1191.5,13.642848423549108,DERIVED_FROM_YFINANCE_GC=F
2015-04-13,1211.4000244140625,1193.0,1191.5,13.621416364397321,DERIVED_FROM_YFINANCE_GC=F
2015-04-14,1209.5999755859375,1193.0,1191.5,13.835693359375,DERIVED_FROM_YFINANCE_GC=F
2015-04-15,1209.5999755859375,1184.0999755859375,1182.5999755859375,14.514264787946429,DERIVED_FROM_YFINANCE_GC=F
2015-04-16,1208.0999755859375,1184.0999755859375,1182.5999755859375,15.014264787946429,DERIVED_FROM_YFINANCE_GC=F
2015-04-17,1208.5,1184.0999755859375,1182.5999755859375,14.835702078683036,DERIVED_FROM_YFINANCE_GC=F
2015-04-20,1208.5,1188.5999755859375,1187.0999755859375,14.778564453125,DERIVED_FROM_YFINANCE_GC=F
2015-04-21,1208.5,1191.0,1189.5,14.614275251116071,DERIVED_FROM_YFINANCE_GC=F
2015-04-22,1206.9000244140625,1191.0,1189.5,14.485700334821429,DERIVED_FROM_YFINANCE_GC=F
2015-04-23,1206.9000244140625,1185.199951171875,1183.699951171875,13.807137625558036,DERIVED_FROM_YFINANCE_GC=F
2015-04-24,1202.9000244140625,1185.199951171875,1183.699951171875,13.635716029575892,DERIVED_FROM_YFINANCE_GC=F
2015-04-27,1202.5999755859375,1174.5999755859375,1173.0999755859375,13.407148088727679,DERIVED_FROM_YFINANCE_GC=F
2015-04-28,1206.699951171875,1174.5999755859375,1173.0999755859375,14.914289202008929,DERIVED_FROM_YFINANCE_GC=F
2015-04-29,1214.0,1174.5999755859375,1173.0999755859375,14.950003487723214,DERIVED_FROM_YFINANCE_GC=F
2015-04-30,1214.0,1181.4000244140625,1179.9000244140625,15.092860630580358,DERIVED_FROM_YFINANCE_GC=F
2015-05-01,1214.0,1176.699951171875,1175.199951171875,16.314296177455358,DERIVED_FROM_YFINANCE_GC=F
2015-05-04,1212.5999755859375,1170.0,1168.5,16.500017438616073,DERIVED_FROM_YFINANCE_GC=F
2015-05-05,1205.9000244140625,1170.0,1168.5,16.385733468191965,DERIVED_FROM_YFINANCE_GC=F
2015-05-06,1198.699951171875,1170.0,1168.5,16.20001220703125,DERIVED_FROM_YFINANCE_GC=F
2015-05-07,1198.699951171875,1177.5,1176.0,15.542864118303571,DERIVED_FROM_YFINANCE_GC=F
2015-05-08,1198.699951171875,1179.699951171875,1178.199951171875,15.728585379464286,DERIVED_FROM_YFINANCE_GC=F
2015-05-11,1194.5999755859375,1179.699951171875,1178.199951171875,15.071437290736608,DERIVED_FROM_YFINANCE_GC=F
2015-05-12,1190.5,1179.300048828125,1177.800048828125,15.150006975446429,DERIVED_FROM_YFINANCE_GC=F
2015-05-13,1194.800048828125,1179.300048828125,1177.800048828125,14.71429443359375,DERIVED_FROM_YFINANCE_GC=F
2015-05-14,1218.4000244140625,1179.300048828125,1177.800048828125,15.892865862165179,DERIVED_FROM_YFINANCE_GC=F
2015-05-15,1225.5999755859375,1189.699951171875,1188.199951171875,15.250008719308036,DERIVED_FROM_YFINANCE_GC=F
2015-05-18,1225.5999755859375,1191.0,1189.5,13.764290945870536,DERIVED_FROM_YFINANCE_GC=F
2015-05-19,1228.0999755859375,1214.5,1213.0,13.135716029575892,DERIVED_FROM_YFINANCE_GC=F
2015-05-20,1228.0999755859375,1206.0,1204.5,13.828578404017858,DERIVED_FROM_YFINANCE_GC=F
2015-05-21,1228.0999755859375,1205.0999755859375,1203.5999755859375,11.871433803013392,DERIVED_FROM_YFINANCE_GC=F
2015-05-22,1223.9000244140625,1203.699951171875,1202.199951171875,11.357151576450892,DERIVED_FROM_YFINANCE_GC=F
2015-05-26,1211.9000244140625,1203.699951171875,1202.199951171875,10.835719517299108,DERIVED_FROM_YFINANCE_GC=F
2015-05-27,1211.9000244140625,1186.0,1184.5,11.292872837611608,DERIVED_FROM_YFINANCE_GC=F
2015-05-28,1211.9000244140625,1185.9000244140625,1184.4000244140625,11.050013950892858,DERIVED_FROM_YFINANCE_GC=F
2015-05-29,1193.5999755859375,1179.5999755859375,1178.0999755859375,11.178580147879464,DERIVED_FROM_YFINANCE_GC=F
2015-06-01,1193.300048828125,1179.5999755859375,1178.0999755859375,11.242876325334821,DERIVED_FROM_YFINANCE_GC=F
2015-06-02,1204.0,1179.5999755859375,1178.0999755859375,11.850019182477679,DERIVED_FROM_YFINANCE_GC=F
2015-06-03,1204.0,1184.300048828125,1182.800048828125,11.614301409040179,DERIVED_FROM_YFINANCE_GC=F
2015-06-04,1204.0,1179.0999755859375,1177.5999755859375,10.728585379464286,DERIVED_FROM_YFINANCE_GC=F
2015-06-05,1194.300048828125,1173.0,1171.5,10.814304896763392,DERIVED_FROM_YFINANCE_GC=F
2015-06-08,1193.9000244140625,1164.0,1162.5,11.000026157924108,DERIVED_FROM_YFINANCE_GC=F
2015-06-09,1185.300048828125,1164.0,1162.5,11.200020926339286,DERIVED_FROM_YFINANCE_GC=F
2015-06-10,1180.300048828125,1164.0,1162.5,10.185738699776786,DERIVED_FROM_YFINANCE_GC=F
2015-06-11,1190.0999755859375,1169.0999755859375,1167.5999755859375,10.814304896763392,DERIVED_FROM_YFINANCE_GC=F
2015-06-12,1190.0999755859375,1172.699951171875,1171.199951171875,11.278581891741071,DERIVED_FROM_YFINANCE_GC=F
2015-06-15,1190.0999755859375,1174.4000244140625,1172.9000244140625,11.092869349888392,DERIVED_FROM_YFINANCE_GC=F
2015-06-16,1188.5,1172.699951171875,1171.199951171875,10.914297921316964,DERIVED_FROM_YFINANCE_GC=F
2015-06-17,1188.5,1172.699951171875,1171.199951171875,11.578587123325892,DERIVED_FROM_YFINANCE_GC=F
2015-06-18,1188.5,1172.699951171875,1171.199951171875,11.507158551897321,DERIVED_FROM_YFINANCE_GC=F
2015-06-19,1202.0,1174.9000244140625,1173.4000244140625,12.792864118303571,DERIVED_FROM_YFINANCE_GC=F
2015-06-22,1203.0999755859375,1174.9000244140625,1173.4000244140625,11.628583635602679,DERIVED_FROM_YFINANCE_GC=F
2015-06-23,1203.0999755859375,1182.699951171875,1181.199951171875,12.378583635602679,DERIVED_FROM_YFINANCE_GC=F
2015-06-24,1203.0999755859375,1176.199951171875,1174.699951171875,12.007158551897321,DERIVED_FROM_YFINANCE_GC=F
2015-06-25,1197.800048828125,1170.699951171875,1169.199951171875,11.550013950892858,DERIVED_FROM_YFINANCE_GC=F
2015-06-26,1186.0,1170.699951171875,1169.199951171875,10.914297921316964,DERIVED_FROM_YFINANCE_GC=F
2015-06-29,1176.5999755859375,1170.5,1169.0,10.492876325334821,DERIVED_FROM_YFINANCE_GC=F
2015-06-30,1186.0,1170.5,1169.0,10.885724748883929,DERIVED_FROM_YFINANCE_GC=F
2015-07-01,1186.0,1166.5999755859375,1165.0999755859375,10.70001220703125,DERIVED_FROM_YFINANCE_GC=F
2015-07-02,1186.0,1166.5999755859375,1165.0999755859375,10.328587123325892,DERIVED_FROM_YFINANCE_GC=F
2015-07-06,1176.4000244140625,1155.5,1154.0,10.93572998046875,DERIVED_FROM_YFINANCE_GC=F
2015-07-07,1173.0999755859375,1155.5,1154.0,10.578587123325892,DERIVED_FROM_YFINANCE_GC=F
2015-07-08,1173.0,1149.5,1148.0,11.492876325334821,DERIVED_FROM_YFINANCE_GC=F
2015-07-09,1173.0,1146.4000244140625,1144.9000244140625,11.885733468191964,DERIVED_FROM_YFINANCE_GC=F
2015-07-10,1166.800048828125,1146.4000244140625,1144.9000244140625,10.68572998046875,DERIVED_FROM_YFINANCE_GC=F
2015-07-13,1163.5999755859375,1146.4000244140625,1144.9000244140625,10.721444266183036,DERIVED_FROM_YFINANCE_GC=F
2015-07-14,1163.5999755859375,1151.199951171875,1149.699951171875,9.93572998046875,DERIVED_FROM_YFINANCE_GC=F
2015-07-15,1161.4000244140625,1151.199951171875,1149.699951171875,9.535723005022321,DERIVED_FROM_YFINANCE_GC=F
2015-07-16,1159.0,1144.800048828125,1143.300048828125,9.771432059151786,DERIVED_FROM_YFINANCE_GC=F
2015-07-17,1157.199951171875,1142.9000244140625,1141.4000244140625,9.7642822265625,DERIVED_FROM_YFINANCE_GC=F
2015-07-20,1154.0,1130.199951171875,1128.699951171875,10.578569684709821,DERIVED_FROM_YFINANCE_GC=F
2015-07-21,1146.199951171875,1095.0999755859375,1093.5999755859375,12.264290945870536,DERIVED_FROM_YFINANCE_GC=F
2015-07-22,1144.0,1095.0999755859375,1093.5999755859375,12.100001743861608,DERIVED_FROM_YFINANCE_GC=F
2015-07-23,1130.699951171875,1086.0,1084.5,12.878574916294642,DERIVED_FROM_YFINANCE_GC=F
2015-07-24,1106.4000244140625,1086.0,1084.5,12.614283970424108,DERIVED_FROM_YFINANCE_GC=F
2015-07-27,1100.699951171875,1078.5999755859375,1077.0999755859375,13.421421595982142,DERIVED_FROM_YFINANCE_GC=F
2015-07-28,1102.5,1078.5999755859375,1077.0999755859375,12.957135881696429,DERIVED_FROM_YFINANCE_GC=F
2015-07-29,1102.5,1078.5999755859375,1077.0999755859375,11.849984305245536,DERIVED_FROM_YFINANCE_GC=F
2015-07-30,1102.5,1092.699951171875,1091.199951171875,11.52142333984375,DERIVED_FROM_YFINANCE_GC=F
2015-07-31,1097.699951171875,1081.0,1079.5,12.421421595982142,DERIVED_FROM_YFINANCE_GC=F
2015-08-03,1102.800048828125,1079.0999755859375,1077.5999755859375,13.557137625558036,DERIVED_FROM_YFINANCE_GC=F
2015-08-04,1102.800048828125,1079.0999755859375,1077.5999755859375,14.121425083705358,DERIVED_FROM_YFINANCE_GC=F
2015-08-05,1102.800048828125,1079.0999755859375,1077.5999755859375,14.421430315290179,DERIVED_FROM_YFINANCE_GC=F
2015-08-06,1097.0999755859375,1080.5,1079.0,14.700003487723214,DERIVED_FROM_YFINANCE_GC=F
2015-08-07,1093.9000244140625,1080.5,1079.0,14.328569684709821,DERIVED_FROM_YFINANCE_GC=F
2015-08-10,1098.300048828125,1081.699951171875,1080.199951171875,12.892857142857142,DERIVED_FROM_YFINANCE_GC=F
2015-08-11,1107.5999755859375,1081.699951171875,1080.199951171875,13.5,DERIVED_FROM_YFINANCE_GC=F
2015-08-12,1116.699951171875,1081.699951171875,1080.199951171875,13.878566196986608,DERIVED_FROM_YFINANCE_GC=F
2015-08-13,1124.5,1089.5,1088.0,14.821428571428571,DERIVED_FROM_YFINANCE_GC=F
2015-08-14,1124.5,1094.0,1092.5,14.050005231584821,DERIVED_FROM_YFINANCE_GC=F
2015-08-17,1124.5,1101.5,1100.0,13.292864118303571,DERIVED_FROM_YFINANCE_GC=F
2015-08-18,1124.300048828125,1112.5,1111.0,13.842869349888392,DERIVED_FROM_YFINANCE_GC=F
2015-08-19,1122.0,1110.0,1108.5,14.157148088727679,DERIVED_FROM_YFINANCE_GC=F
2015-08-20,1134.300048828125,1110.0,1108.5,14.22857666015625,DERIVED_FROM_YFINANCE_GC=F
2015-08-21,1153.300048828125,1110.0,1108.5,14.335719517299108,DERIVED_FROM_YFINANCE_GC=F
2015-08-24,1166.5,1116.800048828125,1115.300048828125,14.614292689732142,DERIVED_FROM_YFINANCE_GC=F
2015-08-25,1169.0,1132.800048828125,1131.300048828125,15.192862374441964,DERIVED_FROM_YFINANCE_GC=F
2015-08-26,1169.0,1134.0,1132.5,16.142865862165177,DERIVED_FROM_YFINANCE_GC=F
2015-08-27,1169.0,1119.5999755859375,1118.0999755859375,17.20001220703125,DERIVED_FROM_YFINANCE_GC=F
2015-08-28,1155.5,1118.4000244140625,1116.9000244140625,16.657148088727677,DERIVED_FROM_YFINANCE_GC=F
2015-08-31,1143.0,1118.4000244140625,1116.9000244140625,16.550005231584823,DERIVED_FROM_YFINANCE_GC=F
2015-09-01,1139.0,1118.4000244140625,1116.9000244140625,15.585719517299108,DERIVED_FROM_YFINANCE_GC=F
2015-09-02,1144.699951171875,1123.5999755859375,1122.0999755859375,14.878574916294642,DERIVED_FROM_YFINANCE_GC=F
2015-09-03,1144.699951171875,1124.800048828125,1123.300048828125,14.75714111328125,DERIVED_FROM_YFINANCE_GC=F
2015-09-04,1144.699951171875,1120.300048828125,1118.800048828125,15.207135881696429,DERIVED_FROM_YFINANCE_GC=F
2015-09-08,1140.4000244140625,1116.199951171875,1114.699951171875,15.199994768415179,DERIVED_FROM_YFINANCE_GC=F
2015-09-09,1132.9000244140625,1116.199951171875,1114.699951171875,15.149998256138392,DERIVED_FROM_YFINANCE_GC=F
2015-09-10,1125.199951171875,1102.0999755859375,1100.5999755859375,15.428571428571429,DERIVED_FROM_YFINANCE_GC=F
2015-09-11,1124.300048828125,1102.0999755859375,1100.5999755859375,14.435712541852679,DERIVED_FROM_YFINANCE_GC=F
2015-09-14,1123.5,1098.199951171875,1096.699951171875,14.25714111328125,DERIVED_FROM_YFINANCE_GC=F
2015-09-15,1113.5,1098.199951171875,1096.699951171875,13.085710797991071,DERIVED_FROM_YFINANCE_GC=F
2015-09-16,1111.699951171875,1098.199951171875,1096.699951171875,11.899989536830358,DERIVED_FROM_YFINANCE_GC=F
2015-09-17,1119.9000244140625,1102.800048828125,1101.300048828125,11.449986049107142,DERIVED_FROM_YFINANCE_GC=F
2015-09-18,1130.5,1102.800048828125,1101.300048828125,11.764273507254464,DERIVED_FROM_YFINANCE_GC=F
2015-09-21,1141.199951171875,1109.800048828125,1108.300048828125,12.285696847098214,DERIVED_FROM_YFINANCE_GC=F
2015-09-22,1141.199951171875,1117.0999755859375,1115.5999755859375,12.178553989955358,DERIVED_FROM_YFINANCE_GC=F
2015-09-23,1141.199951171875,1122.5,1121.0,12.135698590959821,DERIVED_FROM_YFINANCE_GC=F
2015-09-24,1138.5,1122.5,1121.0,11.964268275669642,DERIVED_FROM_YFINANCE_GC=F
2015-09-25,1155.9000244140625,1122.5,1121.0,12.79998779296875,DERIVED_FROM_YFINANCE_GC=F
2015-09-28,1155.9000244140625,1128.300048828125,1126.800048828125,12.899989536830358,DERIVED_FROM_YFINANCE_GC=F
2015-09-29,1155.9000244140625,1132.0,1130.5,13.335702078683036,DERIVED_FROM_YFINANCE_GC=F
2015-09-30,1149.800048828125,1124.300048828125,1122.800048828125,12.528555733816964,DERIVED_FROM_YFINANCE_GC=F
2015-10-01,1134.4000244140625,1112.0999755859375,1110.5999755859375,12.792837960379464,DERIVED_FROM_YFINANCE_GC=F
2015-10-02,1134.4000244140625,1112.0999755859375,1110.5999755859375,12.235691615513392,DERIVED_FROM_YFINANCE_GC=F
2015-10-05,1141.199951171875,1105.800048828125,1104.300048828125,14.399972098214286,DERIVED_FROM_YFINANCE_GC=F
2015-10-06,1141.699951171875,1105.800048828125,1104.300048828125,14.707118443080358,DERIVED_FROM_YFINANCE_GC=F
2015-10-07,1150.0,1105.800048828125,1104.300048828125,14.464259556361608,DERIVED_FROM_YFINANCE_GC=F
2015-10-08,1152.9000244140625,1132.5,1131.0,14.214259556361608,DERIVED_FROM_YFINANCE_GC=F
2015-10-09,1152.9000244140625,1136.300048828125,1134.800048828125,13.242841448102679,DERIVED_FROM_YFINANCE_GC=F
2015-10-12,1157.199951171875,1138.699951171875,1137.199951171875,13.585702078683036,DERIVED_FROM_YFINANCE_GC=F
2015-10-13,1166.800048828125,1138.699951171875,1137.199951171875,13.471418108258929,DERIVED_FROM_YFINANCE_GC=F
2015-10-14,1166.800048828125,1151.5999755859375,1150.0999755859375,13.764273507254464,DERIVED_FROM_YFINANCE_GC=F
2015-10-15,1189.0,1154.9000244140625,1153.4000244140625,13.685695103236608,DERIVED_FROM_YFINANCE_GC=F
2015-10-16,1189.0,1154.9000244140625,1153.4000244140625,13.692836216517858,DERIVED_FROM_YFINANCE_GC=F
2015-10-19,1189.0,1167.300048828125,1165.800048828125,13.528555733816964,DERIVED_FROM_YFINANCE_GC=F
2015-10-20,1188.300048828125,1169.300048828125,1167.800048828125,13.82855224609375,DERIVED_FROM_YFINANCE_GC=F
2015-10-21,1184.0999755859375,1168.699951171875,1167.199951171875,13.499982561383929,DERIVED_FROM_YFINANCE_GC=F
2015-10-22,1179.0999755859375,1164.9000244140625,1163.4000244140625,14.028555733816964,DERIVED_FROM_YFINANCE_GC=F
2015-10-23,1179.0999755859375,1163.5,1162.0,11.864275251116071,DERIVED_FROM_YFINANCE_GC=F
2015-10-26,1178.699951171875,1163.300048828125,1161.800048828125,12.30712890625,DERIVED_FROM_YFINANCE_GC=F
2015-10-27,1178.699951171875,1163.300048828125,1161.800048828125,11.80712890625,DERIVED_FROM_YFINANCE_GC=F
2015-10-28,1178.699951171875,1162.0,1160.5,11.457127162388392,DERIVED_FROM_YFINANCE_GC=F
2015-10-29,1182.699951171875,1162.0,1160.5,11.85711669921875,DERIVED_FROM_YFINANCE_GC=F
2015-10-30,1182.699951171875,1144.9000244140625,1143.4000244140625,13.264256068638392,DERIVED_FROM_YFINANCE_GC=F
2015-11-02,1182.699951171875,1139.199951171875,1137.699951171875,13.085684640066964,DERIVED_FROM_YFINANCE_GC=F
2015-11-03,1162.0,1132.5999755859375,1131.0999755859375,12.914263044084821,DERIVED_FROM_YFINANCE_GC=F
2015-11-04,1147.5999755859375,1114.199951171875,1112.699951171875,12.79998779296875,DERIVED_FROM_YFINANCE_GC=F
2015-11-05,1138.699951171875,1106.5,1105.0,13.149989536830358,DERIVED_FROM_YFINANCE_GC=F
2015-11-06,1134.699951171875,1104.4000244140625,1102.9000244140625,12.764264787946429,DERIVED_FROM_YFINANCE_GC=F
2015-11-09,1121.9000244140625,1084.800048828125,1083.300048828125,13.507123674665179,DERIVED_FROM_YFINANCE_GC=F
2015-11-10,1110.699951171875,1084.800048828125,1083.300048828125,12.835693359375,DERIVED_FROM_YFINANCE_GC=F
2015-11-11,1109.5,1084.800048828125,1083.300048828125,12.349984305245536,DERIVED_FROM_YFINANCE_GC=F
2015-11-12,1091.4000244140625,1084.199951171875,1082.699951171875,12.499991280691964,DERIVED_FROM_YFINANCE_GC=F
2015-11-13,1091.4000244140625,1080.800048828125,1079.300048828125,11.814278738839286,DERIVED_FROM_YFINANCE_GC=F
2015-11-16,1091.4000244140625,1080.800048828125,1079.300048828125,11.699994768415179,DERIVED_FROM_YFINANCE_GC=F
2015-11-17,1092.4000244140625,1080.800048828125,1079.300048828125,12.171421595982142,DERIVED_FROM_YFINANCE_GC=F
2015-11-18,1092.4000244140625,1065.0999755859375,1063.5999755859375,12.364283970424108,DERIVED_FROM_YFINANCE_GC=F
2015-11-19,1092.4000244140625,1064.0,1062.5,10.628574916294642,DERIVED_FROM_YFINANCE_GC=F
2015-11-20,1082.4000244140625,1064.0,1062.5,11.0,DERIVED_FROM_YFINANCE_GC=F
2015-11-23,1082.9000244140625,1064.0,1062.5,10.828569684709821,DERIVED_FROM_YFINANCE_GC=F
2015-11-24,1082.9000244140625,1066.800048828125,1065.300048828125,9.971418108258929,DERIVED_FROM_YFINANCE_GC=F
2015-11-25,1082.9000244140625,1066.800048828125,1065.300048828125,9.771414620535714,DERIVED_FROM_YFINANCE_GC=F
2015-11-27,1079.4000244140625,1066.800048828125,1065.300048828125,9.735709054129464,DERIVED_FROM_YFINANCE_GC=F
2015-11-30,1079.4000244140625,1051.0999755859375,1049.5999755859375,9.621425083705358,DERIVED_FROM_YFINANCE_GC=F
2015-12-01,1074.199951171875,1051.0999755859375,1049.5999755859375,10.714285714285714,DERIVED_FROM_YFINANCE_GC=F
2015-12-02,1074.5999755859375,1051.0999755859375,1049.5999755859375,11.064278738839286,DERIVED_FROM_YFINANCE_GC=F
2015-12-03,1074.5999755859375,1049.5999755859375,1048.0999755859375,11.971418108258929,DERIVED_FROM_YFINANCE_GC=F
2015-12-04,1074.5999755859375,1046.199951171875,1044.699951171875,12.871425083705358,DERIVED_FROM_YFINANCE_GC=F
2015-12-07,1088.800048828125,1046.199951171875,1044.699951171875,14.657148088727679,DERIVED_FROM_YFINANCE_GC=F
2015-12-08,1088.800048828125,1046.199951171875,1044.699951171875,15.192862374441964,DERIVED_FROM_YFINANCE_GC=F
2015-12-09,1088.800048828125,1058.699951171875,1057.199951171875,14.492867606026786,DERIVED_FROM_YFINANCE_GC=F
2015-12-10,1086.5,1067.4000244140625,1065.9000244140625,15.028581891741071,DERIVED_FROM_YFINANCE_GC=F
2015-12-11,1086.0,1069.5999755859375,1068.0999755859375,14.478585379464286,DERIVED_FROM_YFINANCE_GC=F
2015-12-14,1086.0,1064.4000244140625,1062.9000244140625,15.085728236607142,DERIVED_FROM_YFINANCE_GC=F
2015-12-15,1079.4000244140625,1060.0,1058.5,15.607160295758929,DERIVED_FROM_YFINANCE_GC=F
2015-12-16,1079.4000244140625,1060.0,1058.5,15.021440778459821,DERIVED_FROM_YFINANCE_GC=F
2015-12-17,1078.699951171875,1060.0,1058.5,15.7357177734375,DERIVED_FROM_YFINANCE_GC=F
2015-12-18,1078.699951171875,1050.5,1049.0,16.050005231584823,DERIVED_FROM_YFINANCE_GC=F
2015-12-21,1078.699951171875,1050.5,1049.0,16.278573172433035,DERIVED_FROM_YFINANCE_GC=F
2015-12-22,1081.9000244140625,1050.5,1049.0,16.600010463169642,DERIVED_FROM_YFINANCE_GC=F
2015-12-23,1081.9000244140625,1052.699951171875,1051.199951171875,15.757149832589286,DERIVED_FROM_YFINANCE_GC=F
2015-12-24,1081.9000244140625,1069.4000244140625,1067.9000244140625,14.828578404017858,DERIVED_FROM_YFINANCE_GC=F
2015-12-28,1078.5999755859375,1069.4000244140625,1067.9000244140625,13.278573172433036,DERIVED_FROM_YFINANCE_GC=F
2015-12-29,1098.800048828125,1069.4000244140625,1067.9000244140625,13.935721261160714,DERIVED_FROM_YFINANCE_GC=F
2015-12-30,1098.800048828125,1070.5,1069.0,13.964285714285714,DERIVED_FROM_YFINANCE_GC=F
2015-12-31,1098.800048828125,1059.699951171875,1058.199951171875,14.135716029575892,DERIVED_FROM_YFINANCE_GC=F
2016-01-04,1079.699951171875,1058.5,1057.0,13.964285714285714,DERIVED_FROM_YFINANCE_GC=F
2016-01-05,1082.5,1058.5,1057.0,14.478567940848214,DERIVED_FROM_YFINANCE_GC=F
2016-01-06,1082.5,1058.5,1057.0,13.728567940848214,DERIVED_FROM_YFINANCE_GC=F
2016-01-07,1093.699951171875,1063.199951171875,1061.699951171875,14.50714111328125,DERIVED_FROM_YFINANCE_GC=F
2016-01-08,1109.4000244140625,1075.300048828125,1073.800048828125,14.650006975446429,DERIVED_FROM_YFINANCE_GC=F
2016-01-11,1111.0999755859375,1081.5999755859375,1080.0999755859375,13.97857666015625,DERIVED_FROM_YFINANCE_GC=F
2016-01-12,1111.0999755859375,1091.5999755859375,1090.0999755859375,13.400006975446429,DERIVED_FROM_YFINANCE_GC=F
2016-01-13,1111.0999755859375,1084.0,1082.5,13.314287458147321,DERIVED_FROM_YFINANCE_GC=F
2016-01-14,1107.9000244140625,1081.5,1080.0,13.621433803013392,DERIVED_FROM_YFINANCE_GC=F
2016-01-15,1098.5,1073.699951171875,1072.199951171875,14.507149832589286,DERIVED_FROM_YFINANCE_GC=F
2016-01-19,1095.800048828125,1073.699951171875,1072.199951171875,15.471435546875,DERIVED_FROM_YFINANCE_GC=F
2016-01-20,1095.800048828125,1073.699951171875,1072.199951171875,14.128574916294642,DERIVED_FROM_YFINANCE_GC=F
2016-01-21,1109.800048828125,1081.800048828125,1080.300048828125,14.892865862165179,DERIVED_FROM_YFINANCE_GC=F
2016-01-22,1109.800048828125,1084.9000244140625,1083.4000244140625,14.550005231584821,DERIVED_FROM_YFINANCE_GC=F
2016-01-25,1109.800048828125,1094.0999755859375,1092.5999755859375,14.72857666015625,DERIVED_FROM_YFINANCE_GC=F
2016-01-26,1109.300048828125,1094.0999755859375,1092.5999755859375,14.007158551897321,DERIVED_FROM_YFINANCE_GC=F
2016-01-27,1121.699951171875,1097.199951171875,1095.699951171875,14.657156808035714,DERIVED_FROM_YFINANCE_GC=F
2016-01-28,1121.699951171875,1099.300048828125,1097.800048828125,13.985726492745536,DERIVED_FROM_YFINANCE_GC=F
2016-01-29,1125.699951171875,1109.800048828125,1108.300048828125,13.850001743861608,DERIVED_FROM_YFINANCE_GC=F
2016-02-01,1125.699951171875,1108.800048828125,1107.300048828125,13.25714111328125,DERIVED_FROM_YFINANCE_GC=F
2016-02-02,1130.0,1108.800048828125,1107.300048828125,13.492850167410714,DERIVED_FROM_YFINANCE_GC=F
2016-02-03,1131.4000244140625,1108.800048828125,1107.300048828125,13.057137625558036,DERIVED_FROM_YFINANCE_GC=F
2016-02-04,1146.0,1115.300048828125,1113.800048828125,13.671421595982142,DERIVED_FROM_YFINANCE_GC=F
2016-02-05,1157.5999755859375,1123.0,1121.5,13.585702078683036,DERIVED_FROM_YFINANCE_GC=F
2016-02-08,1174.800048828125,1125.0,1123.5,14.078560965401786,DERIVED_FROM_YFINANCE_GC=F
2016-02-09,1200.4000244140625,1141.0,1139.5,16.442844935825892,DERIVED_FROM_YFINANCE_GC=F
2016-02-10,1200.4000244140625,1146.0,1144.5,15.914271763392858,DERIVED_FROM_YFINANCE_GC=F
2016-02-11,1200.4000244140625,1165.0,1163.5,16.171412876674108,DERIVED_FROM_YFINANCE_GC=F
2016-02-12,1260.800048828125,1182.0999755859375,1180.5999755859375,20.464276994977677,DERIVED_FROM_YFINANCE_GC=F
2016-02-16,1260.800048828125,1182.0999755859375,1180.5999755859375,20.628557477678573,DERIVED_FROM_YFINANCE_GC=F
2016-02-17,1260.800048828125,1193.5999755859375,1192.0999755859375,22.771414620535715,DERIVED_FROM_YFINANCE_GC=F
2016-02-18,1247.800048828125,1193.5999755859375,1192.0999755859375,23.52142333984375,DERIVED_FROM_YFINANCE_GC=F
2016-02-19,1239.199951171875,1193.5999755859375,1192.0999755859375,25.071428571428573,DERIVED_FROM_YFINANCE_GC=F
2016-02-22,1239.199951171875,1196.5,1195.0,25.157148088727677,DERIVED_FROM_YFINANCE_GC=F
2016-02-23,1239.199951171875,1201.5999755859375,1200.0999755859375,26.064296177455358,DERIVED_FROM_YFINANCE_GC=F
2016-02-24,1232.800048828125,1203.0,1201.5,26.800005231584823,DERIVED_FROM_YFINANCE_GC=F
2016-02-25,1250.0999755859375,1203.0,1201.5,27.285714285714285,DERIVED_FROM_YFINANCE_GC=F
2016-02-26,1250.0999755859375,1207.4000244140625,1205.9000244140625,26.564287458147323,DERIVED_FROM_YFINANCE_GC=F
2016-02-29,1250.0999755859375,1212.199951171875,1210.699951171875,26.428571428571427,DERIVED_FROM_YFINANCE_GC=F
2016-03-01,1241.5,1212.199951171875,1210.699951171875,24.9857177734375,DERIVED_FROM_YFINANCE_GC=F
2016-03-02,1248.4000244140625,1212.199951171875,1210.699951171875,25.47857666015625,DERIVED_FROM_YFINANCE_GC=F
2016-03-03,1248.4000244140625,1218.5999755859375,1217.0999755859375,25.47857666015625,DERIVED_FROM_YFINANCE_GC=F
2016-03-04,1267.9000244140625,1226.0,1224.5,22.892857142857142,DERIVED_FROM_YFINANCE_GC=F
2016-03-07,1279.9000244140625,1226.0,1224.5,23.935712541852677,DERIVED_FROM_YFINANCE_GC=F
2016-03-08,1279.9000244140625,1238.0,1236.5,21.585719517299108,DERIVED_FROM_YFINANCE_GC=F
2016-03-09,1279.9000244140625,1250.9000244140625,1249.4000244140625,21.507149832589285,DERIVED_FROM_YFINANCE_GC=F
2016-03-10,1276.300048828125,1244.800048828125,1243.300048828125,20.057146344866073,DERIVED_FROM_YFINANCE_GC=F
2016-03-11,1276.300048828125,1237.5,1236.0,21.807146344866073,DERIVED_FROM_YFINANCE_GC=F
2016-03-14,1280.699951171875,1237.5,1236.0,22.085710797991073,DERIVED_FROM_YFINANCE_GC=F
2016-03-15,1280.699951171875,1234.5,1233.0,22.478567940848215,DERIVED_FROM_YFINANCE_GC=F
2016-03-16,1280.699951171875,1228.0,1226.5,21.664289202008927,DERIVED_FROM_YFINANCE_GC=F
2016-03-17,1263.800048828125,1228.0,1226.5,23.692862374441965,DERIVED_FROM_YFINANCE_GC=F
2016-03-18,1270.0999755859375,1228.0,1226.5,24.685712541852677,DERIVED_FROM_YFINANCE_GC=F
2016-03-21,1270.0999755859375,1228.9000244140625,1227.4000244140625,24.0142822265625,DERIVED_FROM_YFINANCE_GC=F
2016-03-22,1270.0999755859375,1243.4000244140625,1241.9000244140625,23.5428466796875,DERIVED_FROM_YFINANCE_GC=F
2016-03-23,1264.4000244140625,1243.4000244140625,1241.9000244140625,22.971418108258927,DERIVED_FROM_YFINANCE_GC=F
2016-03-24,1256.199951171875,1218.5999755859375,1217.0999755859375,22.949986049107142,DERIVED_FROM_YFINANCE_GC=F
2016-03-28,1252.4000244140625,1214.199951171875,1212.699951171875,21.55712890625,DERIVED_FROM_YFINANCE_GC=F
2016-03-29,1247.699951171875,1210.0,1208.5,21.528547014508927,DERIVED_FROM_YFINANCE_GC=F
2016-03-30,1235.5999755859375,1210.0,1208.5,21.714259556361608,DERIVED_FROM_YFINANCE_GC=F
2016-03-31,1245.0,1210.0,1208.5,22.021405901227677,DERIVED_FROM_YFINANCE_GC=F
2016-04-01,1245.0,1217.699951171875,1216.199951171875,20.564261300223215,DERIVED_FROM_YFINANCE_GC=F
2016-04-04,1245.0,1209.199951171875,1207.699951171875,20.185695103236608,DERIVED_FROM_YFINANCE_GC=F
2016-04-05,1239.5999755859375,1209.199951171875,1207.699951171875,18.978559221540177,DERIVED_FROM_YFINANCE_GC=F
2016-04-06,1236.699951171875,1209.199951171875,1207.699951171875,19.32855224609375,DERIVED_FROM_YFINANCE_GC=F
2016-04-07,1236.699951171875,1215.0,1213.5,17.749982561383927,DERIVED_FROM_YFINANCE_GC=F
2016-04-08,1242.9000244140625,1215.4000244140625,1213.9000244140625,16.2928466796875,DERIVED_FROM_YFINANCE_GC=F
2016-04-11,1242.9000244140625,1217.5999755859375,1216.0999755859375,16.135707310267858,DERIVED_FROM_YFINANCE_GC=F
2016-04-12,1258.699951171875,1224.5999755859375,1223.0999755859375,16.449994768415177,DERIVED_FROM_YFINANCE_GC=F
2016-04-13,1261.699951171875,1232.0,1230.5,16.407139369419642,DERIVED_FROM_YFINANCE_GC=F
2016-04-14,1261.699951171875,1241.300048828125,1239.800048828125,15.585710797991071,DERIVED_FROM_YFINANCE_GC=F
2016-04-15,1261.699951171875,1224.5,1223.0,16.5,DERIVED_FROM_YFINANCE_GC=F
2016-04-18,1256.9000244140625,1224.5,1223.0,16.342860630580358,DERIVED_FROM_YFINANCE_GC=F
2016-04-19,1243.699951171875,1224.5,1223.0,15.700003487723214,DERIVED_FROM_YFINANCE_GC=F
2016-04-20,1256.199951171875,1225.699951171875,1224.199951171875,16.114283970424108,DERIVED_FROM_YFINANCE_GC=F
2016-04-21,1256.199951171875,1228.800048828125,1227.300048828125,15.971426827566964,DERIVED_FROM_YFINANCE_GC=F
2016-04-22,1270.5999755859375,1228.800048828125,1227.300048828125,15.75714111328125,DERIVED_FROM_YFINANCE_GC=F
2016-04-25,1270.5999755859375,1228.0,1226.5,16.735709054129465,DERIVED_FROM_YFINANCE_GC=F
2016-04-26,1270.5999755859375,1228.0,1226.5,16.085719517299108,DERIVED_FROM_YFINANCE_GC=F
2016-04-27,1248.5,1228.0,1226.5,15.971426827566964,DERIVED_FROM_YFINANCE_GC=F
2016-04-28,1249.5,1231.5999755859375,1230.0999755859375,15.035714285714286,DERIVED_FROM_YFINANCE_GC=F
2016-04-29,1270.0999755859375,1233.0,1231.5,16.52142333984375,DERIVED_FROM_YFINANCE_GC=F
2016-05-02,1295.5,1238.5,1237.0,17.435712541852677,DERIVED_FROM_YFINANCE_GC=F
2016-05-03,1304.4000244140625,1238.5,1237.0,17.950003487723215,DERIVED_FROM_YFINANCE_GC=F
2016-05-04,1304.4000244140625,1267.199951171875,1265.699951171875,17.871433803013392,DERIVED_FROM_YFINANCE_GC=F
2016-05-05,1304.4000244140625,1273.0,1271.5,17.542855398995535,DERIVED_FROM_YFINANCE_GC=F
2016-05-06,1301.5,1270.800048828125,1269.300048828125,17.914280482700892,DERIVED_FROM_YFINANCE_GC=F
2016-05-09,1295.5999755859375,1270.800048828125,1269.300048828125,19.007132393973215,DERIVED_FROM_YFINANCE_GC=F
2016-05-10,1295.5999755859375,1262.300048828125,1260.800048828125,19.235709054129465,DERIVED_FROM_YFINANCE_GC=F
2016-05-11,1295.5999755859375,1258.699951171875,1257.199951171875,18.921430315290177,DERIVED_FROM_YFINANCE_GC=F
2016-05-12,1286.5,1258.699951171875,1257.199951171875,18.371425083705358,DERIVED_FROM_YFINANCE_GC=F
2016-05-13,1281.199951171875,1258.699951171875,1257.199951171875,18.099993024553573,DERIVED_FROM_YFINANCE_GC=F
2016-05-16,1281.199951171875,1264.0,1262.5,18.021414620535715,DERIVED_FROM_YFINANCE_GC=F
2016-05-17,1287.800048828125,1264.0,1262.5,18.357134137834823,DERIVED_FROM_YFINANCE_GC=F
2016-05-18,1287.800048828125,1264.5999755859375,1263.0999755859375,18.607125418526785,DERIVED_FROM_YFINANCE_GC=F
2016-05-19,1287.800048828125,1256.800048828125,1255.300048828125,17.749982561383927,DERIVED_FROM_YFINANCE_GC=F
2016-05-20,1281.5999755859375,1247.5,1246.0,17.478550502232142,DERIVED_FROM_YFINANCE_GC=F
2016-05-23,1276.4000244140625,1247.5,1246.0,16.692827497209823,DERIVED_FROM_YFINANCE_GC=F
2016-05-24,1256.5999755859375,1247.5,1246.0,15.828543526785714,DERIVED_FROM_YFINANCE_GC=F
2016-05-25,1256.5999755859375,1228.199951171875,1226.699951171875,16.199977329799108,DERIVED_FROM_YFINANCE_GC=F
2016-05-26,1251.5999755859375,1218.5999755859375,1217.0999755859375,15.849984305245536,DERIVED_FROM_YFINANCE_GC=F
2016-05-27,1240.0,1218.5999755859375,1217.0999755859375,15.014273507254464,DERIVED_FROM_YFINANCE_GC=F
2016-05-31,1232.5999755859375,1206.4000244140625,1204.9000244140625,14.028555733816964,DERIVED_FROM_YFINANCE_GC=F
2016-06-01,1232.5999755859375,1199.0,1197.5,14.735691615513392,DERIVED_FROM_YFINANCE_GC=F
2016-06-02,1223.199951171875,1199.0,1197.5,14.671412876674108,DERIVED_FROM_YFINANCE_GC=F
2016-06-03,1219.800048828125,1199.0,1197.5,13.971418108258929,DERIVED_FROM_YFINANCE_GC=F
2016-06-06,1244.5,1205.4000244140625,1203.9000244140625,15.899989536830358,DERIVED_FROM_YFINANCE_GC=F
2016-06-07,1247.300048828125,1206.4000244140625,1204.9000244140625,15.28570556640625,DERIVED_FROM_YFINANCE_GC=F
2016-06-08,1247.300048828125,1206.4000244140625,1204.9000244140625,15.114283970424108,DERIVED_FROM_YFINANCE_GC=F
2016-06-09,1264.0,1236.5,1235.0,15.114283970424108,DERIVED_FROM_YFINANCE_GC=F
2016-06-10,1271.4000244140625,1236.5,1235.0,14.192862374441964,DERIVED_FROM_YFINANCE_GC=F
2016-06-13,1278.0,1247.300048828125,1245.800048828125,14.800005231584821,DERIVED_FROM_YFINANCE_GC=F
2016-06-14,1287.300048828125,1258.0999755859375,1256.5999755859375,15.471435546875,DERIVED_FROM_YFINANCE_GC=F
2016-06-15,1289.699951171875,1265.300048828125,1263.800048828125,14.685712541852679,DERIVED_FROM_YFINANCE_GC=F
2016-06-16,1296.199951171875,1273.0,1271.5,15.192844935825892,DERIVED_FROM_YFINANCE_GC=F
2016-06-17,1316.4000244140625,1277.800048828125,1276.300048828125,16.821419852120535,DERIVED_FROM_YFINANCE_GC=F
2016-06-20,1316.4000244140625,1278.800048828125,1277.300048828125,17.03570556640625,DERIVED_FROM_YFINANCE_GC=F
2016-06-21,1316.4000244140625,1280.300048828125,1278.800048828125,16.578560965401785,DERIVED_FROM_YFINANCE_GC=F
2016-06-22,1300.0999755859375,1266.300048828125,1264.800048828125,17.521414620535715,DERIVED_FROM_YFINANCE_GC=F
2016-06-23,1293.9000244140625,1264.9000244140625,1263.4000244140625,17.392839704241073,DERIVED_FROM_YFINANCE_GC=F
2016-06-24,1293.9000244140625,1255.199951171875,1253.699951171875,15.764273507254464,DERIVED_FROM_YFINANCE_GC=F
2016-06-27,1355.5999755859375,1253.699951171875,1252.199951171875,22.521414620535715,DERIVED_FROM_YFINANCE_GC=F
2016-06-28,1355.5999755859375,1253.699951171875,1252.199951171875,22.757123674665177,DERIVED_FROM_YFINANCE_GC=F
2016-06-29,1355.5999755859375,1253.699951171875,1252.199951171875,21.957127162388392,DERIVED_FROM_YFINANCE_GC=F
2016-06-30,1331.699951171875,1311.5999755859375,1310.0999755859375,22.135698590959823,DERIVED_FROM_YFINANCE_GC=F
2016-07-01,1327.4000244140625,1311.5999755859375,1310.0999755859375,21.899989536830358,DERIVED_FROM_YFINANCE_GC=F
2016-07-05,1344.199951171875,1311.5999755859375,1310.0999755859375,22.721409388950892,DERIVED_FROM_YFINANCE_GC=F
2016-07-06,1356.800048828125,1314.5,1313.0,23.307137625558035,DERIVED_FROM_YFINANCE_GC=F
2016-07-07,1374.9000244140625,1321.9000244140625,1320.4000244140625,23.385716029575892,DERIVED_FROM_YFINANCE_GC=F
2016-07-08,1374.9000244140625,1339.699951171875,1338.199951171875,22.157139369419642,DERIVED_FROM_YFINANCE_GC=F
2016-07-11,1374.9000244140625,1335.0,1333.5,22.942862374441965,DERIVED_FROM_YFINANCE_GC=F
2016-07-12,1371.800048828125,1335.0,1333.5,23.414297921316965,DERIVED_FROM_YFINANCE_GC=F
2016-07-13,1371.800048828125,1330.300048828125,1328.800048828125,23.278581891741073,DERIVED_FROM_YFINANCE_GC=F
2016-07-14,1371.800048828125,1330.300048828125,1328.800048828125,23.471444266183035,DERIVED_FROM_YFINANCE_GC=F
2016-07-15,1356.0,1322.699951171875,1321.199951171875,23.785731724330358,DERIVED_FROM_YFINANCE_GC=F
2016-07-18,1342.4000244140625,1322.699951171875,1321.199951171875,17.278581891741073,DERIVED_FROM_YFINANCE_GC=F
2016-07-19,1341.4000244140625,1322.699951171875,1321.199951171875,17.071446010044642,DERIVED_FROM_YFINANCE_GC=F
2016-07-20,1335.0,1322.9000244140625,1321.4000244140625,16.9571533203125,DERIVED_FROM_YFINANCE_GC=F
2016-07-21,1337.5,1315.5,1314.0,17.400006975446427,DERIVED_FROM_YFINANCE_GC=F
2016-07-22,1337.5,1312.800048828125,1311.300048828125,17.99285888671875,DERIVED_FROM_YFINANCE_GC=F
2016-07-25,1337.5,1312.800048828125,1311.300048828125,16.885716029575892,DERIVED_FROM_YFINANCE_GC=F
2016-07-26,1330.699951171875,1312.800048828125,1311.300048828125,16.114275251116073,DERIVED_FROM_YFINANCE_GC=F
2016-07-27,1330.699951171875,1313.800048828125,1312.300048828125,15.185703822544642,DERIVED_FROM_YFINANCE_GC=F
2016-07-28,1326.5999755859375,1313.800048828125,1312.300048828125,14.314278738839286,DERIVED_FROM_YFINANCE_GC=F
2016-07-29,1344.300048828125,1315.199951171875,1313.699951171875,13.378566196986608,DERIVED_FROM_YFINANCE_GC=F
2016-08-01,1353.300048828125,1325.800048828125,1324.300048828125,13.999991280691964,DERIVED_FROM_YFINANCE_GC=F
2016-08-02,1353.5,1325.800048828125,1324.300048828125,12.728567940848214,DERIVED_FROM_YFINANCE_GC=F
2016-08-03,1366.0,1325.800048828125,1324.300048828125,13.52142333984375,DERIVED_FROM_YFINANCE_GC=F
2016-08-04,1366.0,1345.5999755859375,1344.0999755859375,12.928553989955358,DERIVED_FROM_YFINANCE_GC=F
2016-08-05,1366.0,1346.5999755859375,1345.0999755859375,13.199986049107142,DERIVED_FROM_YFINANCE_GC=F
2016-08-08,1364.699951171875,1333.699951171875,1332.199951171875,14.507132393973214,DERIVED_FROM_YFINANCE_GC=F
2016-08-09,1361.5999755859375,1327.800048828125,1326.300048828125,14.635707310267858,DERIVED_FROM_YFINANCE_GC=F
2016-08-10,1360.800048828125,1327.800048828125,1326.300048828125,13.842851911272321,DERIVED_FROM_YFINANCE_GC=F
2016-08-11,1354.199951171875,1327.800048828125,1326.300048828125,13.664280482700892,DERIVED_FROM_YFINANCE_GC=F
2016-08-12,1354.199951171875,1328.5,1327.0,14.042855398995536,DERIVED_FROM_YFINANCE_GC=F
2016-08-15,1354.199951171875,1333.199951171875,1331.699951171875,14.7071533203125,DERIVED_FROM_YFINANCE_GC=F
2016-08-16,1351.800048828125,1333.199951171875,1331.699951171875,14.814296177455358,DERIVED_FROM_YFINANCE_GC=F
2016-08-17,1355.0,1333.199951171875,1331.699951171875,15.442862374441964,DERIVED_FROM_YFINANCE_GC=F
2016-08-18,1355.0,1333.5999755859375,1332.0999755859375,15.028573172433036,DERIVED_FROM_YFINANCE_GC=F
2016-08-19,1355.0,1338.5999755859375,1337.0999755859375,13.900006975446429,DERIVED_FROM_YFINANCE_GC=F
2016-08-22,1354.4000244140625,1338.5999755859375,1337.0999755859375,14.2357177734375,DERIVED_FROM_YFINANCE_GC=F
2016-08-23,1354.4000244140625,1333.300048828125,1331.800048828125,13.357142857142858,DERIVED_FROM_YFINANCE_GC=F
2016-08-24,1350.0999755859375,1333.300048828125,1331.800048828125,13.035714285714286,DERIVED_FROM_YFINANCE_GC=F
2016-08-25,1341.199951171875,1322.9000244140625,1321.4000244140625,13.25714111328125,DERIVED_FROM_YFINANCE_GC=F
2016-08-26,1341.199951171875,1317.0,1315.5,11.849993024553571,DERIVED_FROM_YFINANCE_GC=F
2016-08-29,1340.5,1317.0,1315.5,12.692853655133929,DERIVED_FROM_YFINANCE_GC=F
2016-08-30,1340.5,1315.0,1313.5,12.485709054129464,DERIVED_FROM_YFINANCE_GC=F
2016-08-31,1340.5,1308.0,1306.5,12.464285714285714,DERIVED_FROM_YFINANCE_GC=F
2016-09-01,1323.0,1306.300048828125,1304.800048828125,11.878566196986608,DERIVED_FROM_YFINANCE_GC=F
2016-09-02,1322.0999755859375,1301.5,1300.0,11.378557477678571,DERIVED_FROM_YFINANCE_GC=F
2016-09-06,1326.699951171875,1301.5,1300.0,12.128557477678571,DERIVED_FROM_YFINANCE_GC=F
2016-09-07,1349.4000244140625,1301.5,1300.0,13.028564453125,DERIVED_FROM_YFINANCE_GC=F
2016-09-08,1350.5,1309.199951171875,1307.699951171875,12.649989536830358,DERIVED_FROM_YFINANCE_GC=F
2016-09-09,1350.5,1323.199951171875,1321.699951171875,12.507132393973214,DERIVED_FROM_YFINANCE_GC=F
2016-09-12,1350.5,1328.0,1326.5,12.357134137834821,DERIVED_FROM_YFINANCE_GC=F
2016-09-13,1345.4000244140625,1319.9000244140625,1318.4000244140625,12.578560965401786,DERIVED_FROM_YFINANCE_GC=F
2016-09-14,1338.5,1315.0,1313.5,12.77142333984375,DERIVED_FROM_YFINANCE_GC=F
2016-09-15,1329.300048828125,1315.0,1313.5,11.74285888671875,DERIVED_FROM_YFINANCE_GC=F
2016-09-16,1324.5999755859375,1310.800048828125,1309.300048828125,11.978567940848214,DERIVED_FROM_YFINANCE_GC=F
2016-09-19,1322.300048828125,1305.800048828125,1304.300048828125,11.071419852120536,DERIVED_FROM_YFINANCE_GC=F
2016-09-20,1320.699951171875,1305.800048828125,1304.300048828125,11.04998779296875,DERIVED_FROM_YFINANCE_GC=F
2016-09-21,1313.699951171875,1305.800048828125,1304.300048828125,9.999982561383929,DERIVED_FROM_YFINANCE_GC=F
2016-09-22,1326.9000244140625,1313.5,1312.0,10.414280482700892,DERIVED_FROM_YFINANCE_GC=F
2016-09-23,1340.4000244140625,1313.699951171875,1312.199951171875,10.549996512276786,DERIVED_FROM_YFINANCE_GC=F
2016-09-26,1340.4000244140625,1324.0,1322.5,9.528573172433036,DERIVED_FROM_YFINANCE_GC=F
2016-09-27,1341.800048828125,1335.199951171875,1333.699951171875,8.050005231584821,DERIVED_FROM_YFINANCE_GC=F
2016-09-28,1341.800048828125,1325.9000244140625,1324.4000244140625,8.564287458147321,DERIVED_FROM_YFINANCE_GC=F
2016-09-29,1341.800048828125,1319.4000244140625,1317.9000244140625,8.335710797991071,DERIVED_FROM_YFINANCE_GC=F
2016-09-30,1328.699951171875,1314.699951171875,1313.199951171875,8.321428571428571,DERIVED_FROM_YFINANCE_GC=F
2016-10-03,1327.699951171875,1312.9000244140625,1311.4000244140625,8.649998256138392,DERIVED_FROM_YFINANCE_GC=F
2016-10-04,1327.699951171875,1308.199951171875,1306.699951171875,8.578578404017858,DERIVED_FROM_YFINANCE_GC=F
2016-10-05,1327.699951171875,1266.300048828125,1264.800048828125,11.478567940848214,DERIVED_FROM_YFINANCE_GC=F
2016-10-06,1316.800048828125,1261.300048828125,1259.800048828125,11.621425083705358,DERIVED_FROM_YFINANCE_GC=F
2016-10-07,1310.199951171875,1249.800048828125,1248.300048828125,12.178571428571429,DERIVED_FROM_YFINANCE_GC=F
2016-10-11,1274.0,1248.9000244140625,1247.4000244140625,12.678571428571429,DERIVED_FROM_YFINANCE_GC=F
2016-10-12,1265.300048828125,1248.9000244140625,1247.4000244140625,13.378574916294642,DERIVED_FROM_YFINANCE_GC=F
2016-10-13,1263.5999755859375,1248.9000244140625,1247.4000244140625,12.642857142857142,DERIVED_FROM_YFINANCE_GC=F
2016-10-14,1259.0,1251.0999755859375,1249.5999755859375,12.24285888671875,DERIVED_FROM_YFINANCE_GC=F
2016-10-17,1259.0,1250.5999755859375,1249.0999755859375,12.328569684709821,DERIVED_FROM_YFINANCE_GC=F
2016-10-18,1259.0,1249.9000244140625,1248.4000244140625,12.221418108258929,DERIVED_FROM_YFINANCE_GC=F
2016-10-19,1261.699951171875,1249.9000244140625,1248.4000244140625,11.757132393973214,DERIVED_FROM_YFINANCE_GC=F
2016-10-20,1271.5,1249.9000244140625,1248.4000244140625,12.05712890625,DERIVED_FROM_YFINANCE_GC=F
2016-10-21,1271.5,1260.800048828125,1259.300048828125,11.678553989955358,DERIVED_FROM_YFINANCE_GC=F
2016-10-24,1271.5,1262.9000244140625,1261.4000244140625,10.642848423549108,DERIVED_FROM_YFINANCE_GC=F
2016-10-25,1270.5,1261.800048828125,1260.300048828125,10.557120186941964,DERIVED_FROM_YFINANCE_GC=F
2016-10-26,1274.0999755859375,1261.800048828125,1260.300048828125,8.285696847098214,DERIVED_FROM_YFINANCE_GC=F
2016-10-27,1274.0999755859375,1261.800048828125,1260.300048828125,8.035696847098214,DERIVED_FROM_YFINANCE_GC=F
2016-10-28,1274.0999755859375,1264.0999755859375,1262.5999755859375,7.257123674665179,DERIVED_FROM_YFINANCE_GC=F
2016-10-31,1281.5,1262.0,1260.5,7.599984305245536,DERIVED_FROM_YFINANCE_GC=F
2016-11-01,1281.5,1262.0,1260.5,7.249982561383929,DERIVED_FROM_YFINANCE_GC=F
2016-11-02,1290.699951171875,1262.0,1260.5,8.414263044084821,DERIVED_FROM_YFINANCE_GC=F
2016-11-03,1307.0,1271.5,1270.0,9.321402413504464,DERIVED_FROM_YFINANCE_GC=F
2016-11-04,1307.0,1279.0,1277.5,10.399972098214286,DERIVED_FROM_YFINANCE_GC=F
2016-11-07,1307.0,1287.300048828125,1285.800048828125,10.507123674665179,DERIVED_FROM_YFINANCE_GC=F
2016-11-08,1303.300048828125,1278.300048828125,1276.800048828125,11.771414620535714,DERIVED_FROM_YFINANCE_GC=F
2016-11-09,1303.300048828125,1273.199951171875,1271.699951171875,12.164280482700892,DERIVED_FROM_YFINANCE_GC=F
2016-11-10,1318.5999755859375,1270.0,1268.5,15.278564453125,DERIVED_FROM_YFINANCE_GC=F
2016-11-14,1318.5999755859375,1253.300048828125,1251.800048828125,17.699986049107142,DERIVED_FROM_YFINANCE_GC=F
2016-11-15,1318.5999755859375,1210.4000244140625,1208.9000244140625,21.107134137834823,DERIVED_FROM_YFINANCE_GC=F
2016-11-16,1287.5,1210.4000244140625,1208.9000244140625,20.585710797991073,DERIVED_FROM_YFINANCE_GC=F
2016-11-17,1229.5,1210.4000244140625,1208.9000244140625,20.378574916294642,DERIVED_FROM_YFINANCE_GC=F
2016-11-18,1229.300048828125,1211.0,1209.5,21.050005231584823,DERIVED_FROM_YFINANCE_GC=F
2016-11-21,1229.300048828125,1207.199951171875,1205.699951171875,20.321437290736608,DERIVED_FROM_YFINANCE_GC=F
2016-11-22,1225.0,1207.199951171875,1205.699951171875,20.035723005022323,DERIVED_FROM_YFINANCE_GC=F
2016-11-23,1211.9000244140625,1207.199951171875,1205.699951171875,18.914297921316965,DERIVED_FROM_YFINANCE_GC=F
2016-11-25,1213.800048828125,1186.800048828125,1185.300048828125,19.371442522321427,DERIVED_FROM_YFINANCE_GC=F
2016-11-28,1213.800048828125,1177.0,1175.5,18.857160295758927,DERIVED_FROM_YFINANCE_GC=F
2016-11-29,1213.800048828125,1177.0,1175.5,19.271440778459823,DERIVED_FROM_YFINANCE_GC=F
2016-11-30,1194.800048828125,1177.0,1175.5,18.585728236607142,DERIVED_FROM_YFINANCE_GC=F
2016-12-01,1194.800048828125,1167.9000244140625,1166.4000244140625,19.242867606026785,DERIVED_FROM_YFINANCE_GC=F
2016-12-02,1194.800048828125,1160.0,1158.5,16.814296177455358,DERIVED_FROM_YFINANCE_GC=F
2016-12-05,1193.300048828125,1160.0,1158.5,15.150015694754464,DERIVED_FROM_YFINANCE_GC=F
2016-12-06,1186.699951171875,1157.0,1155.5,13.335728236607142,DERIVED_FROM_YFINANCE_GC=F
2016-12-07,1186.699951171875,1157.0,1155.5,13.521440778459821,DERIVED_FROM_YFINANCE_GC=F
2016-12-08,1186.699951171875,1157.0,1155.5,13.935721261160714,DERIVED_FROM_YFINANCE_GC=F
2016-12-09,1178.5,1166.4000244140625,1164.9000244140625,13.557155064174108,DERIVED_FROM_YFINANCE_GC=F
2016-12-12,1178.5,1156.0,1154.5,13.878583635602679,DERIVED_FROM_YFINANCE_GC=F
2016-12-13,1177.800048828125,1153.0,1151.5,14.578587123325892,DERIVED_FROM_YFINANCE_GC=F
2016-12-14,1168.800048828125,1153.0,1151.5,14.94287109375,DERIVED_FROM_YFINANCE_GC=F
2016-12-15,1164.0,1142.0,1140.5,14.585728236607142,DERIVED_FROM_YFINANCE_GC=F
2016-12-16,1164.0,1123.9000244140625,1122.4000244140625,16.378583635602677,DERIVED_FROM_YFINANCE_GC=F
2016-12-19,1164.0,1123.9000244140625,1122.4000244140625,16.492867606026785,DERIVED_FROM_YFINANCE_GC=F
2016-12-20,1143.300048828125,1123.9000244140625,1122.4000244140625,15.778573172433036,DERIVED_FROM_YFINANCE_GC=F
2016-12-21,1140.9000244140625,1126.5,1125.0,14.964285714285714,DERIVED_FROM_YFINANCE_GC=F
2016-12-22,1140.699951171875,1126.5,1125.0,14.357142857142858,DERIVED_FROM_YFINANCE_GC=F
2016-12-23,1136.0999755859375,1126.5,1125.0,13.899998256138392,DERIVED_FROM_YFINANCE_GC=F
2016-12-27,1136.0999755859375,1128.300048828125,1126.800048828125,12.064287458147321,DERIVED_FROM_YFINANCE_GC=F
2016-12-28,1142.199951171875,1128.300048828125,1126.800048828125,12.27142333984375,DERIVED_FROM_YFINANCE_GC=F
2016-12-29,1142.199951171875,1130.300048828125,1128.800048828125,11.685703822544642,DERIVED_FROM_YFINANCE_GC=F
2016-12-30,1158.800048828125,1134.300048828125,1132.800048828125,12.449986049107142,DERIVED_FROM_YFINANCE_GC=F
2017-01-03,1162.0,1138.0,1136.5,12.3214111328125,DERIVED_FROM_YFINANCE_GC=F
2017-01-04,1162.0,1143.5999755859375,1142.0999755859375,12.56427001953125,DERIVED_FROM_YFINANCE_GC=F
2017-01-05,1165.0,1146.5,1145.0,12.5714111328125,DERIVED_FROM_YFINANCE_GC=F
2017-01-06,1183.300048828125,1146.5,1145.0,12.392839704241071,DERIVED_FROM_YFINANCE_GC=F
2017-01-09,1183.300048828125,1156.300048828125,1154.800048828125,10.278547014508929,DERIVED_FROM_YFINANCE_GC=F
2017-01-10,1183.5999755859375,1171.5,1170.0,10.1142578125,DERIVED_FROM_YFINANCE_GC=F
2017-01-11,1188.9000244140625,1171.9000244140625,1170.4000244140625,10.199977329799108,DERIVED_FROM_YFINANCE_GC=F
2017-01-12,1197.0,1173.0,1171.5,10.664263044084821,DERIVED_FROM_YFINANCE_GC=F
2017-01-13,1204.300048828125,1176.5,1175.0,11.085693359375,DERIVED_FROM_YFINANCE_GC=F
2017-01-17,1204.300048828125,1176.5,1175.0,11.56427001953125,DERIVED_FROM_YFINANCE_GC=F
2017-01-18,1214.5999755859375,1187.699951171875,1186.199951171875,12.657121930803571,DERIVED_FROM_YFINANCE_GC=F
2017-01-19,1214.699951171875,1187.699951171875,1186.199951171875,12.749982561383929,DERIVED_FROM_YFINANCE_GC=F
2017-01-20,1214.699951171875,1195.800048828125,1194.300048828125,13.578560965401786,DERIVED_FROM_YFINANCE_GC=F
2017-01-23,1214.699951171875,1195.800048828125,1194.300048828125,12.992841448102679,DERIVED_FROM_YFINANCE_GC=F
2017-01-24,1215.0,1195.800048828125,1194.300048828125,12.899980817522321,DERIVED_FROM_YFINANCE_GC=F
2017-01-25,1219.0,1202.800048828125,1201.300048828125,12.685695103236608,DERIVED_FROM_YFINANCE_GC=F
2017-01-26,1219.0,1194.9000244140625,1193.4000244140625,13.164271763392858,DERIVED_FROM_YFINANCE_GC=F
2017-01-27,1219.0,1185.5999755859375,1184.0999755859375,12.778555733816964,DERIVED_FROM_YFINANCE_GC=F
2017-01-30,1202.800048828125,1185.5999755859375,1184.0999755859375,12.335702078683036,DERIVED_FROM_YFINANCE_GC=F
2017-01-31,1199.699951171875,1185.5999755859375,1184.0999755859375,12.314278738839286,DERIVED_FROM_YFINANCE_GC=F
2017-02-01,1214.699951171875,1187.0999755859375,1185.5999755859375,13.378566196986608,DERIVED_FROM_YFINANCE_GC=F
2017-02-02,1214.699951171875,1187.0999755859375,1185.5999755859375,12.914280482700892,DERIVED_FROM_YFINANCE_GC=F
2017-02-03,1224.199951171875,1193.5,1192.0,13.385707310267858,DERIVED_FROM_YFINANCE_GC=F
2017-02-06,1224.199951171875,1197.9000244140625,1196.4000244140625,13.614275251116071,DERIVED_FROM_YFINANCE_GC=F
2017-02-07,1235.4000244140625,1206.199951171875,1204.699951171875,13.442853655133929,DERIVED_FROM_YFINANCE_GC=F
2017-02-08,1236.199951171875,1206.199951171875,1204.699951171875,13.164280482700892,DERIVED_FROM_YFINANCE_GC=F
2017-02-09,1243.9000244140625,1218.5,1217.0,12.978567940848214,DERIVED_FROM_YFINANCE_GC=F
2017-02-10,1243.9000244140625,1226.9000244140625,1225.4000244140625,13.364283970424108,DERIVED_FROM_YFINANCE_GC=F
2017-02-13,1243.9000244140625,1221.5,1220.0,13.571428571428571,DERIVED_FROM_YFINANCE_GC=F
2017-02-14,1243.5,1219.0,1217.5,13.864283970424108,DERIVED_FROM_YFINANCE_GC=F
2017-02-15,1234.4000244140625,1219.0,1217.5,13.578569684709821,DERIVED_FROM_YFINANCE_GC=F
2017-02-16,1233.5,1217.300048828125,1215.800048828125,13.599993024553571,DERIVED_FROM_YFINANCE_GC=F
2017-02-17,1240.699951171875,1217.300048828125,1215.800048828125,14.128566196986608,DERIVED_FROM_YFINANCE_GC=F
2017-02-21,1241.199951171875,1217.300048828125,1215.800048828125,13.771414620535714,DERIVED_FROM_YFINANCE_GC=F
2017-02-22,1241.199951171875,1228.0999755859375,1226.5999755859375,12.914271763392858,DERIVED_FROM_YFINANCE_GC=F
2017-02-23,1241.199951171875,1228.0999755859375,1226.5999755859375,12.399980817522321,DERIVED_FROM_YFINANCE_GC=F
2017-02-24,1250.300048828125,1228.0999755859375,1226.5999755859375,12.378557477678571,DERIVED_FROM_YFINANCE_GC=F
2017-02-27,1258.800048828125,1231.800048828125,1230.300048828125,11.978559221540179,DERIVED_FROM_YFINANCE_GC=F
2017-02-28,1263.0999755859375,1236.0999755859375,1234.5999755859375,11.678553989955358,DERIVED_FROM_YFINANCE_GC=F
2017-03-01,1263.0999755859375,1247.199951171875,1245.699951171875,11.857134137834821,DERIVED_FROM_YFINANCE_GC=F
2017-03-02,1263.0999755859375,1236.9000244140625,1235.4000244140625,12.05712890625,DERIVED_FROM_YFINANCE_GC=F
2017-03-03,1257.300048828125,1230.699951171875,1229.199951171875,12.171421595982142,DERIVED_FROM_YFINANCE_GC=F
2017-03-06,1248.9000244140625,1222.9000244140625,1221.4000244140625,12.078560965401786,DERIVED_FROM_YFINANCE_GC=F
2017-03-07,1247.5999755859375,1222.9000244140625,1221.4000244140625,11.742841448102679,DERIVED_FROM_YFINANCE_GC=F
2017-03-08,1235.199951171875,1213.699951171875,1212.199951171875,11.764273507254464,DERIVED_FROM_YFINANCE_GC=F
2017-03-09,1235.199951171875,1206.699951171875,1205.199951171875,11.335710797991071,DERIVED_FROM_YFINANCE_GC=F
2017-03-10,1225.4000244140625,1202.300048828125,1200.800048828125,11.135707310267858,DERIVED_FROM_YFINANCE_GC=F
2017-03-13,1212.199951171875,1196.199951171875,1194.699951171875,11.185721261160714,DERIVED_FROM_YFINANCE_GC=F
2017-03-14,1210.0,1196.199951171875,1194.699951171875,11.171439034598214,DERIVED_FROM_YFINANCE_GC=F
2017-03-15,1210.0,1196.199951171875,1194.699951171875,11.335728236607142,DERIVED_FROM_YFINANCE_GC=F
2017-03-16,1221.199951171875,1196.800048828125,1195.300048828125,11.7071533203125,DERIVED_FROM_YFINANCE_GC=F
2017-03-17,1231.4000244140625,1196.800048828125,1195.300048828125,13.314296177455358,DERIVED_FROM_YFINANCE_GC=F
2017-03-20,1231.4000244140625,1197.699951171875,1196.199951171875,12.721444266183036,DERIVED_FROM_YFINANCE_GC=F
2017-03-21,1234.4000244140625,1222.199951171875,1220.699951171875,12.357151576450892,DERIVED_FROM_YFINANCE_GC=F
2017-03-22,1246.0999755859375,1226.4000244140625,1224.9000244140625,12.642865862165179,DERIVED_FROM_YFINANCE_GC=F
2017-03-23,1249.5,1226.4000244140625,1224.9000244140625,11.585719517299108,DERIVED_FROM_YFINANCE_GC=F
2017-03-24,1249.5,1226.4000244140625,1224.9000244140625,11.028581891741071,DERIVED_FROM_YFINANCE_GC=F
2017-03-27,1249.5,1244.800048828125,1243.300048828125,10.364301409040179,DERIVED_FROM_YFINANCE_GC=F
2017-03-28,1257.699951171875,1244.800048828125,1243.300048828125,10.2071533203125,DERIVED_FROM_YFINANCE_GC=F
2017-03-29,1257.699951171875,1247.5999755859375,1246.0999755859375,9.650006975446429,DERIVED_FROM_YFINANCE_GC=F
2017-03-30,1257.699951171875,1252.0999755859375,1250.5999755859375,9.43572998046875,DERIVED_FROM_YFINANCE_GC=F
2017-03-31,1255.9000244140625,1241.0999755859375,1239.5999755859375,9.821437290736608,DERIVED_FROM_YFINANCE_GC=F
2017-04-03,1253.5999755859375,1238.699951171875,1237.199951171875,9.878583635602679,DERIVED_FROM_YFINANCE_GC=F
2017-04-04,1253.5999755859375,1238.699951171875,1237.199951171875,9.857160295758929,DERIVED_FROM_YFINANCE_GC=F
2017-04-05,1260.300048828125,1238.699951171875,1237.199951171875,8.857160295758929,DERIVED_FROM_YFINANCE_GC=F
2017-04-06,1260.300048828125,1243.0,1241.5,7.507158551897321,DERIVED_FROM_YFINANCE_GC=F
2017-04-07,1260.300048828125,1243.0,1241.5,8.057155064174108,DERIVED_FROM_YFINANCE_GC=F
2017-04-10,1269.0999755859375,1243.0,1241.5,9.092869349888392,DERIVED_FROM_YFINANCE_GC=F
2017-04-11,1269.0999755859375,1246.800048828125,1245.300048828125,8.285723005022321,DERIVED_FROM_YFINANCE_GC=F
2017-04-12,1273.5,1246.800048828125,1245.300048828125,9.642865862165179,DERIVED_FROM_YFINANCE_GC=F
2017-04-13,1285.0999755859375,1246.800048828125,1245.300048828125,10.314296177455358,DERIVED_FROM_YFINANCE_GC=F
2017-04-17,1287.5999755859375,1254.5,1253.0,11.092860630580358,DERIVED_FROM_YFINANCE_GC=F
2017-04-18,1294.800048828125,1272.0,1270.5,11.164289202008929,DERIVED_FROM_YFINANCE_GC=F
2017-04-19,1294.800048828125,1278.5999755859375,1277.0999755859375,12.057146344866071,DERIVED_FROM_YFINANCE_GC=F
2017-04-20,1294.800048828125,1274.0,1272.5,13.092851911272321,DERIVED_FROM_YFINANCE_GC=F
2017-04-21,1291.699951171875,1274.0,1272.5,12.607142857142858,DERIVED_FROM_YFINANCE_GC=F
2017-04-24,1288.0,1274.0,1272.5,12.471426827566964,DERIVED_FROM_YFINANCE_GC=F
2017-04-25,1287.4000244140625,1265.0,1263.5,13.442853655133929,DERIVED_FROM_YFINANCE_GC=F
2017-04-26,1287.4000244140625,1262.0999755859375,1260.5999755859375,13.821428571428571,DERIVED_FROM_YFINANCE_GC=F
2017-04-27,1276.9000244140625,1262.0999755859375,1260.5999755859375,13.214285714285714,DERIVED_FROM_YFINANCE_GC=F
2017-04-28,1276.9000244140625,1262.0999755859375,1260.5999755859375,12.714285714285714,DERIVED_FROM_YFINANCE_GC=F
2017-05-01,1267.199951171875,1262.0999755859375,1260.5999755859375,11.564287458147321,DERIVED_FROM_YFINANCE_GC=F
2017-05-02,1269.300048828125,1253.300048828125,1251.800048828125,12.107151576450892,DERIVED_FROM_YFINANCE_GC=F
2017-05-03,1269.300048828125,1251.199951171875,1249.699951171875,10.864292689732142,DERIVED_FROM_YFINANCE_GC=F
2017-05-04,1269.300048828125,1238.699951171875,1237.199951171875,11.092869349888392,DERIVED_FROM_YFINANCE_GC=F
2017-05-05,1256.199951171875,1224.199951171875,1222.699951171875,11.800022670200892,DERIVED_FROM_YFINANCE_GC=F
2017-05-08,1255.800048828125,1224.199951171875,1222.699951171875,11.68572998046875,DERIVED_FROM_YFINANCE_GC=F
2017-05-09,1239.800048828125,1224.0,1222.5,11.464303152901786,DERIVED_FROM_YFINANCE_GC=F
2017-05-10,1234.0,1214.0,1212.5,11.071446010044642,DERIVED_FROM_YFINANCE_GC=F
2017-05-11,1234.0,1214.0,1212.5,11.085719517299108,DERIVED_FROM_YFINANCE_GC=F
2017-05-12,1226.199951171875,1214.0,1212.5,10.885707310267858,DERIVED_FROM_YFINANCE_GC=F
2017-05-15,1229.5,1217.300048828125,1215.800048828125,9.77142333984375,DERIVED_FROM_YFINANCE_GC=F
2017-05-16,1232.699951171875,1218.300048828125,1216.800048828125,9.178562709263392,DERIVED_FROM_YFINANCE_GC=F
2017-05-17,1237.300048828125,1226.0999755859375,1224.5999755859375,9.52142333984375,DERIVED_FROM_YFINANCE_GC=F
2017-05-18,1259.199951171875,1227.5,1226.0,10.885707310267858,DERIVED_FROM_YFINANCE_GC=F
2017-05-19,1260.0,1230.4000244140625,1228.9000244140625,11.649989536830358,DERIVED_FROM_YFINANCE_GC=F
2017-05-22,1260.0,1240.699951171875,1239.199951171875,10.578560965401786,DERIVED_FROM_YFINANCE_GC=F
2017-05-23,1260.699951171875,1245.800048828125,1244.300048828125,10.864275251116071,DERIVED_FROM_YFINANCE_GC=F
2017-05-24,1261.5999755859375,1250.5999755859375,1249.0999755859375,10.428553989955358,DERIVED_FROM_YFINANCE_GC=F
2017-05-25,1261.5999755859375,1249.699951171875,1248.199951171875,9.421412876674108,DERIVED_FROM_YFINANCE_GC=F
2017-05-26,1261.5999755859375,1249.699951171875,1248.199951171875,9.207135881696429,DERIVED_FROM_YFINANCE_GC=F
2017-05-30,1267.5999755859375,1249.699951171875,1248.199951171875,9.335702078683036,DERIVED_FROM_YFINANCE_GC=F
2017-05-31,1270.0,1255.800048828125,1254.300048828125,9.2928466796875,DERIVED_FROM_YFINANCE_GC=F
2017-06-01,1273.199951171875,1258.4000244140625,1256.9000244140625,9.921421595982142,DERIVED_FROM_YFINANCE_GC=F
2017-06-02,1273.199951171875,1258.4000244140625,1256.9000244140625,10.335710797991071,DERIVED_FROM_YFINANCE_GC=F
2017-06-05,1279.0,1258.5,1257.0,11.278564453125,DERIVED_FROM_YFINANCE_GC=F
2017-06-06,1282.0,1259.0,1257.5,11.185703822544642,DERIVED_FROM_YFINANCE_GC=F
2017-06-07,1295.199951171875,1259.0,1257.5,11.699977329799108,DERIVED_FROM_YFINANCE_GC=F
2017-06-08,1295.199951171875,1277.0,1275.5,10.692836216517858,DERIVED_FROM_YFINANCE_GC=F
2017-06-09,1295.199951171875,1268.0999755859375,1266.5999755859375,11.249982561383929,DERIVED_FROM_YFINANCE_GC=F
2017-06-12,1293.0999755859375,1264.5999755859375,1263.0999755859375,12.128557477678571,DERIVED_FROM_YFINANCE_GC=F
2017-06-13,1287.5999755859375,1263.199951171875,1261.699951171875,11.921421595982142,DERIVED_FROM_YFINANCE_GC=F
2017-06-14,1277.9000244140625,1259.699951171875,1258.199951171875,11.649998256138392,DERIVED_FROM_YFINANCE_GC=F
2017-06-15,1278.0,1256.800048828125,1255.300048828125,12.585702078683036,DERIVED_FROM_YFINANCE_GC=F
2017-06-16,1278.0,1250.300048828125,1248.800048828125,13.771414620535714,DERIVED_FROM_YFINANCE_GC=F
2017-06-19,1278.0,1250.300048828125,1248.800048828125,13.214276994977679,DERIVED_FROM_YFINANCE_GC=F
2017-06-20,1264.199951171875,1241.9000244140625,1240.4000244140625,13.249991280691964,DERIVED_FROM_YFINANCE_GC=F
2017-06-21,1255.300048828125,1240.5,1239.0,12.557137625558036,DERIVED_FROM_YFINANCE_GC=F
2017-06-22,1252.199951171875,1240.0,1238.5,12.114283970424108,DERIVED_FROM_YFINANCE_GC=F
2017-06-23,1252.699951171875,1240.0,1238.5,11.349993024553571,DERIVED_FROM_YFINANCE_GC=F
2017-06-26,1273.5999755859375,1240.0,1238.5,12.835710797991071,DERIVED_FROM_YFINANCE_GC=F
2017-06-27,1273.5999755859375,1241.5999755859375,1240.0999755859375,13.028573172433036,DERIVED_FROM_YFINANCE_GC=F
2017-06-28,1273.5999755859375,1241.5999755859375,1240.0999755859375,12.72857666015625,DERIVED_FROM_YFINANCE_GC=F
2017-06-29,1260.199951171875,1241.5999755859375,1240.0999755859375,11.307146344866071,DERIVED_FROM_YFINANCE_GC=F
2017-06-30,1251.800048828125,1238.0999755859375,1236.5999755859375,11.25714111328125,DERIVED_FROM_YFINANCE_GC=F
2017-07-03,1250.699951171875,1238.0999755859375,1236.5999755859375,11.185703822544642,DERIVED_FROM_YFINANCE_GC=F
2017-07-05,1250.699951171875,1217.9000244140625,1216.4000244140625,12.299979073660714,DERIVED_FROM_YFINANCE_GC=F
2017-07-06,1243.699951171875,1217.0999755859375,1215.5999755859375,11.349984305245536,DERIVED_FROM_YFINANCE_GC=F
2017-07-07,1236.0,1217.0999755859375,1215.5999755859375,10.07855224609375,DERIVED_FROM_YFINANCE_GC=F
2017-07-10,1225.0999755859375,1208.5999755859375,1207.0999755859375,10.764264787946429,DERIVED_FROM_YFINANCE_GC=F
2017-07-11,1225.0999755859375,1208.5999755859375,1207.0999755859375,10.149980817522321,DERIVED_FROM_YFINANCE_GC=F
2017-07-12,1220.4000244140625,1208.5999755859375,1207.0999755859375,10.235700334821429,DERIVED_FROM_YFINANCE_GC=F
2017-07-13,1219.4000244140625,1208.699951171875,1207.199951171875,10.2928466796875,DERIVED_FROM_YFINANCE_GC=F
2017-07-14,1221.4000244140625,1208.699951171875,1207.199951171875,9.992850167410714,DERIVED_FROM_YFINANCE_GC=F
2017-07-17,1227.5,1214.800048828125,1213.300048828125,9.0428466796875,DERIVED_FROM_YFINANCE_GC=F
2017-07-18,1233.4000244140625,1214.800048828125,1213.300048828125,8.199994768415179,DERIVED_FROM_YFINANCE_GC=F
2017-07-19,1241.199951171875,1214.800048828125,1213.300048828125,8.378557477678571,DERIVED_FROM_YFINANCE_GC=F
2017-07-20,1241.199951171875,1229.9000244140625,1228.4000244140625,8.30712890625,DERIVED_FROM_YFINANCE_GC=F
2017-07-21,1244.800048828125,1236.199951171875,1234.699951171875,7.992850167410714,DERIVED_FROM_YFINANCE_GC=F
2017-07-24,1254.300048828125,1236.5999755859375,1235.0999755859375,8.307137625558036,DERIVED_FROM_YFINANCE_GC=F
2017-07-25,1256.0,1236.5999755859375,1235.0999755859375,6.828569684709821,DERIVED_FROM_YFINANCE_GC=F
2017-07-26,1256.0,1249.199951171875,1247.699951171875,6.600001743861607,DERIVED_FROM_YFINANCE_GC=F
2017-07-27,1256.0,1244.800048828125,1243.300048828125,6.75714111328125,DERIVED_FROM_YFINANCE_GC=F
2017-07-28,1259.5999755859375,1244.800048828125,1243.300048828125,6.542855398995536,DERIVED_FROM_YFINANCE_GC=F
2017-07-31,1270.0,1244.800048828125,1243.300048828125,7.228567940848214,DERIVED_FROM_YFINANCE_GC=F
2017-08-01,1270.800048828125,1256.9000244140625,1255.4000244140625,7.142848423549107,DERIVED_FROM_YFINANCE_GC=F
2017-08-02,1273.300048828125,1256.9000244140625,1255.4000244140625,7.53570556640625,DERIVED_FROM_YFINANCE_GC=F
2017-08-03,1273.300048828125,1262.0,1260.5,7.864275251116071,DERIVED_FROM_YFINANCE_GC=F
2017-08-04,1273.300048828125,1256.5999755859375,1255.0999755859375,8.042855398995536,DERIVED_FROM_YFINANCE_GC=F
2017-08-07,1272.0999755859375,1253.9000244140625,1252.4000244140625,8.678562709263392,DERIVED_FROM_YFINANCE_GC=F
2017-08-08,1269.800048828125,1253.9000244140625,1252.4000244140625,8.349993024553571,DERIVED_FROM_YFINANCE_GC=F
2017-08-09,1269.5999755859375,1251.4000244140625,1249.9000244140625,9.178562709263392,DERIVED_FROM_YFINANCE_GC=F
2017-08-10,1277.800048828125,1251.4000244140625,1249.9000244140625,10.121416364397321,DERIVED_FROM_YFINANCE_GC=F
2017-08-11,1287.4000244140625,1251.4000244140625,1249.9000244140625,10.471418108258929,DERIVED_FROM_YFINANCE_GC=F
2017-08-14,1291.0999755859375,1260.199951171875,1258.699951171875,10.971418108258929,DERIVED_FROM_YFINANCE_GC=F
2017-08-15,1291.0999755859375,1274.9000244140625,1273.4000244140625,11.3214111328125,DERIVED_FROM_YFINANCE_GC=F
2017-08-16,1291.0999755859375,1267.4000244140625,1265.9000244140625,12.028555733816964,DERIVED_FROM_YFINANCE_GC=F
2017-08-17,1288.4000244140625,1267.4000244140625,1265.9000244140625,12.214268275669642,DERIVED_FROM_YFINANCE_GC=F
2017-08-18,1288.5,1267.4000244140625,1265.9000244140625,12.107125418526786,DERIVED_FROM_YFINANCE_GC=F
2017-08-21,1300.699951171875,1269.4000244140625,1267.9000244140625,12.921404157366071,DERIVED_FROM_YFINANCE_GC=F
2017-08-22,1300.699951171875,1283.199951171875,1281.699951171875,12.549979073660714,DERIVED_FROM_YFINANCE_GC=F
2017-08-23,1300.699951171875,1283.199951171875,1281.699951171875,12.399989536830358,DERIVED_FROM_YFINANCE_GC=F
2017-08-24,1290.800048828125,1283.199951171875,1281.699951171875,11.621416364397321,DERIVED_FROM_YFINANCE_GC=F
2017-08-25,1289.4000244140625,1283.199951171875,1281.699951171875,10.849993024553571,DERIVED_FROM_YFINANCE_GC=F
2017-08-28,1292.699951171875,1280.300048828125,1278.800048828125,11.464276994977679,DERIVED_FROM_YFINANCE_GC=F
2017-08-29,1311.300048828125,1280.300048828125,1278.800048828125,11.899998256138392,DERIVED_FROM_YFINANCE_GC=F
2017-08-30,1323.800048828125,1280.300048828125,1278.800048828125,11.378574916294642,DERIVED_FROM_YFINANCE_GC=F
2017-08-31,1323.800048828125,1293.5,1292.0,10.935712541852679,DERIVED_FROM_YFINANCE_GC=F
2017-09-01,1323.800048828125,1301.699951171875,1300.199951171875,11.757149832589286,DERIVED_FROM_YFINANCE_GC=F
2017-09-05,1327.699951171875,1301.699951171875,1300.199951171875,11.892865862165179,DERIVED_FROM_YFINANCE_GC=F
2017-09-06,1339.199951171875,1301.699951171875,1300.199951171875,11.742867606026786,DERIVED_FROM_YFINANCE_GC=F
2017-09-07,1340.300048828125,1316.9000244140625,1315.4000244140625,11.350019182477679,DERIVED_FROM_YFINANCE_GC=F
2017-09-08,1349.0,1328.5999755859375,1327.0999755859375,11.600019182477679,DERIVED_FROM_YFINANCE_GC=F
2017-09-11,1355.800048828125,1332.5999755859375,1331.0999755859375,11.192888532366071,DERIVED_FROM_YFINANCE_GC=F
2017-09-12,1355.800048828125,1327.300048828125,1325.800048828125,12.092878069196429,DERIVED_FROM_YFINANCE_GC=F
2017-09-13,1355.800048828125,1325.199951171875,1323.699951171875,11.964303152901786,DERIVED_FROM_YFINANCE_GC=F
2017-09-14,1331.0,1323.4000244140625,1321.9000244140625,11.985726492745536,DERIVED_FROM_YFINANCE_GC=F
2017-09-15,1329.300048828125,1319.5999755859375,1318.0999755859375,12.328587123325892,DERIVED_FROM_YFINANCE_GC=F
2017-09-18,1329.300048828125,1319.5999755859375,1318.0999755859375,11.792872837611608,DERIVED_FROM_YFINANCE_GC=F
2017-09-19,1329.300048828125,1306.0,1304.5,11.478585379464286,DERIVED_FROM_YFINANCE_GC=F
2017-09-20,1321.199951171875,1305.0999755859375,1303.5999755859375,10.842869349888392,DERIVED_FROM_YFINANCE_GC=F
2017-09-21,1312.0,1298.699951171875,1297.199951171875,11.207162039620536,DERIVED_FROM_YFINANCE_GC=F
2017-09-22,1312.0,1290.300048828125,1288.800048828125,11.285723005022321,DERIVED_FROM_YFINANCE_GC=F
2017-09-25,1312.0,1290.300048828125,1288.800048828125,10.828578404017858,DERIVED_FROM_YFINANCE_GC=F
2017-09-26,1309.199951171875,1290.300048828125,1288.800048828125,11.078578404017858,DERIVED_FROM_YFINANCE_GC=F
2017-09-27,1309.199951171875,1291.0,1289.5,11.22857666015625,DERIVED_FROM_YFINANCE_GC=F
2017-09-28,1309.199951171875,1283.4000244140625,1281.9000244140625,11.121433803013392,DERIVED_FROM_YFINANCE_GC=F
2017-09-29,1305.5999755859375,1277.0,1275.5,11.142857142857142,DERIVED_FROM_YFINANCE_GC=F
2017-10-02,1289.4000244140625,1277.0,1275.5,10.371433803013392,DERIVED_FROM_YFINANCE_GC=F
2017-10-03,1289.4000244140625,1270.4000244140625,1268.9000244140625,10.75,DERIVED_FROM_YFINANCE_GC=F
2017-10-04,1289.4000244140625,1268.5999755859375,1267.0999755859375,10.757149832589286,DERIVED_FROM_YFINANCE_GC=F
2017-10-05,1280.800048828125,1268.5999755859375,1267.0999755859375,10.835719517299108,DERIVED_FROM_YFINANCE_GC=F
2017-10-06,1280.800048828125,1267.5999755859375,1266.0999755859375,11.214303152901786,DERIVED_FROM_YFINANCE_GC=F
2017-10-09,1280.800048828125,1260.5,1259.0,11.007158551897321,DERIVED_FROM_YFINANCE_GC=F
2017-10-10,1284.0,1260.5,1259.0,11.521440778459821,DERIVED_FROM_YFINANCE_GC=F
2017-10-11,1293.0,1260.5,1259.0,11.378583635602679,DERIVED_FROM_YFINANCE_GC=F
2017-10-12,1293.0,1279.0,1277.5,10.335728236607142,DERIVED_FROM_YFINANCE_GC=F
2017-10-13,1294.5,1281.699951171875,1280.199951171875,10.592869349888392,DERIVED_FROM_YFINANCE_GC=F
2017-10-16,1301.699951171875,1284.9000244140625,1283.4000244140625,10.007158551897321,DERIVED_FROM_YFINANCE_GC=F
2017-10-17,1303.800048828125,1289.300048828125,1287.800048828125,10.157156808035714,DERIVED_FROM_YFINANCE_GC=F
2017-10-18,1303.800048828125,1283.0,1281.5,10.392874581473214,DERIVED_FROM_YFINANCE_GC=F
2017-10-19,1303.800048828125,1279.9000244140625,1278.4000244140625,9.828587123325892,DERIVED_FROM_YFINANCE_GC=F
2017-10-20,1295.0999755859375,1279.9000244140625,1278.4000244140625,9.764299665178571,DERIVED_FROM_YFINANCE_GC=F
2017-10-23,1286.9000244140625,1277.4000244140625,1275.9000244140625,9.650015694754464,DERIVED_FROM_YFINANCE_GC=F
2017-10-24,1286.9000244140625,1271.5,1270.0,9.978585379464286,DERIVED_FROM_YFINANCE_GC=F
2017-10-25,1280.800048828125,1271.5,1270.0,9.492867606026786,DERIVED_FROM_YFINANCE_GC=F
2017-10-26,1280.800048828125,1269.9000244140625,1268.4000244140625,9.157148088727679,DERIVED_FROM_YFINANCE_GC=F
2017-10-27,1275.5,1264.699951171875,1263.199951171875,9.100010463169642,DERIVED_FROM_YFINANCE_GC=F
2017-10-30,1275.4000244140625,1264.699951171875,1263.199951171875,8.371433803013392,DERIVED_FROM_YFINANCE_GC=F
2017-10-31,1274.0999755859375,1264.699951171875,1263.199951171875,8.00714111328125,DERIVED_FROM_YFINANCE_GC=F
2017-11-01,1274.5999755859375,1266.0999755859375,1264.5999755859375,8.107142857142858,DERIVED_FROM_YFINANCE_GC=F
2017-11-02,1274.800048828125,1266.0999755859375,1264.5999755859375,8.042864118303571,DERIVED_FROM_YFINANCE_GC=F
2017-11-03,1274.9000244140625,1266.0999755859375,1264.5999755859375,7.385724748883929,DERIVED_FROM_YFINANCE_GC=F
2017-11-06,1274.9000244140625,1265.300048828125,1263.800048828125,7.221435546875,DERIVED_FROM_YFINANCE_GC=F
2017-11-07,1280.5,1265.300048828125,1263.800048828125,7.014290945870536,DERIVED_FROM_YFINANCE_GC=F
2017-11-08,1280.5,1265.300048828125,1263.800048828125,7.435721261160714,DERIVED_FROM_YFINANCE_GC=F
2017-11-09,1284.9000244140625,1269.0,1267.5,7.735726492745536,DERIVED_FROM_YFINANCE_GC=F
2017-11-10,1286.9000244140625,1270.4000244140625,1268.9000244140625,7.571446010044643,DERIVED_FROM_YFINANCE_GC=F
2017-11-13,1286.9000244140625,1272.4000244140625,1270.9000244140625,7.850010463169643,DERIVED_FROM_YFINANCE_GC=F
2017-11-14,1286.9000244140625,1272.4000244140625,1270.9000244140625,7.914297921316964,DERIVED_FROM_YFINANCE_GC=F
2017-11-15,1283.5,1272.4000244140625,1270.9000244140625,7.850010463169643,DERIVED_FROM_YFINANCE_GC=F
2017-11-16,1284.699951171875,1275.9000244140625,1274.4000244140625,7.714285714285714,DERIVED_FROM_YFINANCE_GC=F
2017-11-17,1284.699951171875,1275.9000244140625,1274.4000244140625,7.628574916294643,DERIVED_FROM_YFINANCE_GC=F
2017-11-20,1295.800048828125,1275.9000244140625,1274.4000244140625,8.500008719308036,DERIVED_FROM_YFINANCE_GC=F
2017-11-21,1295.800048828125,1274.5999755859375,1273.0999755859375,9.407156808035714,DERIVED_FROM_YFINANCE_GC=F
2017-11-22,1295.800048828125,1274.5999755859375,1273.0999755859375,9.314296177455358,DERIVED_FROM_YFINANCE_GC=F
2017-11-24,1291.5999755859375,1274.5999755859375,1273.0999755859375,10.007149832589286,DERIVED_FROM_YFINANCE_GC=F
2017-11-27,1291.5999755859375,1281.0999755859375,1279.5999755859375,9.671439034598214,DERIVED_FROM_YFINANCE_GC=F
2017-11-28,1293.800048828125,1282.9000244140625,1281.4000244140625,9.1785888671875,DERIVED_FROM_YFINANCE_GC=F
2017-11-29,1294.699951171875,1286.699951171875,1285.199951171875,8.600010463169642,DERIVED_FROM_YFINANCE_GC=F
2017-11-30,1296.199951171875,1281.0999755859375,1279.5999755859375,8.878574916294642,DERIVED_FROM_YFINANCE_GC=F
2017-12-01,1296.199951171875,1269.699951171875,1268.199951171875,9.421430315290179,DERIVED_FROM_YFINANCE_GC=F
2017-12-04,1296.199951171875,1269.699951171875,1268.199951171875,9.7357177734375,DERIVED_FROM_YFINANCE_GC=F
2017-12-05,1288.5999755859375,1269.699951171875,1268.199951171875,9.99285888671875,DERIVED_FROM_YFINANCE_GC=F
2017-12-06,1288.5999755859375,1260.0,1258.5,10.792864118303571,DERIVED_FROM_YFINANCE_GC=F
2017-12-07,1276.0999755859375,1260.0,1258.5,10.607160295758929,DERIVED_FROM_YFINANCE_GC=F
2017-12-08,1275.800048828125,1243.9000244140625,1242.4000244140625,11.885733468191964,DERIVED_FROM_YFINANCE_GC=F
2017-12-11,1267.800048828125,1241.5,1240.0,11.164306640625,DERIVED_FROM_YFINANCE_GC=F
2017-12-12,1262.4000244140625,1239.9000244140625,1238.4000244140625,10.314296177455358,DERIVED_FROM_YFINANCE_GC=F
2017-12-13,1249.300048828125,1236.5,1235.0,10.414297921316964,DERIVED_FROM_YFINANCE_GC=F
2017-12-14,1254.5,1236.5,1235.0,10.807155064174108,DERIVED_FROM_YFINANCE_GC=F
2017-12-15,1257.699951171875,1236.5,1235.0,11.335719517299108,DERIVED_FROM_YFINANCE_GC=F
2017-12-18,1260.300048828125,1239.800048828125,1238.300048828125,11.342860630580358,DERIVED_FROM_YFINANCE_GC=F
2017-12-19,1262.4000244140625,1250.300048828125,1248.800048828125,11.857151576450892,DERIVED_FROM_YFINANCE_GC=F
2017-12-20,1264.300048828125,1253.0999755859375,1251.5999755859375,11.121442522321429,DERIVED_FROM_YFINANCE_GC=F
2017-12-21,1266.5999755859375,1255.699951171875,1254.199951171875,10.485726492745536,DERIVED_FROM_YFINANCE_GC=F
2017-12-22,1267.4000244140625,1259.5,1258.0,9.45001220703125,DERIVED_FROM_YFINANCE_GC=F
2017-12-26,1276.300048828125,1261.300048828125,1259.800048828125,9.557155064174108,DERIVED_FROM_YFINANCE_GC=F
2017-12-27,1284.0999755859375,1264.300048828125,1262.800048828125,9.050005231584821,DERIVED_FROM_YFINANCE_GC=F
2017-12-28,1287.0,1266.300048828125,1264.800048828125,8.821428571428571,DERIVED_FROM_YFINANCE_GC=F
2017-12-29,1294.0999755859375,1281.800048828125,1280.300048828125,7.978567940848214,DERIVED_FROM_YFINANCE_GC=F
2018-01-02,1306.300048828125,1284.0,1282.5,8.2642822265625,DERIVED_FROM_YFINANCE_GC=F
2018-01-03,1317.5999755859375,1288.199951171875,1286.699951171875,8.692853655133929,DERIVED_FROM_YFINANCE_GC=F
2018-01-04,1320.0999755859375,1294.0,1292.5,8.699994768415179,DERIVED_FROM_YFINANCE_GC=F
2018-01-05,1322.0,1302.300048828125,1300.800048828125,7.971426827566964,DERIVED_FROM_YFINANCE_GC=F
2018-01-08,1322.0,1312.0999755859375,1310.5999755859375,7.157148088727679,DERIVED_FROM_YFINANCE_GC=F
2018-01-09,1322.0,1314.5999755859375,1313.0999755859375,7.050005231584821,DERIVED_FROM_YFINANCE_GC=F
2018-01-10,1320.300048828125,1309.5999755859375,1308.0999755859375,7.114292689732143,DERIVED_FROM_YFINANCE_GC=F
2018-01-11,1320.699951171875,1309.5999755859375,1308.0999755859375,7.414289202008929,DERIVED_FROM_YFINANCE_GC=F
2018-01-12,1320.699951171875,1309.5999755859375,1308.0999755859375,7.299996512276786,DERIVED_FROM_YFINANCE_GC=F
2018-01-16,1338.199951171875,1315.300048828125,1313.800048828125,8.335710797991071,DERIVED_FROM_YFINANCE_GC=F
2018-01-17,1338.199951171875,1316.300048828125,1314.800048828125,7.935712541852679,DERIVED_FROM_YFINANCE_GC=F
2018-01-18,1338.199951171875,1326.800048828125,1325.300048828125,8.114283970424108,DERIVED_FROM_YFINANCE_GC=F
2018-01-19,1338.0,1326.0,1324.5,8.75714111328125,DERIVED_FROM_YFINANCE_GC=F
2018-01-22,1338.0,1326.0,1324.5,8.75,DERIVED_FROM_YFINANCE_GC=F
2018-01-23,1333.0,1326.0,1324.5,8.121425083705358,DERIVED_FROM_YFINANCE_GC=F
2018-01-24,1335.9000244140625,1328.4000244140625,1326.9000244140625,7.385716029575893,DERIVED_FROM_YFINANCE_GC=F
2018-01-25,1357.199951171875,1328.4000244140625,1326.9000244140625,8.350001743861608,DERIVED_FROM_YFINANCE_GC=F
2018-01-26,1362.4000244140625,1335.699951171875,1334.199951171875,9.057146344866071,DERIVED_FROM_YFINANCE_GC=F
2018-01-30,1362.4000244140625,1346.699951171875,1345.199951171875,9.814287458147321,DERIVED_FROM_YFINANCE_GC=F
2018-01-31,1362.4000244140625,1332.800048828125,1331.300048828125,10.749991280691964,DERIVED_FROM_YFINANCE_GC=F
2018-02-01,1352.0,1331.800048828125,1330.300048828125,11.185703822544642,DERIVED_FROM_YFINANCE_GC=F
2018-02-02,1350.5999755859375,1331.800048828125,1330.300048828125,11.528555733816964,DERIVED_FROM_YFINANCE_GC=F
2018-02-05,1352.0999755859375,1327.699951171875,1326.199951171875,12.964276994977679,DERIVED_FROM_YFINANCE_GC=F
2018-02-06,1352.0999755859375,1327.699951171875,1326.199951171875,12.507132393973214,DERIVED_FROM_YFINANCE_GC=F
2018-02-07,1352.0999755859375,1319.5,1318.0,13.921412876674108,DERIVED_FROM_YFINANCE_GC=F
2018-02-08,1343.699951171875,1310.5,1309.0,14.592843191964286,DERIVED_FROM_YFINANCE_GC=F
2018-02-09,1343.699951171875,1307.0,1305.5,14.742841448102679,DERIVED_FROM_YFINANCE_GC=F
2018-02-12,1331.0999755859375,1307.0,1305.5,14.964268275669642,DERIVED_FROM_YFINANCE_GC=F
2018-02-13,1325.5,1307.0,1305.5,15.599984305245536,DERIVED_FROM_YFINANCE_GC=F
2018-02-14,1329.5999755859375,1311.9000244140625,1310.4000244140625,15.685695103236608,DERIVED_FROM_YFINANCE_GC=F
2018-02-15,1355.5,1318.0,1316.5,16.399980817522323,DERIVED_FROM_YFINANCE_GC=F
2018-02-16,1355.9000244140625,1323.4000244140625,1321.9000244140625,15.721409388950892,DERIVED_FROM_YFINANCE_GC=F
2018-02-20,1361.4000244140625,1324.0,1322.5,16.07855224609375,DERIVED_FROM_YFINANCE_GC=F
2018-02-21,1361.4000244140625,1328.5,1327.0,16.499982561383927,DERIVED_FROM_YFINANCE_GC=F
2018-02-22,1361.4000244140625,1324.4000244140625,1322.9000244140625,15.928553989955358,DERIVED_FROM_YFINANCE_GC=F
2018-02-23,1350.199951171875,1322.0,1320.5,15.614275251116071,DERIVED_FROM_YFINANCE_GC=F
2018-02-26,1332.0999755859375,1322.0,1320.5,14.185703822544642,DERIVED_FROM_YFINANCE_GC=F
2018-02-27,1340.5,1322.0,1320.5,14.2642822265625,DERIVED_FROM_YFINANCE_GC=F
2018-02-28,1340.5,1312.699951171875,1311.199951171875,13.957144601004464,DERIVED_FROM_YFINANCE_GC=F
2018-03-01,1340.5,1312.699951171875,1311.199951171875,12.885716029575892,DERIVED_FROM_YFINANCE_GC=F
2018-03-02,1332.5999755859375,1301.800048828125,1300.300048828125,13.042855398995536,DERIVED_FROM_YFINANCE_GC=F
2018-03-05,1323.199951171875,1301.800048828125,1300.300048828125,13.77142333984375,DERIVED_FROM_YFINANCE_GC=F
2018-03-06,1325.9000244140625,1301.800048828125,1300.300048828125,13.442853655133929,DERIVED_FROM_YFINANCE_GC=F
2018-03-07,1333.5999755859375,1314.300048828125,1312.800048828125,14.107142857142858,DERIVED_FROM_YFINANCE_GC=F
2018-03-08,1338.0999755859375,1318.0999755859375,1316.5999755859375,12.721426827566964,DERIVED_FROM_YFINANCE_GC=F
2018-03-09,1338.0999755859375,1319.300048828125,1317.800048828125,12.814278738839286,DERIVED_FROM_YFINANCE_GC=F
2018-03-12,1338.0999755859375,1313.0,1311.5,12.307137625558036,DERIVED_FROM_YFINANCE_GC=F
2018-03-13,1326.800048828125,1313.0,1311.5,10.75714111328125,DERIVED_FROM_YFINANCE_GC=F
2018-03-14,1325.9000244140625,1313.0,1311.5,10.714285714285714,DERIVED_FROM_YFINANCE_GC=F
2018-03-15,1325.9000244140625,1319.4000244140625,1317.9000244140625,10.307146344866071,DERIVED_FROM_YFINANCE_GC=F
2018-03-16,1325.9000244140625,1316.800048828125,1315.300048828125,10.535714285714286,DERIVED_FROM_YFINANCE_GC=F
2018-03-19,1324.4000244140625,1310.0999755859375,1308.5999755859375,10.135716029575892,DERIVED_FROM_YFINANCE_GC=F
2018-03-20,1316.9000244140625,1307.300048828125,1305.800048828125,9.399998256138392,DERIVED_FROM_YFINANCE_GC=F
2018-03-21,1316.9000244140625,1307.300048828125,1305.800048828125,9.407148088727679,DERIVED_FROM_YFINANCE_GC=F
2018-03-22,1328.800048828125,1307.300048828125,1305.800048828125,9.507158551897321,DERIVED_FROM_YFINANCE_GC=F
2018-03-23,1328.800048828125,1311.0999755859375,1309.5999755859375,8.478594098772321,DERIVED_FROM_YFINANCE_GC=F
2018-03-26,1349.300048828125,1312.4000244140625,1310.9000244140625,9.542881556919642,DERIVED_FROM_YFINANCE_GC=F
2018-03-27,1354.4000244140625,1326.5999755859375,1325.0999755859375,9.100027901785714,DERIVED_FROM_YFINANCE_GC=F
2018-03-28,1354.4000244140625,1341.0,1339.5,9.192888532366071,DERIVED_FROM_YFINANCE_GC=F
2018-03-29,1354.4000244140625,1322.4000244140625,1320.9000244140625,10.3714599609375,DERIVED_FROM_YFINANCE_GC=F
2018-04-02,1346.4000244140625,1321.699951171875,1320.199951171875,10.085745675223214,DERIVED_FROM_YFINANCE_GC=F
2018-04-03,1346.4000244140625,1321.699951171875,1320.199951171875,11.4000244140625,DERIVED_FROM_YFINANCE_GC=F
2018-04-04,1344.199951171875,1321.699951171875,1320.199951171875,11.90716552734375,DERIVED_FROM_YFINANCE_GC=F
2018-04-05,1347.300048828125,1324.699951171875,1323.199951171875,12.764308384486608,DERIVED_FROM_YFINANCE_GC=F
2018-04-06,1347.300048828125,1322.5999755859375,1321.0999755859375,13.164315359933036,DERIVED_FROM_YFINANCE_GC=F
2018-04-09,1347.300048828125,1319.0,1317.5,13.685738699776786,DERIVED_FROM_YFINANCE_GC=F
2018-04-10,1337.5,1319.0,1317.5,13.750026157924108,DERIVED_FROM_YFINANCE_GC=F
2018-04-11,1342.0,1319.0,1317.5,13.985735212053571,DERIVED_FROM_YFINANCE_GC=F
2018-04-12,1365.4000244140625,1327.0,1325.5,14.528590611049108,DERIVED_FROM_YFINANCE_GC=F
2018-04-13,1365.4000244140625,1333.0,1331.5,15.67144775390625,DERIVED_FROM_YFINANCE_GC=F
2018-04-16,1365.4000244140625,1334.5999755859375,1333.0999755859375,14.771440778459821,DERIVED_FROM_YFINANCE_GC=F
2018-04-17,1351.5,1334.5999755859375,1333.0999755859375,14.664297921316964,DERIVED_FROM_YFINANCE_GC=F
2018-04-18,1348.800048828125,1335.9000244140625,1334.4000244140625,14.357151576450892,DERIVED_FROM_YFINANCE_GC=F
2018-04-19,1354.199951171875,1339.0,1337.5,13.407148088727679,DERIVED_FROM_YFINANCE_GC=F
2018-04-20,1355.199951171875,1339.0,1337.5,13.99285888671875,DERIVED_FROM_YFINANCE_GC=F
2018-04-23,1355.199951171875,1335.300048828125,1333.800048828125,13.285723005022321,DERIVED_FROM_YFINANCE_GC=F
2018-04-24,1355.199951171875,1322.5,1321.0,13.328578404017858,DERIVED_FROM_YFINANCE_GC=F
2018-04-25,1343.4000244140625,1322.5,1321.0,12.864283970424108,DERIVED_FROM_YFINANCE_GC=F
2018-04-26,1334.4000244140625,1320.0,1318.5,12.735709054129464,DERIVED_FROM_YFINANCE_GC=F
2018-04-27,1331.699951171875,1315.699951171875,1314.199951171875,12.128566196986608,DERIVED_FROM_YFINANCE_GC=F
2018-04-30,1325.0,1312.800048828125,1311.300048828125,12.014273507254464,DERIVED_FROM_YFINANCE_GC=F
2018-05-01,1321.699951171875,1309.5999755859375,1308.0999755859375,12.135707310267858,DERIVED_FROM_YFINANCE_GC=F
2018-05-02,1321.699951171875,1303.4000244140625,1301.9000244140625,11.242841448102679,DERIVED_FROM_YFINANCE_GC=F
2018-05-03,1316.199951171875,1302.5999755859375,1301.0999755859375,10.157130650111608,DERIVED_FROM_YFINANCE_GC=F
2018-05-04,1313.800048828125,1302.5999755859375,1301.0999755859375,10.014273507254464,DERIVED_FROM_YFINANCE_GC=F
2018-05-07,1312.699951171875,1302.5999755859375,1301.0999755859375,9.599984305245536,DERIVED_FROM_YFINANCE_GC=F
2018-05-08,1312.699951171875,1310.199951171875,1308.699951171875,9.128557477678571,DERIVED_FROM_YFINANCE_GC=F
2018-05-09,1312.699951171875,1308.5,1307.0,8.628557477678571,DERIVED_FROM_YFINANCE_GC=F
2018-05-10,1312.5,1308.5,1307.0,7.707127162388393,DERIVED_FROM_YFINANCE_GC=F
2018-05-11,1320.800048828125,1308.5,1307.0,7.56427001953125,DERIVED_FROM_YFINANCE_GC=F
2018-05-14,1320.800048828125,1311.300048828125,1309.800048828125,6.678562709263393,DERIVED_FROM_YFINANCE_GC=F
2018-05-15,1320.800048828125,1312.199951171875,1310.699951171875,6.2642822265625,DERIVED_FROM_YFINANCE_GC=F
2018-05-16,1319.9000244140625,1288.9000244140625,1287.4000244140625,7.421421595982143,DERIVED_FROM_YFINANCE_GC=F
2018-05-17,1319.9000244140625,1285.4000244140625,1283.9000244140625,7.642848423549107,DERIVED_FROM_YFINANCE_GC=F
2018-05-18,1304.699951171875,1285.4000244140625,1283.9000244140625,7.22857666015625,DERIVED_FROM_YFINANCE_GC=F
2018-05-21,1294.0,1285.199951171875,1283.699951171875,6.821428571428571,DERIVED_FROM_YFINANCE_GC=F
2018-05-22,1292.0999755859375,1285.199951171875,1283.699951171875,6.24285888671875,DERIVED_FROM_YFINANCE_GC=F
2018-05-23,1292.0999755859375,1285.199951171875,1283.699951171875,5.871425083705357,DERIVED_FROM_YFINANCE_GC=F
2018-05-24,1292.0999755859375,1287.4000244140625,1285.9000244140625,5.464276994977679,DERIVED_FROM_YFINANCE_GC=F
2018-05-25,1303.699951171875,1289.300048828125,1287.800048828125,6.349984305245536,DERIVED_FROM_YFINANCE_GC=F
2018-05-29,1303.699951171875,1289.300048828125,1287.800048828125,6.199977329799107,DERIVED_FROM_YFINANCE_GC=F
2018-05-30,1303.699951171875,1298.699951171875,1297.199951171875,6.264273507254464,DERIVED_FROM_YFINANCE_GC=F
2018-05-31,1303.699951171875,1295.199951171875,1293.699951171875,6.821419852120536,DERIVED_FROM_YFINANCE_GC=F
2018-06-01,1306.800048828125,1295.199951171875,1293.699951171875,6.871425083705357,DERIVED_FROM_YFINANCE_GC=F
2018-06-04,1306.800048828125,1288.9000244140625,1287.4000244140625,7.5428466796875,DERIVED_FROM_YFINANCE_GC=F
2018-06-05,1306.800048828125,1288.9000244140625,1287.4000244140625,7.80712890625,DERIVED_FROM_YFINANCE_GC=F
2018-06-06,1299.800048828125,1288.9000244140625,1287.4000244140625,6.5428466796875,DERIVED_FROM_YFINANCE_GC=F
2018-06-07,1300.4000244140625,1289.9000244140625,1288.4000244140625,6.378566196986607,DERIVED_FROM_YFINANCE_GC=F
2018-06-08,1302.800048828125,1289.9000244140625,1288.4000244140625,6.628566196986607,DERIVED_FROM_YFINANCE_GC=F
2018-06-11,1302.800048828125,1294.0999755859375,1292.5999755859375,6.599993024553571,DERIVED_FROM_YFINANCE_GC=F
2018-06-12,1302.800048828125,1294.800048828125,1293.300048828125,6.75,DERIVED_FROM_YFINANCE_GC=F
2018-06-13,1302.0,1292.699951171875,1291.199951171875,7.085719517299107,DERIVED_FROM_YFINANCE_GC=F
2018-06-14,1302.0,1290.9000244140625,1289.4000244140625,7.521440778459821,DERIVED_FROM_YFINANCE_GC=F
2018-06-15,1307.699951171875,1290.9000244140625,1289.4000244140625,7.264299665178571,DERIVED_FROM_YFINANCE_GC=F
2018-06-18,1307.699951171875,1274.0,1272.5,9.642874581473214,DERIVED_FROM_YFINANCE_GC=F
2018-06-19,1307.699951171875,1274.0,1272.5,9.750008719308036,DERIVED_FROM_YFINANCE_GC=F
2018-06-20,1307.699951171875,1269.9000244140625,1268.4000244140625,9.992867606026786,DERIVED_FROM_YFINANCE_GC=F
2018-06-21,1281.800048828125,1269.9000244140625,1268.4000244140625,9.578578404017858,DERIVED_FROM_YFINANCE_GC=F
2018-06-22,1281.800048828125,1260.0,1258.5,9.578578404017858,DERIVED_FROM_YFINANCE_GC=F
2018-06-25,1274.4000244140625,1260.0,1258.5,9.300005231584821,DERIVED_FROM_YFINANCE_GC=F
2018-06-26,1271.199951171875,1260.0,1258.5,8.99285888671875,DERIVED_FROM_YFINANCE_GC=F
2018-06-27,1271.199951171875,1256.5999755859375,1255.0999755859375,9.299996512276786,DERIVED_FROM_YFINANCE_GC=F
2018-06-28,1271.199951171875,1252.300048828125,1250.800048828125,9.135698590959821,DERIVED_FROM_YFINANCE_GC=F
2018-06-29,1267.199951171875,1244.800048828125,1243.300048828125,9.378557477678571,DERIVED_FROM_YFINANCE_GC=F
2018-07-02,1255.5,1244.800048828125,1243.300048828125,9.285696847098214,DERIVED_FROM_YFINANCE_GC=F
2018-07-03,1253.300048828125,1239.800048828125,1238.300048828125,9.664263044084821,DERIVED_FROM_YFINANCE_GC=F
2018-07-05,1254.0999755859375,1237.0,1235.5,10.278547014508929,DERIVED_FROM_YFINANCE_GC=F
2018-07-06,1257.300048828125,1237.0,1235.5,9.914271763392858,DERIVED_FROM_YFINANCE_GC=F
2018-07-09,1257.300048828125,1237.0,1235.5,7.721418108258929,DERIVED_FROM_YFINANCE_GC=F
2018-07-10,1262.300048828125,1253.5999755859375,1252.0999755859375,7.857134137834821,DERIVED_FROM_YFINANCE_GC=F
2018-07-11,1262.300048828125,1249.300048828125,1247.800048828125,7.635698590959821,DERIVED_FROM_YFINANCE_GC=F
2018-07-12,1262.300048828125,1242.800048828125,1241.300048828125,8.107125418526786,DERIVED_FROM_YFINANCE_GC=F
2018-07-13,1256.9000244140625,1240.9000244140625,1239.4000244140625,7.721409388950893,DERIVED_FROM_YFINANCE_GC=F
2018-07-16,1253.199951171875,1239.5999755859375,1238.0999755859375,8.021414620535714,DERIVED_FROM_YFINANCE_GC=F
2018-07-17,1247.0,1238.0999755859375,1236.5999755859375,8.028564453125,DERIVED_FROM_YFINANCE_GC=F
2018-07-18,1247.0,1225.699951171875,1224.199951171875,8.157139369419642,DERIVED_FROM_YFINANCE_GC=F
2018-07-19,1243.800048828125,1222.199951171875,1220.699951171875,8.171430315290179,DERIVED_FROM_YFINANCE_GC=F
2018-07-20,1228.0,1211.699951171875,1210.199951171875,8.764290945870536,DERIVED_FROM_YFINANCE_GC=F
2018-07-23,1229.5,1211.699951171875,1210.199951171875,8.878574916294642,DERIVED_FROM_YFINANCE_GC=F
2018-07-24,1229.5,1211.699951171875,1210.199951171875,8.592860630580358,DERIVED_FROM_YFINANCE_GC=F
2018-07-25,1229.5,1222.0,1220.5,7.378574916294643,DERIVED_FROM_YFINANCE_GC=F
2018-07-26,1231.4000244140625,1222.0,1220.5,7.50714111328125,DERIVED_FROM_YFINANCE_GC=F
2018-07-27,1231.4000244140625,1223.9000244140625,1222.4000244140625,7.728567940848214,DERIVED_FROM_YFINANCE_GC=F
2018-07-30,1231.4000244140625,1222.5999755859375,1221.0999755859375,7.350001743861607,DERIVED_FROM_YFINANCE_GC=F
2018-07-31,1227.800048828125,1218.0999755859375,1216.5999755859375,7.135724748883929,DERIVED_FROM_YFINANCE_GC=F
2018-08-01,1228.0999755859375,1213.0,1211.5,7.428580147879464,DERIVED_FROM_YFINANCE_GC=F
2018-08-02,1228.0999755859375,1213.0,1211.5,7.678580147879464,DERIVED_FROM_YFINANCE_GC=F
2018-08-03,1228.0999755859375,1205.800048828125,1204.300048828125,8.114292689732142,DERIVED_FROM_YFINANCE_GC=F
2018-08-06,1223.699951171875,1205.0999755859375,1203.5999755859375,8.671430315290179,DERIVED_FROM_YFINANCE_GC=F
2018-08-07,1219.300048828125,1205.0999755859375,1203.5999755859375,8.342860630580358,DERIVED_FROM_YFINANCE_GC=F
2018-08-08,1218.5999755859375,1205.0999755859375,1203.5999755859375,8.521432059151786,DERIVED_FROM_YFINANCE_GC=F
2018-08-09,1215.199951171875,1205.9000244140625,1204.4000244140625,8.02142333984375,DERIVED_FROM_YFINANCE_GC=F
2018-08-10,1215.300048828125,1205.9000244140625,1204.4000244140625,7.778573172433036,DERIVED_FROM_YFINANCE_GC=F
2018-08-13,1216.4000244140625,1205.5999755859375,1204.0999755859375,8.014290945870536,DERIVED_FROM_YFINANCE_GC=F
2018-08-14,1216.4000244140625,1191.300048828125,1189.800048828125,9.421430315290179,DERIVED_FROM_YFINANCE_GC=F
2018-08-15,1216.4000244140625,1191.300048828125,1189.800048828125,9.328569684709821,DERIVED_FROM_YFINANCE_GC=F
2018-08-16,1207.4000244140625,1174.5999755859375,1173.0999755859375,10.207144601004464,DERIVED_FROM_YFINANCE_GC=F
2018-08-17,1197.5,1161.4000244140625,1159.9000244140625,11.357134137834821,DERIVED_FROM_YFINANCE_GC=F
2018-08-20,1188.0999755859375,1161.4000244140625,1159.9000244140625,11.407130650111608,DERIVED_FROM_YFINANCE_GC=F
2018-08-21,1190.0,1161.4000244140625,1159.9000244140625,11.2928466796875,DERIVED_FROM_YFINANCE_GC=F
2018-08-22,1192.5999755859375,1174.699951171875,1173.199951171875,11.0428466796875,DERIVED_FROM_YFINANCE_GC=F
2018-08-23,1196.300048828125,1184.4000244140625,1182.9000244140625,10.342851911272321,DERIVED_FROM_YFINANCE_GC=F
2018-08-24,1196.300048828125,1184.9000244140625,1183.4000244140625,10.192853655133929,DERIVED_FROM_YFINANCE_GC=F
2018-08-27,1208.0,1184.9000244140625,1183.4000244140625,11.257132393973214,DERIVED_FROM_YFINANCE_GC=F
2018-08-28,1211.4000244140625,1184.9000244140625,1183.4000244140625,11.199994768415179,DERIVED_FROM_YFINANCE_GC=F
2018-08-29,1217.0,1185.300048828125,1183.800048828125,11.585710797991071,DERIVED_FROM_YFINANCE_GC=F
2018-08-30,1217.0,1202.300048828125,1200.800048828125,11.678562709263392,DERIVED_FROM_YFINANCE_GC=F
2018-08-31,1217.0,1196.0,1194.5,11.592843191964286,DERIVED_FROM_YFINANCE_GC=F
2018-09-04,1208.199951171875,1196.0,1194.5,10.928562709263392,DERIVED_FROM_YFINANCE_GC=F
2018-09-05,1208.199951171875,1189.9000244140625,1188.4000244140625,11.228567940848214,DERIVED_FROM_YFINANCE_GC=F
2018-09-06,1208.199951171875,1189.9000244140625,1188.4000244140625,10.164280482700892,DERIVED_FROM_YFINANCE_GC=F
2018-09-07,1202.0,1189.9000244140625,1188.4000244140625,9.328569684709821,DERIVED_FROM_YFINANCE_GC=F
2018-09-10,1202.0,1192.5,1191.0,9.2357177734375,DERIVED_FROM_YFINANCE_GC=F
2018-09-11,1202.0,1193.0,1191.5,8.314287458147321,DERIVED_FROM_YFINANCE_GC=F
2018-09-12,1198.300048828125,1190.4000244140625,1188.9000244140625,8.321437290736608,DERIVED_FROM_YFINANCE_GC=F
2018-09-13,1205.0,1190.4000244140625,1188.9000244140625,8.74285888671875,DERIVED_FROM_YFINANCE_GC=F
2018-09-14,1205.0,1190.4000244140625,1188.9000244140625,8.2642822265625,DERIVED_FROM_YFINANCE_GC=F
2018-09-17,1205.0,1195.0,1193.5,7.142857142857143,DERIVED_FROM_YFINANCE_GC=F
2018-09-18,1203.4000244140625,1195.0,1193.5,7.03570556640625,DERIVED_FROM_YFINANCE_GC=F
2018-09-19,1199.699951171875,1195.0,1193.5,6.192844935825893,DERIVED_FROM_YFINANCE_GC=F
2018-09-20,1202.199951171875,1196.800048828125,1195.300048828125,6.221409388950893,DERIVED_FROM_YFINANCE_GC=F
2018-09-21,1206.199951171875,1196.800048828125,1195.300048828125,5.8214111328125,DERIVED_FROM_YFINANCE_GC=F
2018-09-24,1206.199951171875,1196.199951171875,1194.699951171875,5.785696847098214,DERIVED_FROM_YFINANCE_GC=F
2018-09-25,1206.199951171875,1196.199951171875,1194.699951171875,5.264273507254464,DERIVED_FROM_YFINANCE_GC=F
2018-09-26,1202.800048828125,1196.199951171875,1194.699951171875,5.264273507254464,DERIVED_FROM_YFINANCE_GC=F
2018-09-27,1202.800048828125,1194.0,1192.5,5.185703822544643,DERIVED_FROM_YFINANCE_GC=F
2018-09-28,1202.800048828125,1180.5,1179.0,6.014273507254464,DERIVED_FROM_YFINANCE_GC=F
2018-10-01,1197.300048828125,1180.0,1178.5,6.821419852120536,DERIVED_FROM_YFINANCE_GC=F
2018-10-02,1197.300048828125,1180.0,1178.5,6.81427001953125,DERIVED_FROM_YFINANCE_GC=F
2018-10-03,1206.0,1180.0,1178.5,7.478559221540179,DERIVED_FROM_YFINANCE_GC=F
2018-10-04,1206.0,1185.800048828125,1184.300048828125,7.571419852120536,DERIVED_FROM_YFINANCE_GC=F
2018-10-05,1206.0,1190.300048828125,1188.800048828125,7.599993024553571,DERIVED_FROM_YFINANCE_GC=F
2018-10-08,1205.300048828125,1196.5999755859375,1195.0999755859375,7.864283970424107,DERIVED_FROM_YFINANCE_GC=F
2018-10-09,1205.300048828125,1183.699951171875,1182.199951171875,8.907148088727679,DERIVED_FROM_YFINANCE_GC=F
2018-10-10,1205.300048828125,1183.699951171875,1182.199951171875,8.857151576450892,DERIVED_FROM_YFINANCE_GC=F
2018-10-11,1201.0,1183.699951171875,1182.199951171875,8.914297921316964,DERIVED_FROM_YFINANCE_GC=F
2018-10-12,1224.5999755859375,1185.5999755859375,1184.0999755859375,10.721435546875,DERIVED_FROM_YFINANCE_GC=F
2018-10-15,1224.5999755859375,1189.300048828125,1187.800048828125,11.035714285714286,DERIVED_FROM_YFINANCE_GC=F
2018-10-16,1232.300048828125,1196.300048828125,1194.800048828125,11.800005231584821,DERIVED_FROM_YFINANCE_GC=F
2018-10-17,1232.300048828125,1216.0,1214.5,11.664289202008929,DERIVED_FROM_YFINANCE_GC=F
2018-10-18,1232.300048828125,1222.4000244140625,1220.9000244140625,10.721435546875,DERIVED_FROM_YFINANCE_GC=F
2018-10-19,1230.5,1223.699951171875,1222.199951171875,10.071437290736608,DERIVED_FROM_YFINANCE_GC=F
2018-10-22,1226.5,1223.699951171875,1222.199951171875,9.742867606026786,DERIVED_FROM_YFINANCE_GC=F
2018-10-23,1226.5,1219.5999755859375,1218.0999755859375,8.800013950892858,DERIVED_FROM_YFINANCE_GC=F
2018-10-24,1237.800048828125,1219.5999755859375,1218.0999755859375,9.557163783482142,DERIVED_FROM_YFINANCE_GC=F
2018-10-25,1237.800048828125,1219.5999755859375,1218.0999755859375,9.4285888671875,DERIVED_FROM_YFINANCE_GC=F
2018-10-26,1238.5999755859375,1224.800048828125,1223.300048828125,9.600010463169642,DERIVED_FROM_YFINANCE_GC=F
2018-10-29,1238.5999755859375,1227.800048828125,1226.300048828125,8.757158551897321,DERIVED_FROM_YFINANCE_GC=F
2018-10-30,1238.5999755859375,1224.5,1223.0,8.992876325334821,DERIVED_FROM_YFINANCE_GC=F
2018-10-31,1234.800048828125,1219.800048828125,1218.300048828125,9.21429443359375,DERIVED_FROM_YFINANCE_GC=F
2018-11-01,1227.699951171875,1212.0,1210.5,7.45001220703125,DERIVED_FROM_YFINANCE_GC=F
2018-11-02,1236.0,1212.0,1210.5,8.607151576450892,DERIVED_FROM_YFINANCE_GC=F
2018-11-05,1236.0,1212.0,1210.5,7.957144601004464,DERIVED_FROM_YFINANCE_GC=F
2018-11-06,1236.0,1215.4000244140625,1213.9000244140625,8.007149832589286,DERIVED_FROM_YFINANCE_GC=F
2018-11-07,1233.800048828125,1223.800048828125,1222.300048828125,8.464285714285714,DERIVED_FROM_YFINANCE_GC=F
2018-11-08,1233.800048828125,1223.800048828125,1222.300048828125,8.607134137834821,DERIVED_FROM_YFINANCE_GC=F
2018-11-09,1233.800048828125,1222.9000244140625,1221.4000244140625,8.757132393973214,DERIVED_FROM_YFINANCE_GC=F
2018-11-12,1228.5999755859375,1206.4000244140625,1204.9000244140625,9.528555733816964,DERIVED_FROM_YFINANCE_GC=F
2018-11-13,1222.9000244140625,1201.300048828125,1199.800048828125,8.707118443080358,DERIVED_FROM_YFINANCE_GC=F
2018-11-14,1207.9000244140625,1196.300048828125,1194.800048828125,8.664263044084821,DERIVED_FROM_YFINANCE_GC=F
2018-11-15,1207.9000244140625,1196.300048828125,1194.800048828125,8.514273507254464,DERIVED_FROM_YFINANCE_GC=F
2018-11-16,1212.800048828125,1196.300048828125,1194.800048828125,8.457127162388392,DERIVED_FROM_YFINANCE_GC=F
2018-11-19,1223.800048828125,1207.9000244140625,1206.4000244140625,8.671412876674108,DERIVED_FROM_YFINANCE_GC=F
2018-11-20,1223.800048828125,1212.800048828125,1211.300048828125,8.271414620535714,DERIVED_FROM_YFINANCE_GC=F
2018-11-21,1228.800048828125,1216.699951171875,1215.199951171875,8.214276994977679,DERIVED_FROM_YFINANCE_GC=F
2018-11-23,1228.800048828125,1219.0,1217.5,7.00714111328125,DERIVED_FROM_YFINANCE_GC=F
2018-11-26,1228.800048828125,1219.0,1217.5,6.9857177734375,DERIVED_FROM_YFINANCE_GC=F
2018-11-27,1225.800048828125,1220.199951171875,1218.699951171875,6.771432059151786,DERIVED_FROM_YFINANCE_GC=F
2018-11-28,1224.800048828125,1211.199951171875,1209.699951171875,6.828578404017857,DERIVED_FROM_YFINANCE_GC=F
2018-11-29,1222.0,1211.199951171875,1209.699951171875,7.214303152901786,DERIVED_FROM_YFINANCE_GC=F
2018-11-30,1228.699951171875,1211.199951171875,1209.699951171875,7.564304896763393,DERIVED_FROM_YFINANCE_GC=F
2018-12-03,1228.699951171875,1211.5,1210.0,7.021449497767857,DERIVED_FROM_YFINANCE_GC=F
2018-12-04,1234.0999755859375,1216.0999755859375,1214.5999755859375,7.6500244140625,DERIVED_FROM_YFINANCE_GC=F
2018-12-06,1241.4000244140625,1216.0999755859375,1214.5999755859375,8.078595842633929,DERIVED_FROM_YFINANCE_GC=F
2018-12-07,1244.4000244140625,1221.300048828125,1219.800048828125,8.142874581473214,DERIVED_FROM_YFINANCE_GC=F
2018-12-10,1249.800048828125,1230.4000244140625,1228.9000244140625,8.664306640625,DERIVED_FROM_YFINANCE_GC=F
2018-12-11,1249.800048828125,1234.800048828125,1233.300048828125,8.442879813058036,DERIVED_FROM_YFINANCE_GC=F
2018-12-12,1249.800048828125,1237.5999755859375,1236.0999755859375,8.792881556919642,DERIVED_FROM_YFINANCE_GC=F
2018-12-13,1249.5999755859375,1241.5,1240.0,8.357160295758929,DERIVED_FROM_YFINANCE_GC=F
2018-12-14,1248.699951171875,1241.0,1239.5,8.114301409040179,DERIVED_FROM_YFINANCE_GC=F
2018-12-17,1245.5999755859375,1234.0999755859375,1232.5999755859375,8.385724748883929,DERIVED_FROM_YFINANCE_GC=F
2018-12-18,1247.4000244140625,1234.0999755859375,1232.5999755859375,9.000008719308036,DERIVED_FROM_YFINANCE_GC=F
2018-12-19,1249.199951171875,1234.0999755859375,1232.5999755859375,8.4857177734375,DERIVED_FROM_YFINANCE_GC=F
2018-12-20,1255.800048828125,1239.300048828125,1237.800048828125,8.22857666015625,DERIVED_FROM_YFINANCE_GC=F
2018-12-21,1263.5999755859375,1243.199951171875,1241.699951171875,9.100010463169642,DERIVED_FROM_YFINANCE_GC=F
2018-12-24,1263.5999755859375,1243.199951171875,1241.699951171875,9.164289202008929,DERIVED_FROM_YFINANCE_GC=F
2018-12-26,1268.5,1243.199951171875,1241.699951171875,9.221426827566964,DERIVED_FROM_YFINANCE_GC=F
2018-12-27,1277.4000244140625,1253.800048828125,1252.300048828125,9.142857142857142,DERIVED_FROM_YFINANCE_GC=F
2018-12-28,1277.4000244140625,1260.300048828125,1258.800048828125,9.035723005022321,DERIVED_FROM_YFINANCE_GC=F
2018-12-31,1280.0999755859375,1269.199951171875,1267.699951171875,8.635716029575892,DERIVED_FROM_YFINANCE_GC=F
2019-01-02,1281.300048828125,1273.5,1272.0,8.335719517299108,DERIVED_FROM_YFINANCE_GC=F
2019-01-03,1286.0,1273.5,1272.0,8.421439034598214,DERIVED_FROM_YFINANCE_GC=F
2019-01-04,1292.0,1277.5999755859375,1276.0999755859375,8.94287109375,DERIVED_FROM_YFINANCE_GC=F
2019-01-07,1294.199951171875,1275.300048828125,1273.800048828125,10.050005231584821,DERIVED_FROM_YFINANCE_GC=F
2019-01-08,1294.199951171875,1275.300048828125,1273.800048828125,9.728585379464286,DERIVED_FROM_YFINANCE_GC=F
2019-01-09,1294.199951171875,1275.300048828125,1273.800048828125,9.600019182477679,DERIVED_FROM_YFINANCE_GC=F
2019-01-10,1289.300048828125,1278.199951171875,1276.699951171875,10.064313616071429,DERIVED_FROM_YFINANCE_GC=F
2019-01-11,1289.300048828125,1278.199951171875,1276.699951171875,9.921456473214286,DERIVED_FROM_YFINANCE_GC=F
2019-01-14,1291.199951171875,1279.199951171875,1277.699951171875,8.928597586495536,DERIVED_FROM_YFINANCE_GC=F
2019-01-15,1293.9000244140625,1284.699951171875,1283.199951171875,8.714320591517858,DERIVED_FROM_YFINANCE_GC=F
2019-01-16,1293.9000244140625,1286.199951171875,1284.699951171875,8.128609793526786,DERIVED_FROM_YFINANCE_GC=F
2019-01-17,1293.9000244140625,1286.199951171875,1284.699951171875,7.807181222098214,DERIVED_FROM_YFINANCE_GC=F
2019-01-18,1292.699951171875,1286.199951171875,1284.699951171875,7.528599330357143,DERIVED_FROM_YFINANCE_GC=F
2019-01-22,1292.699951171875,1281.300048828125,1279.800048828125,7.750026157924107,DERIVED_FROM_YFINANCE_GC=F
2019-01-23,1292.699951171875,1281.300048828125,1279.800048828125,7.628592354910714,DERIVED_FROM_YFINANCE_GC=F
2019-01-24,1283.9000244140625,1278.699951171875,1277.199951171875,7.4000244140625,DERIVED_FROM_YFINANCE_GC=F
2019-01-25,1283.9000244140625,1278.5,1277.0,6.942879813058036,DERIVED_FROM_YFINANCE_GC=F
2019-01-28,1297.4000244140625,1278.5,1277.0,6.900033133370536,DERIVED_FROM_YFINANCE_GC=F
2019-01-29,1307.0999755859375,1278.5,1277.0,7.300022670200893,DERIVED_FROM_YFINANCE_GC=F
2019-01-30,1308.199951171875,1297.4000244140625,1295.9000244140625,7.100010463169643,DERIVED_FROM_YFINANCE_GC=F
2019-01-31,1323.4000244140625,1298.4000244140625,1296.9000244140625,7.471435546875,DERIVED_FROM_YFINANCE_GC=F
2019-02-01,1325.4000244140625,1308.0999755859375,1306.5999755859375,8.25,DERIVED_FROM_YFINANCE_GC=F
2019-02-04,1325.4000244140625,1308.0999755859375,1306.5999755859375,8.164280482700892,DERIVED_FROM_YFINANCE_GC=F
2019-02-05,1325.4000244140625,1308.300048828125,1306.800048828125,8.378557477678571,DERIVED_FROM_YFINANCE_GC=F
2019-02-06,1320.699951171875,1308.300048828125,1306.800048828125,8.207127162388392,DERIVED_FROM_YFINANCE_GC=F
2019-02-07,1318.0999755859375,1305.0,1303.5,8.478550502232142,DERIVED_FROM_YFINANCE_GC=F
2019-02-08,1315.0999755859375,1302.199951171875,1300.699951171875,8.764273507254464,DERIVED_FROM_YFINANCE_GC=F
2019-02-11,1314.0,1302.199951171875,1300.699951171875,8.514273507254464,DERIVED_FROM_YFINANCE_GC=F
2019-02-12,1314.0,1302.199951171875,1300.699951171875,9.014273507254464,DERIVED_FROM_YFINANCE_GC=F
2019-02-13,1314.0,1304.699951171875,1303.199951171875,8.999982561383929,DERIVED_FROM_YFINANCE_GC=F
2019-02-14,1316.0,1304.699951171875,1303.199951171875,9.235700334821429,DERIVED_FROM_YFINANCE_GC=F
2019-02-15,1316.0,1301.5999755859375,1300.0999755859375,8.657130650111608,DERIVED_FROM_YFINANCE_GC=F
2019-02-19,1318.800048828125,1301.5999755859375,1300.0999755859375,8.607134137834821,DERIVED_FROM_YFINANCE_GC=F
2019-02-20,1340.0999755859375,1301.5999755859375,1300.0999755859375,9.7642822265625,DERIVED_FROM_YFINANCE_GC=F
2019-02-21,1344.0,1313.5999755859375,1312.0999755859375,9.099993024553571,DERIVED_FROM_YFINANCE_GC=F
2019-02-22,1344.0,1320.5,1319.0,9.592851911272321,DERIVED_FROM_YFINANCE_GC=F
2019-02-25,1344.0,1320.9000244140625,1319.4000244140625,9.950003487723214,DERIVED_FROM_YFINANCE_GC=F
2019-02-26,1334.9000244140625,1320.9000244140625,1319.4000244140625,9.678580147879464,DERIVED_FROM_YFINANCE_GC=F
2019-02-27,1331.5999755859375,1321.0,1319.5,9.571437290736608,DERIVED_FROM_YFINANCE_GC=F
2019-02-28,1331.5999755859375,1316.5,1315.0,9.728585379464286,DERIVED_FROM_YFINANCE_GC=F
2019-03-01,1327.9000244140625,1311.5,1310.0,10.014290945870536,DERIVED_FROM_YFINANCE_GC=F
2019-03-04,1327.9000244140625,1288.9000244140625,1287.4000244140625,11.278581891741071,DERIVED_FROM_YFINANCE_GC=F
2019-03-05,1323.699951171875,1281.9000244140625,1280.4000244140625,11.671439034598214,DERIVED_FROM_YFINANCE_GC=F
2019-03-06,1312.199951171875,1281.9000244140625,1280.4000244140625,11.671439034598214,DERIVED_FROM_YFINANCE_GC=F
2019-03-07,1287.0999755859375,1281.9000244140625,1280.4000244140625,11.471435546875,DERIVED_FROM_YFINANCE_GC=F
2019-03-08,1287.0999755859375,1281.0,1279.5,11.021432059151786,DERIVED_FROM_YFINANCE_GC=F
2019-03-11,1297.4000244140625,1281.0,1279.5,11.350001743861608,DERIVED_FROM_YFINANCE_GC=F
2019-03-12,1297.4000244140625,1281.0,1279.5,10.364283970424108,DERIVED_FROM_YFINANCE_GC=F
2019-03-13,1297.4000244140625,1288.800048828125,1287.300048828125,10.471426827566964,DERIVED_FROM_YFINANCE_GC=F
2019-03-14,1307.5,1288.800048828125,1287.300048828125,9.671421595982142,DERIVED_FROM_YFINANCE_GC=F
2019-03-15,1307.5,1293.4000244140625,1291.9000244140625,9.942844935825892,DERIVED_FROM_YFINANCE_GC=F
2019-03-18,1307.5,1293.4000244140625,1291.9000244140625,10.3214111328125,DERIVED_FROM_YFINANCE_GC=F
2019-03-19,1304.699951171875,1293.4000244140625,1291.9000244140625,10.485691615513392,DERIVED_FROM_YFINANCE_GC=F
2019-03-20,1306.9000244140625,1297.300048828125,1295.800048828125,10.142830984933036,DERIVED_FROM_YFINANCE_GC=F
2019-03-21,1306.9000244140625,1297.300048828125,1295.800048828125,9.59283447265625,DERIVED_FROM_YFINANCE_GC=F
2019-03-22,1306.9000244140625,1300.5,1299.0,8.285688127790179,DERIVED_FROM_YFINANCE_GC=F
2019-03-25,1311.5999755859375,1300.5,1299.0,7.642830984933036,DERIVED_FROM_YFINANCE_GC=F
2019-03-26,1322.9000244140625,1306.0999755859375,1304.5999755859375,8.09283447265625,DERIVED_FROM_YFINANCE_GC=F
2019-03-27,1322.9000244140625,1311.5999755859375,1310.0999755859375,8.271405901227679,DERIVED_FROM_YFINANCE_GC=F
2019-03-28,1322.9000244140625,1309.9000244140625,1308.4000244140625,8.307120186941964,DERIVED_FROM_YFINANCE_GC=F
2019-03-29,1315.5999755859375,1287.699951171875,1286.199951171875,9.007123674665179,DERIVED_FROM_YFINANCE_GC=F
2019-04-01,1311.0999755859375,1286.0999755859375,1284.5999755859375,9.30712890625,DERIVED_FROM_YFINANCE_GC=F
2019-04-02,1311.0999755859375,1285.699951171875,1284.199951171875,9.499991280691964,DERIVED_FROM_YFINANCE_GC=F
2019-04-03,1298.5,1284.5,1283.0,9.157139369419642,DERIVED_FROM_YFINANCE_GC=F
2019-04-04,1295.9000244140625,1284.5,1283.0,8.549996512276786,DERIVED_FROM_YFINANCE_GC=F
2019-04-05,1293.0999755859375,1279.5,1278.0,8.678571428571429,DERIVED_FROM_YFINANCE_GC=F
2019-04-08,1293.0999755859375,1279.5,1278.0,8.928580147879464,DERIVED_FROM_YFINANCE_GC=F
2019-04-09,1302.0999755859375,1279.5,1278.0,9.292864118303571,DERIVED_FROM_YFINANCE_GC=F
2019-04-10,1304.9000244140625,1283.5999755859375,1282.0999755859375,9.528581891741071,DERIVED_FROM_YFINANCE_GC=F
2019-04-11,1309.0999755859375,1291.800048828125,1290.300048828125,9.671439034598214,DERIVED_FROM_YFINANCE_GC=F
2019-04-12,1309.0999755859375,1288.5999755859375,1287.0999755859375,10.742867606026786,DERIVED_FROM_YFINANCE_GC=F
2019-04-15,1309.0999755859375,1288.5999755859375,1287.0999755859375,10.278581891741071,DERIVED_FROM_YFINANCE_GC=F
2019-04-16,1307.0999755859375,1282.300048828125,1280.800048828125,10.328578404017858,DERIVED_FROM_YFINANCE_GC=F
2019-04-17,1293.4000244140625,1272.199951171875,1270.699951171875,11.057155064174108,DERIVED_FROM_YFINANCE_GC=F
2019-04-18,1287.300048828125,1271.5999755859375,1270.0999755859375,9.521440778459821,DERIVED_FROM_YFINANCE_GC=F
2019-04-22,1285.199951171875,1270.0999755859375,1268.5999755859375,8.885724748883929,DERIVED_FROM_YFINANCE_GC=F
2019-04-23,1273.5999755859375,1270.0999755859375,1268.5999755859375,8.271432059151786,DERIVED_FROM_YFINANCE_GC=F
2019-04-24,1273.5999755859375,1266.0,1264.5,8.350001743861608,DERIVED_FROM_YFINANCE_GC=F
2019-04-25,1275.5,1266.0,1264.5,8.5,DERIVED_FROM_YFINANCE_GC=F
2019-04-26,1280.800048828125,1266.0,1264.5,7.942862374441964,DERIVED_FROM_YFINANCE_GC=F
2019-04-29,1284.9000244140625,1267.800048828125,1266.300048828125,7.99285888671875,DERIVED_FROM_YFINANCE_GC=F
2019-04-30,1284.9000244140625,1275.800048828125,1274.300048828125,7.71429443359375,DERIVED_FROM_YFINANCE_GC=F
2019-05-01,1284.9000244140625,1277.0999755859375,1275.5999755859375,7.492867606026786,DERIVED_FROM_YFINANCE_GC=F
2019-05-02,1284.9000244140625,1277.0999755859375,1275.5999755859375,7.278590611049107,DERIVED_FROM_YFINANCE_GC=F
2019-05-03,1283.300048828125,1266.5999755859375,1265.0999755859375,6.871451241629464,DERIVED_FROM_YFINANCE_GC=F
2019-05-06,1283.300048828125,1266.5999755859375,1265.0999755859375,7.207162039620536,DERIVED_FROM_YFINANCE_GC=F
2019-05-07,1282.199951171875,1266.5999755859375,1265.0999755859375,6.828595842633929,DERIVED_FROM_YFINANCE_GC=F
2019-05-08,1283.5,1270.0999755859375,1268.5999755859375,6.000017438616071,DERIVED_FROM_YFINANCE_GC=F
2019-05-09,1283.5,1279.4000244140625,1277.9000244140625,6.157156808035714,DERIVED_FROM_YFINANCE_GC=F
2019-05-10,1285.0,1278.800048828125,1277.300048828125,6.350010463169643,DERIVED_FROM_YFINANCE_GC=F
2019-05-13,1286.5,1278.800048828125,1277.300048828125,6.46429443359375,DERIVED_FROM_YFINANCE_GC=F
2019-05-14,1300.0999755859375,1278.800048828125,1277.300048828125,7.2357177734375,DERIVED_FROM_YFINANCE_GC=F
2019-05-15,1300.0999755859375,1281.800048828125,1280.300048828125,7.071437290736607,DERIVED_FROM_YFINANCE_GC=F
2019-05-16,1300.0999755859375,1281.800048828125,1280.300048828125,6.850010463169643,DERIVED_FROM_YFINANCE_GC=F
2019-05-17,1297.800048828125,1285.0,1283.5,7.007158551897321,DERIVED_FROM_YFINANCE_GC=F
2019-05-20,1296.9000244140625,1274.5,1273.0,7.20001220703125,DERIVED_FROM_YFINANCE_GC=F
2019-05-21,1285.4000244140625,1274.5,1273.0,6.97857666015625,DERIVED_FROM_YFINANCE_GC=F
2019-05-22,1280.0,1272.0,1270.5,6.942853655133929,DERIVED_FROM_YFINANCE_GC=F
2019-05-23,1276.0999755859375,1272.0,1270.5,5.999991280691964,DERIVED_FROM_YFINANCE_GC=F
2019-05-24,1284.800048828125,1272.0,1270.5,6.121425083705357,DERIVED_FROM_YFINANCE_GC=F
2019-05-28,1284.800048828125,1273.5999755859375,1272.0999755859375,6.035714285714286,DERIVED_FROM_YFINANCE_GC=F
2019-05-29,1284.800048828125,1276.5,1275.0,6.285714285714286,DERIVED_FROM_YFINANCE_GC=F
2019-05-30,1283.0,1276.5,1275.0,6.285714285714286,DERIVED_FROM_YFINANCE_GC=F
2019-05-31,1288.300048828125,1273.9000244140625,1272.4000244140625,6.871433803013393,DERIVED_FROM_YFINANCE_GC=F
2019-06-03,1306.4000244140625,1273.9000244140625,1272.4000244140625,8.021440778459821,DERIVED_FROM_YFINANCE_GC=F
2019-06-04,1327.800048828125,1273.9000244140625,1272.4000244140625,8.285731724330358,DERIVED_FROM_YFINANCE_GC=F
2019-06-05,1328.5999755859375,1287.5,1286.0,8.4571533203125,DERIVED_FROM_YFINANCE_GC=F
2019-06-06,1343.300048828125,1307.0,1305.5,9.721435546875,DERIVED_FROM_YFINANCE_GC=F
2019-06-07,1343.300048828125,1320.800048828125,1319.300048828125,9.807146344866071,DERIVED_FROM_YFINANCE_GC=F
2019-06-10,1347.699951171875,1326.199951171875,1324.699951171875,10.335710797991071,DERIVED_FROM_YFINANCE_GC=F
2019-06-11,1347.699951171875,1324.0999755859375,1322.5999755859375,11.442853655133929,DERIVED_FROM_YFINANCE_GC=F
2019-06-12,1347.699951171875,1319.0999755859375,1317.5999755859375,11.814287458147321,DERIVED_FROM_YFINANCE_GC=F
2019-06-13,1336.5,1319.0999755859375,1317.5999755859375,12.278573172433036,DERIVED_FROM_YFINANCE_GC=F
2019-06-14,1341.0999755859375,1319.0999755859375,1317.5999755859375,12.157139369419642,DERIVED_FROM_YFINANCE_GC=F
2019-06-17,1355.4000244140625,1326.9000244140625,1325.4000244140625,13.185712541852679,DERIVED_FROM_YFINANCE_GC=F
2019-06-18,1355.4000244140625,1331.5999755859375,1330.0999755859375,13.100001743861608,DERIVED_FROM_YFINANCE_GC=F
2019-06-19,1355.4000244140625,1335.0,1333.5,13.564296177455358,DERIVED_FROM_YFINANCE_GC=F
2019-06-20,1349.300048828125,1335.0,1333.5,12.721435546875,DERIVED_FROM_YFINANCE_GC=F
2019-06-21,1392.9000244140625,1341.5999755859375,1340.0999755859375,14.792864118303571,DERIVED_FROM_YFINANCE_GC=F
2019-06-24,1406.0,1344.0,1342.5,14.342860630580358,DERIVED_FROM_YFINANCE_GC=F
2019-06-25,1420.5999755859375,1379.5,1378.0,15.528581891741071,DERIVED_FROM_YFINANCE_GC=F
2019-06-26,1433.300048828125,1390.300048828125,1388.800048828125,15.46429443359375,DERIVED_FROM_YFINANCE_GC=F
2019-06-27,1433.300048828125,1402.0999755859375,1400.5999755859375,15.221435546875,DERIVED_FROM_YFINANCE_GC=F
2019-06-28,1433.300048828125,1399.800048828125,1398.300048828125,14.785723005022321,DERIVED_FROM_YFINANCE_GC=F
2019-07-01,1422.0,1399.800048828125,1398.300048828125,14.542864118303571,DERIVED_FROM_YFINANCE_GC=F
2019-07-02,1422.0,1382.800048828125,1381.300048828125,15.799996512276786,DERIVED_FROM_YFINANCE_GC=F
2019-07-03,1422.0,1382.800048828125,1381.300048828125,17.564287458147323,DERIVED_FROM_YFINANCE_GC=F
2019-07-05,1434.0,1382.800048828125,1381.300048828125,18.9857177734375,DERIVED_FROM_YFINANCE_GC=F
2019-07-08,1434.0,1390.199951171875,1388.699951171875,19.835719517299108,DERIVED_FROM_YFINANCE_GC=F
2019-07-09,1434.0,1390.199951171875,1388.699951171875,19.700003487723215,DERIVED_FROM_YFINANCE_GC=F
2019-07-10,1418.300048828125,1386.199951171875,1384.699951171875,19.75,DERIVED_FROM_YFINANCE_GC=F
2019-07-11,1410.0999755859375,1386.199951171875,1384.699951171875,20.464285714285715,DERIVED_FROM_YFINANCE_GC=F
2019-07-12,1424.0,1386.199951171875,1384.699951171875,18.421421595982142,DERIVED_FROM_YFINANCE_GC=F
2019-07-15,1424.0,1404.300048828125,1402.800048828125,17.714276994977677,DERIVED_FROM_YFINANCE_GC=F
2019-07-16,1424.0,1404.300048828125,1402.800048828125,16.335702078683035,DERIVED_FROM_YFINANCE_GC=F
2019-07-17,1415.0,1405.0,1403.5,15.599984305245536,DERIVED_FROM_YFINANCE_GC=F
2019-07-18,1421.300048828125,1404.5999755859375,1403.0999755859375,16.142848423549108,DERIVED_FROM_YFINANCE_GC=F
2019-07-19,1444.199951171875,1404.5999755859375,1403.0999755859375,17.064278738839285,DERIVED_FROM_YFINANCE_GC=F
2019-07-22,1444.199951171875,1404.5999755859375,1403.0999755859375,17.292855398995535,DERIVED_FROM_YFINANCE_GC=F
2019-07-23,1444.199951171875,1419.5,1418.0,15.46429443359375,DERIVED_FROM_YFINANCE_GC=F
2019-07-24,1442.0,1416.300048828125,1414.800048828125,13.764290945870536,DERIVED_FROM_YFINANCE_GC=F
2019-07-25,1425.300048828125,1416.300048828125,1414.800048828125,11.857151576450892,DERIVED_FROM_YFINANCE_GC=F
2019-07-26,1422.800048828125,1413.9000244140625,1412.4000244140625,10.4857177734375,DERIVED_FROM_YFINANCE_GC=F
2019-07-29,1423.0,1413.9000244140625,1412.4000244140625,10.892857142857142,DERIVED_FROM_YFINANCE_GC=F
2019-07-30,1423.0,1413.9000244140625,1412.4000244140625,10.164280482700892,DERIVED_FROM_YFINANCE_GC=F
2019-07-31,1433.9000244140625,1418.5,1417.0,10.285714285714286,DERIVED_FROM_YFINANCE_GC=F
2019-08-01,1435.800048828125,1411.199951171875,1409.699951171875,10.635724748883929,DERIVED_FROM_YFINANCE_GC=F
2019-08-02,1445.199951171875,1400.9000244140625,1399.4000244140625,13.385724748883929,DERIVED_FROM_YFINANCE_GC=F
2019-08-05,1448.0,1400.9000244140625,1399.4000244140625,14.9571533203125,DERIVED_FROM_YFINANCE_GC=F
2019-08-06,1469.699951171875,1400.9000244140625,1399.4000244140625,16.428580147879465,DERIVED_FROM_YFINANCE_GC=F
2019-08-07,1475.0,1432.300048828125,1430.800048828125,16.471435546875,DERIVED_FROM_YFINANCE_GC=F
2019-08-08,1509.9000244140625,1440.4000244140625,1438.9000244140625,17.385724748883927,DERIVED_FROM_YFINANCE_GC=F
2019-08-09,1509.9000244140625,1457.699951171875,1456.199951171875,17.357151576450892,DERIVED_FROM_YFINANCE_GC=F
2019-08-12,1509.9000244140625,1473.199951171875,1471.699951171875,18.114292689732142,DERIVED_FROM_YFINANCE_GC=F
2019-08-13,1514.9000244140625,1488.0999755859375,1486.5999755859375,19.385724748883927,DERIVED_FROM_YFINANCE_GC=F
2019-08-14,1531.4000244140625,1483.699951171875,1482.199951171875,22.600010463169642,DERIVED_FROM_YFINANCE_GC=F
2019-08-15,1531.4000244140625,1483.699951171875,1482.199951171875,23.642865862165177,DERIVED_FROM_YFINANCE_GC=F
2019-08-16,1531.4000244140625,1483.699951171875,1482.199951171875,23.857151576450892,DERIVED_FROM_YFINANCE_GC=F
2019-08-19,1524.5999755859375,1497.0,1495.5,25.20001220703125,DERIVED_FROM_YFINANCE_GC=F
2019-08-20,1524.5999755859375,1492.9000244140625,1491.4000244140625,25.578578404017858,DERIVED_FROM_YFINANCE_GC=F
2019-08-21,1524.5999755859375,1492.9000244140625,1491.4000244140625,24.435712541852677,DERIVED_FROM_YFINANCE_GC=F
2019-08-22,1507.5999755859375,1492.9000244140625,1491.4000244140625,21.714285714285715,DERIVED_FROM_YFINANCE_GC=F
2019-08-23,1506.0999755859375,1493.800048828125,1492.300048828125,20.549996512276785,DERIVED_FROM_YFINANCE_GC=F
2019-08-26,1527.5999755859375,1493.5,1492.0,20.892857142857142,DERIVED_FROM_YFINANCE_GC=F
2019-08-27,1543.300048828125,1493.5,1492.0,21.0142822265625,DERIVED_FROM_YFINANCE_GC=F
2019-08-28,1543.300048828125,1493.5,1492.0,19.464276994977677,DERIVED_FROM_YFINANCE_GC=F
2019-08-29,1543.300048828125,1524.300048828125,1522.800048828125,18.514273507254465,DERIVED_FROM_YFINANCE_GC=F
2019-08-30,1549.300048828125,1519.5999755859375,1518.0999755859375,19.78570556640625,DERIVED_FROM_YFINANCE_GC=F
2019-09-03,1549.300048828125,1516.699951171875,1515.199951171875,18.849993024553573,DERIVED_FROM_YFINANCE_GC=F
2019-09-04,1549.300048828125,1516.699951171875,1515.199951171875,17.457135881696427,DERIVED_FROM_YFINANCE_GC=F
2019-09-05,1553.199951171875,1516.699951171875,1515.199951171875,17.092843191964285,DERIVED_FROM_YFINANCE_GC=F
2019-09-06,1553.199951171875,1511.0999755859375,1509.5999755859375,19.085702078683035,DERIVED_FROM_YFINANCE_GC=F
2019-09-09,1553.199951171875,1504.5,1503.0,19.199986049107142,DERIVED_FROM_YFINANCE_GC=F
2019-09-10,1551.0999755859375,1498.0,1496.5,18.871416364397323,DERIVED_FROM_YFINANCE_GC=F
2019-09-11,1526.0,1486.9000244140625,1485.4000244140625,19.349984305245535,DERIVED_FROM_YFINANCE_GC=F
2019-09-12,1513.0,1486.9000244140625,1485.4000244140625,19.364275251116073,DERIVED_FROM_YFINANCE_GC=F
2019-09-13,1515.4000244140625,1486.9000244140625,1485.4000244140625,20.092851911272323,DERIVED_FROM_YFINANCE_GC=F
2019-09-16,1515.4000244140625,1486.9000244140625,1485.4000244140625,18.499991280691965,DERIVED_FROM_YFINANCE_GC=F
2019-09-17,1515.4000244140625,1486.9000244140625,1485.4000244140625,18.278564453125,DERIVED_FROM_YFINANCE_GC=F
2019-09-18,1506.800048828125,1486.9000244140625,1485.4000244140625,17.664280482700892,DERIVED_FROM_YFINANCE_GC=F
2019-09-19,1509.4000244140625,1489.300048828125,1487.800048828125,18.871425083705358,DERIVED_FROM_YFINANCE_GC=F
2019-09-20,1509.4000244140625,1489.300048828125,1487.800048828125,17.564278738839285,DERIVED_FROM_YFINANCE_GC=F
2019-09-23,1509.4000244140625,1489.300048828125,1487.800048828125,17.221418108258927,DERIVED_FROM_YFINANCE_GC=F
2019-09-24,1523.699951171875,1496.0999755859375,1494.5999755859375,16.378548758370535,DERIVED_FROM_YFINANCE_GC=F
2019-09-25,1533.0,1503.0,1501.5,16.342843191964285,DERIVED_FROM_YFINANCE_GC=F
2019-09-26,1533.0,1504.5999755859375,1503.0999755859375,15.449986049107142,DERIVED_FROM_YFINANCE_GC=F
2019-09-27,1533.0,1504.5999755859375,1503.0999755859375,14.121416364397321,DERIVED_FROM_YFINANCE_GC=F
2019-09-30,1527.9000244140625,1485.5999755859375,1484.0999755859375,14.614275251116071,DERIVED_FROM_YFINANCE_GC=F
2019-10-01,1507.5,1463.5,1462.0,16.064278738839285,DERIVED_FROM_YFINANCE_GC=F
2019-10-02,1506.0999755859375,1458.300048828125,1456.800048828125,17.54998779296875,DERIVED_FROM_YFINANCE_GC=F
2019-10-03,1503.699951171875,1458.300048828125,1456.800048828125,18.164271763392858,DERIVED_FROM_YFINANCE_GC=F
2019-10-04,1518.199951171875,1458.300048828125,1456.800048828125,18.864275251116073,DERIVED_FROM_YFINANCE_GC=F
2019-10-07,1518.199951171875,1474.0999755859375,1472.5999755859375,18.55712890625,DERIVED_FROM_YFINANCE_GC=F
2019-10-08,1518.199951171875,1489.0999755859375,1487.5999755859375,19.264273507254465,DERIVED_FROM_YFINANCE_GC=F
2019-10-09,1508.699951171875,1489.0999755859375,1487.5999755859375,19.0428466796875,DERIVED_FROM_YFINANCE_GC=F
2019-10-10,1507.699951171875,1489.0999755859375,1487.5999755859375,18.978559221540177,DERIVED_FROM_YFINANCE_GC=F
2019-10-11,1511.199951171875,1489.300048828125,1487.800048828125,19.81427001953125,DERIVED_FROM_YFINANCE_GC=F
2019-10-14,1511.199951171875,1476.9000244140625,1475.4000244140625,19.928562709263392,DERIVED_FROM_YFINANCE_GC=F
2019-10-15,1511.199951171875,1476.9000244140625,1475.4000244140625,19.521414620535715,DERIVED_FROM_YFINANCE_GC=F
2019-10-16,1495.4000244140625,1476.5999755859375,1475.0999755859375,18.899989536830358,DERIVED_FROM_YFINANCE_GC=F
2019-10-17,1495.4000244140625,1476.5999755859375,1475.0999755859375,19.435703822544642,DERIVED_FROM_YFINANCE_GC=F
2019-10-18,1495.4000244140625,1476.5999755859375,1475.0999755859375,18.399980817522323,DERIVED_FROM_YFINANCE_GC=F
2019-10-21,1493.199951171875,1480.0,1478.5,16.264273507254465,DERIVED_FROM_YFINANCE_GC=F
2019-10-22,1493.199951171875,1481.5,1480.0,14.921421595982142,DERIVED_FROM_YFINANCE_GC=F
2019-10-23,1489.9000244140625,1481.5,1480.0,12.935712541852679,DERIVED_FROM_YFINANCE_GC=F
2019-10-24,1490.300048828125,1481.5,1480.0,12.007149832589286,DERIVED_FROM_YFINANCE_GC=F
2019-10-25,1501.199951171875,1481.699951171875,1480.199951171875,12.271432059151786,DERIVED_FROM_YFINANCE_GC=F
2019-10-28,1514.300048828125,1485.9000244140625,1484.4000244140625,12.150006975446429,DERIVED_FROM_YFINANCE_GC=F
2019-10-29,1514.300048828125,1485.9000244140625,1484.4000244140625,11.942862374441964,DERIVED_FROM_YFINANCE_GC=F
2019-10-30,1514.300048828125,1485.9000244140625,1484.4000244140625,11.4857177734375,DERIVED_FROM_YFINANCE_GC=F
2019-10-31,1504.0999755859375,1481.0,1479.5,11.042864118303571,DERIVED_FROM_YFINANCE_GC=F
2019-11-01,1513.0999755859375,1481.0,1479.5,11.178580147879464,DERIVED_FROM_YFINANCE_GC=F
2019-11-04,1513.0999755859375,1481.0,1479.5,10.921439034598214,DERIVED_FROM_YFINANCE_GC=F
2019-11-05,1513.0999755859375,1496.0999755859375,1494.5999755859375,9.835719517299108,DERIVED_FROM_YFINANCE_GC=F
2019-11-06,1511.5999755859375,1480.800048828125,1479.300048828125,11.035714285714286,DERIVED_FROM_YFINANCE_GC=F
2019-11-07,1511.5999755859375,1480.800048828125,1479.300048828125,11.2357177734375,DERIVED_FROM_YFINANCE_GC=F
2019-11-08,1507.0999755859375,1464.199951171875,1462.699951171875,12.685712541852679,DERIVED_FROM_YFINANCE_GC=F
2019-11-11,1491.0,1461.300048828125,1459.800048828125,12.642848423549108,DERIVED_FROM_YFINANCE_GC=F
2019-11-12,1489.0999755859375,1449.300048828125,1447.800048828125,13.371416364397321,DERIVED_FROM_YFINANCE_GC=F
2019-11-13,1469.0999755859375,1447.0999755859375,1445.5999755859375,13.357125418526786,DERIVED_FROM_YFINANCE_GC=F
2019-11-14,1463.300048828125,1447.0999755859375,1445.5999755859375,13.064278738839286,DERIVED_FROM_YFINANCE_GC=F
2019-11-15,1471.800048828125,1447.0999755859375,1445.5999755859375,12.685712541852679,DERIVED_FROM_YFINANCE_GC=F
2019-11-18,1471.800048828125,1456.800048828125,1455.300048828125,12.0,DERIVED_FROM_YFINANCE_GC=F
2019-11-19,1472.0,1463.699951171875,1462.199951171875,12.042855398995536,DERIVED_FROM_YFINANCE_GC=F
2019-11-20,1474.300048828125,1467.300048828125,1465.800048828125,11.4857177734375,DERIVED_FROM_YFINANCE_GC=F
2019-11-21,1474.5,1467.300048828125,1465.800048828125,10.578569684709821,DERIVED_FROM_YFINANCE_GC=F
2019-11-22,1474.5,1463.0999755859375,1461.5999755859375,10.692862374441964,DERIVED_FROM_YFINANCE_GC=F
2019-11-25,1474.5,1463.0999755859375,1461.5999755859375,10.828578404017858,DERIVED_FROM_YFINANCE_GC=F
2019-11-26,1468.5999755859375,1455.5,1454.0,9.428580147879464,DERIVED_FROM_YFINANCE_GC=F
2019-11-27,1468.5999755859375,1455.5,1454.0,8.9285888671875,DERIVED_FROM_YFINANCE_GC=F
2019-11-29,1461.9000244140625,1452.0,1450.5,7.778590611049107,DERIVED_FROM_YFINANCE_GC=F
2019-12-02,1465.5999755859375,1452.0,1450.5,8.185738699776786,DERIVED_FROM_YFINANCE_GC=F
2019-12-03,1465.5999755859375,1452.0,1450.5,8.207162039620536,DERIVED_FROM_YFINANCE_GC=F
2019-12-04,1480.4000244140625,1452.0999755859375,1450.5999755859375,9.100019182477679,DERIVED_FROM_YFINANCE_GC=F
2019-12-05,1483.4000244140625,1453.300048828125,1451.800048828125,9.17144775390625,DERIVED_FROM_YFINANCE_GC=F
2019-12-06,1483.4000244140625,1459.5,1458.0,8.857151576450892,DERIVED_FROM_YFINANCE_GC=F
2019-12-09,1483.4000244140625,1458.199951171875,1456.699951171875,9.871442522321429,DERIVED_FROM_YFINANCE_GC=F
2019-12-10,1478.0,1458.199951171875,1456.699951171875,9.93572998046875,DERIVED_FROM_YFINANCE_GC=F
2019-12-11,1476.0,1458.199951171875,1456.699951171875,10.028573172433036,DERIVED_FROM_YFINANCE_GC=F
2019-12-12,1475.4000244140625,1458.5999755859375,1457.0999755859375,10.428580147879464,DERIVED_FROM_YFINANCE_GC=F
2019-12-13,1483.9000244140625,1460.699951171875,1459.199951171875,11.142865862165179,DERIVED_FROM_YFINANCE_GC=F
2019-12-16,1483.9000244140625,1463.0999755859375,1461.5999755859375,11.664297921316964,DERIVED_FROM_YFINANCE_GC=F
2019-12-17,1483.9000244140625,1463.0999755859375,1461.5999755859375,11.250008719308036,DERIVED_FROM_YFINANCE_GC=F
2019-12-18,1476.9000244140625,1463.0999755859375,1461.5999755859375,11.22857666015625,DERIVED_FROM_YFINANCE_GC=F
2019-12-19,1476.9000244140625,1472.5999755859375,1471.0999755859375,10.664289202008929,DERIVED_FROM_YFINANCE_GC=F
2019-12-20,1478.9000244140625,1472.5999755859375,1471.0999755859375,10.150006975446429,DERIVED_FROM_YFINANCE_GC=F
2019-12-23,1478.9000244140625,1472.5999755859375,1471.0999755859375,9.521440778459821,DERIVED_FROM_YFINANCE_GC=F
2019-12-24,1482.5,1473.300048828125,1471.800048828125,8.585728236607142,DERIVED_FROM_YFINANCE_GC=F
2019-12-26,1499.0999755859375,1474.699951171875,1473.199951171875,8.900006975446429,DERIVED_FROM_YFINANCE_GC=F
2019-12-27,1512.300048828125,1479.9000244140625,1478.4000244140625,9.43572998046875,DERIVED_FROM_YFINANCE_GC=F
2019-12-30,1513.800048828125,1488.699951171875,1487.199951171875,8.421439034598214,DERIVED_FROM_YFINANCE_GC=F
2019-12-31,1515.0999755859375,1505.0,1503.5,8.385724748883929,DERIVED_FROM_YFINANCE_GC=F
2020-01-02,1523.4000244140625,1510.0,1508.5,8.507158551897321,DERIVED_FROM_YFINANCE_GC=F
2020-01-03,1528.699951171875,1510.0,1508.5,8.357151576450892,DERIVED_FROM_YFINANCE_GC=F
2020-01-06,1552.699951171875,1513.800048828125,1512.300048828125,8.928571428571429,DERIVED_FROM_YFINANCE_GC=F
2020-01-07,1580.0,1518.0,1516.5,10.214285714285714,DERIVED_FROM_YFINANCE_GC=F
2020-01-08,1580.0,1530.0999755859375,1528.5999755859375,11.371433803013392,DERIVED_FROM_YFINANCE_GC=F
2020-01-09,1604.199951171875,1552.300048828125,1550.800048828125,14.871425083705358,DERIVED_FROM_YFINANCE_GC=F
2020-01-10,1604.199951171875,1543.300048828125,1541.800048828125,15.735709054129464,DERIVED_FROM_YFINANCE_GC=F
2020-01-13,1604.199951171875,1543.300048828125,1541.800048828125,16.242850167410715,DERIVED_FROM_YFINANCE_GC=F
2020-01-14,1558.800048828125,1543.300048828125,1541.800048828125,16.678562709263392,DERIVED_FROM_YFINANCE_GC=F
2020-01-15,1558.800048828125,1534.9000244140625,1533.4000244140625,17.085702078683035,DERIVED_FROM_YFINANCE_GC=F
2020-01-16,1558.0,1534.9000244140625,1533.4000244140625,16.721418108258927,DERIVED_FROM_YFINANCE_GC=F
2020-01-17,1556.0999755859375,1534.9000244140625,1533.4000244140625,16.3214111328125,DERIVED_FROM_YFINANCE_GC=F
2020-01-21,1558.800048828125,1545.5999755859375,1544.0999755859375,16.699986049107142,DERIVED_FROM_YFINANCE_GC=F
2020-01-22,1566.199951171875,1548.5,1547.0,17.421412876674108,DERIVED_FROM_YFINANCE_GC=F
2020-01-23,1566.199951171875,1549.800048828125,1548.300048828125,17.257123674665177,DERIVED_FROM_YFINANCE_GC=F
2020-01-24,1566.199951171875,1549.800048828125,1548.300048828125,17.378557477678573,DERIVED_FROM_YFINANCE_GC=F
2020-01-27,1571.0999755859375,1549.800048828125,1548.300048828125,16.421412876674108,DERIVED_FROM_YFINANCE_GC=F
2020-01-28,1584.5,1552.199951171875,1550.699951171875,15.178553989955358,DERIVED_FROM_YFINANCE_GC=F
2020-01-29,1584.5,1556.300048828125,1554.800048828125,14.435703822544642,DERIVED_FROM_YFINANCE_GC=F
2020-01-30,1584.5,1569.199951171875,1567.699951171875,10.771432059151786,DERIVED_FROM_YFINANCE_GC=F
2020-01-31,1585.0,1569.199951171875,1567.699951171875,10.850001743861608,DERIVED_FROM_YFINANCE_GC=F
2020-02-03,1589.0,1569.800048828125,1568.300048828125,11.25,DERIVED_FROM_YFINANCE_GC=F
2020-02-04,1593.300048828125,1568.199951171875,1566.699951171875,12.357151576450892,DERIVED_FROM_YFINANCE_GC=F
2020-02-05,1593.300048828125,1547.800048828125,1546.300048828125,13.528573172433036,DERIVED_FROM_YFINANCE_GC=F
2020-02-06,1593.300048828125,1547.699951171875,1546.199951171875,13.635716029575892,DERIVED_FROM_YFINANCE_GC=F
2020-02-07,1577.699951171875,1547.699951171875,1546.199951171875,14.092860630580358,DERIVED_FROM_YFINANCE_GC=F
2020-02-10,1571.9000244140625,1547.699951171875,1546.199951171875,14.207144601004464,DERIVED_FROM_YFINANCE_GC=F
2020-02-11,1574.699951171875,1551.5999755859375,1550.0999755859375,13.557146344866071,DERIVED_FROM_YFINANCE_GC=F
2020-02-12,1574.699951171875,1560.5,1559.0,13.950003487723214,DERIVED_FROM_YFINANCE_GC=F
2020-02-13,1574.699951171875,1561.0,1559.5,13.614283970424108,DERIVED_FROM_YFINANCE_GC=F
2020-02-14,1575.0999755859375,1561.0,1559.5,13.107142857142858,DERIVED_FROM_YFINANCE_GC=F
2020-02-18,1582.699951171875,1561.0,1559.5,12.714276994977679,DERIVED_FROM_YFINANCE_GC=F
2020-02-19,1604.300048828125,1570.199951171875,1568.699951171875,13.921412876674108,DERIVED_FROM_YFINANCE_GC=F
2020-02-20,1610.5,1574.800048828125,1573.300048828125,14.649980817522321,DERIVED_FROM_YFINANCE_GC=F
2020-02-21,1621.0,1579.800048828125,1578.300048828125,14.849984305245536,DERIVED_FROM_YFINANCE_GC=F
2020-02-24,1645.0,1599.699951171875,1598.199951171875,15.521414620535714,DERIVED_FROM_YFINANCE_GC=F
2020-02-25,1686.5999755859375,1603.0,1601.5,16.728550502232142,DERIVED_FROM_YFINANCE_GC=F
2020-02-26,1686.5999755859375,1619.300048828125,1617.800048828125,17.457127162388392,DERIVED_FROM_YFINANCE_GC=F
2020-02-27,1686.5999755859375,1632.300048828125,1630.800048828125,17.364266531808035,DERIVED_FROM_YFINANCE_GC=F
2020-02-28,1658.0,1632.300048828125,1630.800048828125,17.757123674665177,DERIVED_FROM_YFINANCE_GC=F
2020-03-02,1658.0,1564.0999755859375,1562.5999755859375,22.542837960379465,DERIVED_FROM_YFINANCE_GC=F
2020-03-03,1658.0,1564.0999755859375,1562.5999755859375,25.264273507254465,DERIVED_FROM_YFINANCE_GC=F
2020-03-04,1645.300048828125,1564.0999755859375,1562.5999755859375,28.135707310267858,DERIVED_FROM_YFINANCE_GC=F
2020-03-05,1645.9000244140625,1574.300048828125,1572.800048828125,28.628566196986608,DERIVED_FROM_YFINANCE_GC=F
2020-03-06,1672.9000244140625,1594.0,1592.5,30.628574916294642,DERIVED_FROM_YFINANCE_GC=F
2020-03-09,1686.199951171875,1631.300048828125,1629.800048828125,32.850010463169646,DERIVED_FROM_YFINANCE_GC=F
2020-03-10,1701.5999755859375,1637.199951171875,1635.699951171875,34.235726492745535,DERIVED_FROM_YFINANCE_GC=F
2020-03-11,1701.5999755859375,1643.0,1641.5,35.721435546875,DERIVED_FROM_YFINANCE_GC=F
2020-03-12,1701.5999755859375,1635.0,1633.5,36.685721261160715,DERIVED_FROM_YFINANCE_GC=F
2020-03-13,1674.5999755859375,1566.4000244140625,1564.9000244140625,40.450003487723215,DERIVED_FROM_YFINANCE_GC=F
2020-03-16,1666.5,1513.800048828125,1512.300048828125,42.878574916294646,DERIVED_FROM_YFINANCE_GC=F
2020-03-17,1647.5,1452.0999755859375,1450.5999755859375,48.371433803013396,DERIVED_FROM_YFINANCE_GC=F
2020-03-18,1589.800048828125,1452.0999755859375,1450.5999755859375,52.42143031529018,DERIVED_FROM_YFINANCE_GC=F
2020-03-19,1569.0999755859375,1452.0999755859375,1450.5999755859375,55.649998256138396,DERIVED_FROM_YFINANCE_GC=F
2020-03-20,1542.0,1469.300048828125,1467.800048828125,51.52142333984375,DERIVED_FROM_YFINANCE_GC=F
2020-03-23,1542.0,1471.0,1469.5,48.749991280691965,DERIVED_FROM_YFINANCE_GC=F
2020-03-24,1567.0,1471.0,1469.5,50.892848423549104,DERIVED_FROM_YFINANCE_GC=F
2020-03-25,1685.5,1483.5,1482.0,58.314278738839285,DERIVED_FROM_YFINANCE_GC=F
2020-03-26,1685.5,1490.199951171875,1488.699951171875,59.007132393973215,DERIVED_FROM_YFINANCE_GC=F
2020-03-27,1685.5,1592.699951171875,1591.199951171875,58.23570033482143,DERIVED_FROM_YFINANCE_GC=F
2020-03-30,1676.5,1623.9000244140625,1622.4000244140625,56.971409388950896,DERIVED_FROM_YFINANCE_GC=F
2020-03-31,1660.5,1607.199951171875,1605.699951171875,57.97141810825893,DERIVED_FROM_YFINANCE_GC=F
2020-04-01,1652.800048828125,1576.0,1574.5,59.007132393973215,DERIVED_FROM_YFINANCE_GC=F
2020-04-02,1652.800048828125,1570.0,1568.5,55.35713413783482,DERIVED_FROM_YFINANCE_GC=F
2020-04-03,1631.199951171875,1570.0,1568.5,53.71427699497768,DERIVED_FROM_YFINANCE_GC=F
2020-04-06,1636.0,1570.0,1568.5,46.514273507254465,DERIVED_FROM_YFINANCE_GC=F
2020-04-07,1696.699951171875,1586.0,1584.5,46.685703822544646,DERIVED_FROM_YFINANCE_GC=F
2020-04-08,1724.4000244140625,1619.800048828125,1618.300048828125,46.807137625558035,DERIVED_FROM_YFINANCE_GC=F
2020-04-09,1724.4000244140625,1625.9000244140625,1624.4000244140625,46.371425083705354,DERIVED_FROM_YFINANCE_GC=F
2020-04-13,1736.199951171875,1658.0,1656.5,51.235709054129465,DERIVED_FROM_YFINANCE_GC=F
2020-04-14,1756.800048828125,1662.5,1661.0,48.600001743861604,DERIVED_FROM_YFINANCE_GC=F
2020-04-15,1775.0,1662.699951171875,1661.199951171875,42.67143031529018,DERIVED_FROM_YFINANCE_GC=F
2020-04-16,1775.0,1710.699951171875,1709.199951171875,41.857142857142854,DERIVED_FROM_YFINANCE_GC=F
2020-04-17,1775.0,1715.0,1713.5,42.385716029575896,DERIVED_FROM_YFINANCE_GC=F
2020-04-20,1750.5999755859375,1684.9000244140625,1683.4000244140625,43.378574916294646,DERIVED_FROM_YFINANCE_GC=F
2020-04-21,1750.5999755859375,1680.0,1678.5,41.664280482700896,DERIVED_FROM_YFINANCE_GC=F
2020-04-22,1725.0,1659.9000244140625,1658.4000244140625,41.749991280691965,DERIVED_FROM_YFINANCE_GC=F
2020-04-23,1728.699951171875,1659.9000244140625,1658.4000244140625,43.21427699497768,DERIVED_FROM_YFINANCE_GC=F
2020-04-24,1745.0999755859375,1659.9000244140625,1658.4000244140625,40.59999302455357,DERIVED_FROM_YFINANCE_GC=F
2020-04-27,1745.0999755859375,1684.800048828125,1683.300048828125,41.549996512276785,DERIVED_FROM_YFINANCE_GC=F
2020-04-28,1745.0999755859375,1711.9000244140625,1710.4000244140625,37.92143031529018,DERIVED_FROM_YFINANCE_GC=F
2020-04-29,1744.0,1707.0999755859375,1705.5999755859375,33.857142857142854,DERIVED_FROM_YFINANCE_GC=F
2020-04-30,1731.9000244140625,1702.0,1700.5,33.642857142857146,DERIVED_FROM_YFINANCE_GC=F
2020-05-01,1719.300048828125,1680.800048828125,1679.300048828125,31.142857142857142,DERIVED_FROM_YFINANCE_GC=F
2020-05-04,1719.300048828125,1670.5,1669.0,30.064278738839285,DERIVED_FROM_YFINANCE_GC=F
2020-05-05,1719.300048828125,1670.5,1669.0,28.564278738839285,DERIVED_FROM_YFINANCE_GC=F
2020-05-06,1709.0,1670.5,1669.0,26.828569684709823,DERIVED_FROM_YFINANCE_GC=F
2020-05-07,1709.0,1684.199951171875,1682.699951171875,25.72857666015625,DERIVED_FROM_YFINANCE_GC=F
2020-05-08,1721.800048828125,1684.199951171875,1682.699951171875,25.550013950892858,DERIVED_FROM_YFINANCE_GC=F
2020-05-11,1728.9000244140625,1684.199951171875,1682.699951171875,25.800013950892858,DERIVED_FROM_YFINANCE_GC=F
2020-05-12,1728.9000244140625,1685.5999755859375,1684.0999755859375,23.835736955915177,DERIVED_FROM_YFINANCE_GC=F
2020-05-13,1728.9000244140625,1690.199951171875,1688.699951171875,21.500017438616073,DERIVED_FROM_YFINANCE_GC=F
2020-05-14,1721.300048828125,1690.199951171875,1688.699951171875,21.714303152901785,DERIVED_FROM_YFINANCE_GC=F
2020-05-15,1743.0999755859375,1699.300048828125,1697.800048828125,21.69287109375,DERIVED_FROM_YFINANCE_GC=F
2020-05-18,1753.4000244140625,1701.9000244140625,1700.4000244140625,21.357160295758927,DERIVED_FROM_YFINANCE_GC=F
2020-05-19,1770.5,1720.5,1719.0,23.44287109375,DERIVED_FROM_YFINANCE_GC=F
2020-05-20,1770.5,1731.800048828125,1730.300048828125,23.885724748883927,DERIVED_FROM_YFINANCE_GC=F
2020-05-21,1770.5,1731.800048828125,1730.300048828125,21.70001220703125,DERIVED_FROM_YFINANCE_GC=F
2020-05-22,1752.0999755859375,1720.5,1719.0,21.635724748883927,DERIVED_FROM_YFINANCE_GC=F
2020-05-26,1752.0999755859375,1720.5,1719.0,21.607151576450892,DERIVED_FROM_YFINANCE_GC=F
2020-05-27,1746.800048828125,1704.800048828125,1703.300048828125,23.042855398995535,DERIVED_FROM_YFINANCE_GC=F
2020-05-28,1734.5999755859375,1685.5999755859375,1684.0999755859375,23.364283970424108,DERIVED_FROM_YFINANCE_GC=F
2020-05-29,1727.800048828125,1685.5999755859375,1684.0999755859375,22.307137625558035,DERIVED_FROM_YFINANCE_GC=F
2020-06-01,1754.5,1685.5999755859375,1684.0999755859375,23.457135881696427,DERIVED_FROM_YFINANCE_GC=F
2020-06-02,1761.0,1705.0,1703.5,23.721418108258927,DERIVED_FROM_YFINANCE_GC=F
2020-06-03,1761.0,1725.300048828125,1723.800048828125,24.52142333984375,DERIVED_FROM_YFINANCE_GC=F
2020-06-04,1761.0,1690.300048828125,1688.800048828125,26.607134137834823,DERIVED_FROM_YFINANCE_GC=F
2020-06-05,1757.0,1690.300048828125,1688.800048828125,26.671421595982142,DERIVED_FROM_YFINANCE_GC=F
2020-06-08,1738.9000244140625,1671.699951171875,1670.199951171875,29.557137625558035,DERIVED_FROM_YFINANCE_GC=F
2020-06-09,1729.0,1671.699951171875,1670.199951171875,28.714285714285715,DERIVED_FROM_YFINANCE_GC=F
2020-06-10,1729.4000244140625,1671.699951171875,1670.199951171875,29.721435546875,DERIVED_FROM_YFINANCE_GC=F
2020-06-11,1749.4000244140625,1680.699951171875,1679.199951171875,31.678580147879465,DERIVED_FROM_YFINANCE_GC=F
2020-06-12,1754.9000244140625,1697.5999755859375,1696.0999755859375,31.971444266183035,DERIVED_FROM_YFINANCE_GC=F
2020-06-15,1754.9000244140625,1714.0999755859375,1712.5999755859375,32.73573521205357,DERIVED_FROM_YFINANCE_GC=F
2020-06-16,1754.9000244140625,1706.199951171875,1704.699951171875,33.29289027622768,DERIVED_FROM_YFINANCE_GC=F
2020-06-17,1753.0,1706.199951171875,1704.699951171875,32.921456473214285,DERIVED_FROM_YFINANCE_GC=F
2020-06-18,1743.800048828125,1706.199951171875,1704.699951171875,32.864310128348215,DERIVED_FROM_YFINANCE_GC=F
2020-06-19,1749.199951171875,1717.300048828125,1715.800048828125,31.814313616071427,DERIVED_FROM_YFINANCE_GC=F
2020-06-22,1760.9000244140625,1717.300048828125,1715.800048828125,32.47145298549107,DERIVED_FROM_YFINANCE_GC=F
2020-06-23,1779.0,1722.699951171875,1721.199951171875,32.257167271205354,DERIVED_FROM_YFINANCE_GC=F
2020-06-24,1786.800048828125,1728.300048828125,1726.800048828125,30.821454729352677,DERIVED_FROM_YFINANCE_GC=F
2020-06-25,1796.0999755859375,1753.5,1752.0,30.492885044642858,DERIVED_FROM_YFINANCE_GC=F
2020-06-26,1796.0999755859375,1758.300048828125,1756.800048828125,27.621451241629465,DERIVED_FROM_YFINANCE_GC=F
2020-06-29,1796.0999755859375,1754.0,1752.5,28.000017438616073,DERIVED_FROM_YFINANCE_GC=F
2020-06-30,1790.4000244140625,1754.0,1752.5,26.721444266183035,DERIVED_FROM_YFINANCE_GC=F
2020-07-01,1804.0,1754.0,1752.5,26.285723005022323,DERIVED_FROM_YFINANCE_GC=F
2020-07-02,1807.699951171875,1767.9000244140625,1766.4000244140625,26.685712541852677,DERIVED_FROM_YFINANCE_GC=F
2020-07-06,1807.699951171875,1766.300048828125,1764.800048828125,26.728559221540177,DERIVED_FROM_YFINANCE_GC=F
2020-07-07,1807.699951171875,1766.300048828125,1764.800048828125,25.457127162388392,DERIVED_FROM_YFINANCE_GC=F
2020-07-08,1810.800048828125,1766.300048828125,1764.800048828125,26.178562709263392,DERIVED_FROM_YFINANCE_GC=F
2020-07-09,1829.800048828125,1779.199951171875,1777.699951171875,26.464276994977677,DERIVED_FROM_YFINANCE_GC=F
2020-07-10,1829.800048828125,1781.199951171875,1779.699951171875,26.421421595982142,DERIVED_FROM_YFINANCE_GC=F
2020-07-13,1829.800048828125,1796.5,1795.0,25.557137625558035,DERIVED_FROM_YFINANCE_GC=F
2020-07-14,1825.5,1796.5,1795.0,24.907139369419642,DERIVED_FROM_YFINANCE_GC=F
2020-07-15,1818.800048828125,1791.0999755859375,1789.5999755859375,24.578569684709823,DERIVED_FROM_YFINANCE_GC=F
2020-07-16,1819.5,1791.0999755859375,1789.5999755859375,23.864283970424108,DERIVED_FROM_YFINANCE_GC=F
2020-07-17,1819.5,1791.0999755859375,1789.5999755859375,24.335710797991073,DERIVED_FROM_YFINANCE_GC=F
2020-07-20,1819.5,1794.0999755859375,1792.5999755859375,23.371433803013392,DERIVED_FROM_YFINANCE_GC=F
2020-07-21,1823.4000244140625,1794.0999755859375,1792.5999755859375,23.578578404017872,DERIVED_FROM_YFINANCE_GC=F
2020-07-22,1844.9000244140625,1795.199951171875,1793.699951171875,23.471444266183052,DERIVED_FROM_YFINANCE_GC=F
2020-07-23,1871.800048828125,1806.5999755859373,1805.0999755859373,22.75002615792414,DERIVED_FROM_YFINANCE_GC=F
2020-07-24,1897.699951171875,1817.199951171875,1815.699951171875,23.407174246651834,DERIVED_FROM_YFINANCE_GC=F
2020-07-27,1904.5999755859373,1842.0999755859373,1840.5999755859373,23.714311872209855,DERIVED_FROM_YFINANCE_GC=F
2020-07-28,1941.9000244140625,1863.0999755859373,1861.5999755859373,24.77144949776789,DERIVED_FROM_YFINANCE_GC=F
2020-07-29,1974.699951171875,1880.5,1879.0,28.235735212053605,DERIVED_FROM_YFINANCE_GC=F
2020-07-30,1974.9000244140625,1899.0,1897.5,29.221452985491105,DERIVED_FROM_YFINANCE_GC=F
2020-07-31,1974.9000244140625,1900.199951171875,1898.699951171875,30.264308384486622,DERIVED_FROM_YFINANCE_GC=F
2020-08-03,1981.0999755859373,1930.0,1928.5,31.828587123325892,DERIVED_FROM_YFINANCE_GC=F
2020-08-04,1984.300048828125,1930.0,1928.5,32.1785888671875,DERIVED_FROM_YFINANCE_GC=F
2020-08-05,2037.699951171875,1948.0,1946.5,36.19287109375,DERIVED_FROM_YFINANCE_GC=F
2020-08-06,2070.300048828125,1955.5,1954.0,38.135733468191965,DERIVED_FROM_YFINANCE_GC=F
2020-08-07,2081.800048828125,1982.5999755859373,1981.0999755859373,39.142874581473215,DERIVED_FROM_YFINANCE_GC=F
2020-08-10,2089.199951171875,2024.800048828125,2023.300048828125,42.542864118303555,DERIVED_FROM_YFINANCE_GC=F
2020-08-11,2089.199951171875,2024.800048828125,2023.300048828125,42.92143031529016,DERIVED_FROM_YFINANCE_GC=F
2020-08-12,2089.199951171875,1911.300048828125,1909.800048828125,50.028564453124964,DERIVED_FROM_YFINANCE_GC=F
2020-08-13,2060.800048828125,1874.199951171875,1872.699951171875,53.7571411132812,DERIVED_FROM_YFINANCE_GC=F
2020-08-14,2040.5,1874.199951171875,1872.699951171875,55.735717773437464,DERIVED_FROM_YFINANCE_GC=F
2020-08-17,1974.800048828125,1874.199951171875,1872.699951171875,54.800005231584805,DERIVED_FROM_YFINANCE_GC=F
2020-08-18,2000.800048828125,1923.0,1921.5,53.88572474888393,DERIVED_FROM_YFINANCE_GC=F
2020-08-19,2024.5999755859373,1939.0999755859373,1937.5999755859373,53.864292689732125,DERIVED_FROM_YFINANCE_GC=F
2020-08-20,2024.5999755859373,1930.5,1929.0,57.4357212611607,DERIVED_FROM_YFINANCE_GC=F
2020-08-21,2024.5999755859373,1928.9000244140625,1927.4000244140625,57.62144252232143,DERIVED_FROM_YFINANCE_GC=F
2020-08-24,2015.5999755859373,1916.5999755859373,1915.0999755859373,58.88572474888393,DERIVED_FROM_YFINANCE_GC=F
2020-08-25,1970.300048828125,1916.5999755859373,1915.0999755859373,56.585728236607146,DERIVED_FROM_YFINANCE_GC=F
2020-08-26,1970.300048828125,1916.5999755859373,1915.0999755859373,54.850010463169646,DERIVED_FROM_YFINANCE_GC=F
2020-08-27,1970.300048828125,1908.4000244140625,1906.9000244140625,56.435721261160715,DERIVED_FROM_YFINANCE_GC=F
2020-08-28,1987.0,1908.4000244140625,1906.9000244140625,57.00001743861607,DERIVED_FROM_YFINANCE_GC=F
2020-08-31,1987.0,1908.4000244140625,1906.9000244140625,58.557163783482146,DERIVED_FROM_YFINANCE_GC=F
2020-09-01,1987.0,1914.699951171875,1913.199951171875,51.007167271205354,DERIVED_FROM_YFINANCE_GC=F
2020-09-02,2001.199951171875,1928.199951171875,1926.699951171875,47.09287806919643,DERIVED_FROM_YFINANCE_GC=F
2020-09-03,2001.199951171875,1938.9000244140625,1937.4000244140625,46.35716029575893,DERIVED_FROM_YFINANCE_GC=F
2020-09-04,2001.199951171875,1927.199951171875,1925.699951171875,46.221444266183006,DERIVED_FROM_YFINANCE_GC=F
2020-09-08,1980.4000244140625,1921.5999755859373,1920.0999755859373,44.31429617745531,DERIVED_FROM_YFINANCE_GC=F
2020-09-09,1956.5999755859373,1911.699951171875,1910.199951171875,44.114301409040145,DERIVED_FROM_YFINANCE_GC=F
2020-09-10,1959.699951171875,1911.699951171875,1910.199951171875,40.4214390345982,DERIVED_FROM_YFINANCE_GC=F
2020-09-11,1975.199951171875,1911.699951171875,1910.199951171875,39.364292689732146,DERIVED_FROM_YFINANCE_GC=F
2020-09-14,1975.199951171875,1926.300048828125,1924.800048828125,37.492867606026785,DERIVED_FROM_YFINANCE_GC=F
2020-09-15,1975.199951171875,1944.0,1942.5,36.62144252232143,DERIVED_FROM_YFINANCE_GC=F
2020-09-16,1982.4000244140625,1944.0,1942.5,36.75001743861609,DERIVED_FROM_YFINANCE_GC=F
2020-09-17,1983.800048828125,1945.199951171875,1943.699951171875,34.72145298549109,DERIVED_FROM_YFINANCE_GC=F
2020-09-18,1983.800048828125,1938.199951171875,1936.699951171875,31.86431012834823,DERIVED_FROM_YFINANCE_GC=F
2020-09-21,1983.800048828125,1938.199951171875,1936.699951171875,29.257158551897337,DERIVED_FROM_YFINANCE_GC=F
2020-09-22,1969.300048828125,1885.4000244140625,1883.9000244140625,33.114301409040195,DERIVED_FROM_YFINANCE_GC=F
2020-09-23,1968.199951171875,1885.4000244140625,1883.9000244140625,32.7285853794643,DERIVED_FROM_YFINANCE_GC=F
2020-09-24,1962.9000244140625,1856.0,1854.5,33.614301409040195,DERIVED_FROM_YFINANCE_GC=F
2020-09-25,1925.5,1851.0,1849.5,33.650015694754494,DERIVED_FROM_YFINANCE_GC=F
2020-09-28,1909.9000244140625,1851.0,1849.5,32.950020926339334,DERIVED_FROM_YFINANCE_GC=F
2020-09-29,1888.199951171875,1851.0,1849.5,32.9857264927456,DERIVED_FROM_YFINANCE_GC=F
2020-09-30,1904.800048828125,1851.0999755859373,1849.5999755859373,32.31430489676346,DERIVED_FROM_YFINANCE_GC=F
2020-10-01,1908.199951171875,1851.0999755859373,1849.5999755859373,32.01429966517862,DERIVED_FROM_YFINANCE_GC=F
2020-10-02,1917.9000244140625,1880.800048828125,1879.300048828125,32.557155064174154,DERIVED_FROM_YFINANCE_GC=F
2020-10-05,1923.5999755859373,1885.800048828125,1884.300048828125,32.63572474888396,DERIVED_FROM_YFINANCE_GC=F
2020-10-06,1924.9000244140625,1890.0,1888.5,33.128583635602695,DERIVED_FROM_YFINANCE_GC=F
2020-10-07,1927.0,1878.199951171875,1876.699951171875,34.714294433593764,DERIVED_FROM_YFINANCE_GC=F
2020-10-08,1927.0,1877.0999755859373,1875.5999755859373,34.671439034598244,DERIVED_FROM_YFINANCE_GC=F
2020-10-09,1927.0,1877.0999755859373,1875.5999755859373,34.79287283761164,DERIVED_FROM_YFINANCE_GC=F
2020-10-12,1936.800048828125,1877.0999755859373,1875.5999755859373,32.23573521205362,DERIVED_FROM_YFINANCE_GC=F
2020-10-13,1939.4000244140625,1885.300048828125,1883.800048828125,31.450020926339334,DERIVED_FROM_YFINANCE_GC=F
2020-10-14,1939.4000244140625,1889.300048828125,1887.800048828125,30.55001395089289,DERIVED_FROM_YFINANCE_GC=F
2020-10-15,1939.4000244140625,1885.0,1883.5,30.735726492745567,DERIVED_FROM_YFINANCE_GC=F
2020-10-16,1930.5999755859373,1885.0,1883.5,30.400006975446445,DERIVED_FROM_YFINANCE_GC=F
2020-10-19,1918.699951171875,1885.0,1883.5,29.007149832589302,DERIVED_FROM_YFINANCE_GC=F
2020-10-20,1923.4000244140625,1892.699951171875,1891.199951171875,28.950012207031268,DERIVED_FROM_YFINANCE_GC=F
2020-10-21,1923.4000244140625,1896.5999755859373,1895.0999755859373,28.850019182477695,DERIVED_FROM_YFINANCE_GC=F
2020-10-22,1936.0,1896.5999755859373,1895.0999755859373,28.600019182477713,DERIVED_FROM_YFINANCE_GC=F
2020-10-23,1936.0,1894.199951171875,1892.699951171875,29.092878069196477,DERIVED_FROM_YFINANCE_GC=F
2020-10-26,1936.0,1894.199951171875,1892.699951171875,28.264308384486657,DERIVED_FROM_YFINANCE_GC=F
2020-10-27,1929.4000244140625,1892.5,1891.0,26.107160295758963,DERIVED_FROM_YFINANCE_GC=F
2020-10-28,1917.300048828125,1892.5,1891.0,24.921447753906268,DERIVED_FROM_YFINANCE_GC=F
2020-10-29,1913.800048828125,1869.0999755859373,1867.5999755859373,26.600019182477695,DERIVED_FROM_YFINANCE_GC=F
2020-10-30,1913.800048828125,1859.199951171875,1857.699951171875,25.47144426618302,DERIVED_FROM_YFINANCE_GC=F
2020-11-02,1912.5999755859373,1859.199951171875,1857.699951171875,26.328587123325878,DERIVED_FROM_YFINANCE_GC=F
2020-11-03,1897.0999755859373,1859.199951171875,1857.699951171875,25.078587123325878,DERIVED_FROM_YFINANCE_GC=F
2020-11-04,1912.199951171875,1863.300048828125,1861.800048828125,24.514299665178573,DERIVED_FROM_YFINANCE_GC=F
2020-11-05,1917.9000244140625,1873.300048828125,1871.800048828125,25.628583635602677,DERIVED_FROM_YFINANCE_GC=F
2020-11-06,1954.300048828125,1881.800048828125,1880.300048828125,28.52144949776784,DERIVED_FROM_YFINANCE_GC=F
2020-11-09,1961.800048828125,1881.800048828125,1880.300048828125,28.621451241629448,DERIVED_FROM_YFINANCE_GC=F
2020-11-10,1966.0999755859373,1848.0,1846.5,35.55716378348211,DERIVED_FROM_YFINANCE_GC=F
2020-11-11,1966.0999755859373,1848.0,1846.5,36.27859061104906,DERIVED_FROM_YFINANCE_GC=F
2020-11-12,1966.0999755859373,1848.0,1846.5,35.80001395089281,DERIVED_FROM_YFINANCE_GC=F
2020-11-13,1888.9000244140625,1853.9000244140625,1852.4000244140625,35.81429617745531,DERIVED_FROM_YFINANCE_GC=F
2020-11-16,1895.800048828125,1853.9000244140625,1852.4000244140625,36.178588867187486,DERIVED_FROM_YFINANCE_GC=F
2020-11-17,1898.0,1860.699951171875,1859.199951171875,37.707153320312486,DERIVED_FROM_YFINANCE_GC=F
2020-11-18,1898.0,1861.5,1860.0,35.77143205915177,DERIVED_FROM_YFINANCE_GC=F
2020-11-19,1898.0,1860.300048828125,1858.800048828125,35.69285365513391,DERIVED_FROM_YFINANCE_GC=F
2020-11-20,1892.699951171875,1850.0,1848.5,35.42857142857141,DERIVED_FROM_YFINANCE_GC=F
2020-11-23,1884.199951171875,1850.0,1848.5,35.164289202008945,DERIVED_FROM_YFINANCE_GC=F
2020-11-24,1879.199951171875,1828.0,1826.5,36.764290945870535,DERIVED_FROM_YFINANCE_GC=F
2020-11-25,1879.199951171875,1797.0999755859375,1795.5999755859375,37.092869349888396,DERIVED_FROM_YFINANCE_GC=F
2020-11-27,1875.0,1797.0999755859375,1795.5999755859375,34.2071533203125,DERIVED_FROM_YFINANCE_GC=F
2020-11-30,1836.9000244140625,1770.699951171875,1769.199951171875,35.757149832589285,DERIVED_FROM_YFINANCE_GC=F
2020-12-01,1817.0,1762.300048828125,1760.800048828125,29.100001743861622,DERIVED_FROM_YFINANCE_GC=F
2020-12-02,1817.0,1762.300048828125,1760.800048828125,29.564287458147337,DERIVED_FROM_YFINANCE_GC=F
2020-12-03,1835.699951171875,1762.300048828125,1760.800048828125,29.321428571428587,DERIVED_FROM_YFINANCE_GC=F
2020-12-04,1847.4000244140625,1774.9000244140625,1773.4000244140625,29.20714460100448,DERIVED_FROM_YFINANCE_GC=F
2020-12-07,1852.699951171875,1810.5,1809.0,28.992850167410715,DERIVED_FROM_YFINANCE_GC=F
2020-12-08,1873.0,1824.800048828125,1823.300048828125,29.828560965401785,DERIVED_FROM_YFINANCE_GC=F
2020-12-09,1879.800048828125,1824.800048828125,1823.300048828125,29.792855398995535,DERIVED_FROM_YFINANCE_GC=F
2020-12-10,1879.800048828125,1824.800048828125,1823.300048828125,31.42858014787948,DERIVED_FROM_YFINANCE_GC=F
2020-12-11,1879.800048828125,1828.199951171875,1826.699951171875,31.342860630580372,DERIVED_FROM_YFINANCE_GC=F
2020-12-14,1875.9000244140625,1826.800048828125,1825.300048828125,31.692862374441965,DERIVED_FROM_YFINANCE_GC=F
2020-12-15,1854.199951171875,1820.0,1818.5,30.164289202008913,DERIVED_FROM_YFINANCE_GC=F
2020-12-16,1859.300048828125,1820.0,1818.5,29.457144601004448,DERIVED_FROM_YFINANCE_GC=F
2020-12-17,1870.0,1820.0,1818.5,29.749999999999982,DERIVED_FROM_YFINANCE_GC=F
2020-12-18,1902.0,1828.5,1827.0,29.50714111328125,DERIVED_FROM_YFINANCE_GC=F
2020-12-21,1902.0,1848.199951171875,1846.699951171875,28.714285714285715,DERIVED_FROM_YFINANCE_GC=F
2020-12-22,1912.0,1859.0,1857.5,29.571428571428573,DERIVED_FROM_YFINANCE_GC=F
2020-12-23,1912.0,1859.0,1857.5,29.607151576450892,DERIVED_FROM_YFINANCE_GC=F
2020-12-24,1912.0,1859.0,1857.5,29.75714111328125,DERIVED_FROM_YFINANCE_GC=F
2020-12-28,1889.4000244140625,1860.9000244140625,1859.4000244140625,29.300005231584837,DERIVED_FROM_YFINANCE_GC=F
2020-12-29,1904.0999755859373,1860.9000244140625,1859.4000244140625,28.078578404017858,DERIVED_FROM_YFINANCE_GC=F
2020-12-30,1904.0999755859373,1873.0,1871.5,28.064296177455372,DERIVED_FROM_YFINANCE_GC=F
2020-12-31,1904.0999755859373,1873.0,1871.5,26.050005231584837,DERIVED_FROM_YFINANCE_GC=F
2021-01-04,1904.9000244140625,1875.5999755859373,1874.0999755859373,25.55715506417414,DERIVED_FROM_YFINANCE_GC=F
2021-01-05,1948.699951171875,1879.5,1878.0,27.600010463169692,DERIVED_FROM_YFINANCE_GC=F
2021-01-06,1957.0,1889.0999755859373,1887.5999755859373,27.100010463169706,DERIVED_FROM_YFINANCE_GC=F
2021-01-07,1962.5,1902.5999755859373,1901.0999755859373,29.178580147879547,DERIVED_FROM_YFINANCE_GC=F
2021-01-08,1962.5,1902.5999755859373,1901.0999755859373,29.20000348772328,DERIVED_FROM_YFINANCE_GC=F
2021-01-11,1962.5,1827.800048828125,1826.300048828125,32.607142857142904,DERIVED_FROM_YFINANCE_GC=F
2021-01-12,1929.5999755859373,1817.0999755859373,1815.5999755859373,34.400006975446495,DERIVED_FROM_YFINANCE_GC=F
2021-01-13,1918.4000244140625,1817.0999755859373,1815.5999755859373,32.62857491629471,DERIVED_FROM_YFINANCE_GC=F
2021-01-14,1864.0,1817.0999755859373,1815.5999755859373,32.321428571428655,DERIVED_FROM_YFINANCE_GC=F
2021-01-15,1864.0,1826.5999755859373,1825.0999755859373,32.90714808872776,DERIVED_FROM_YFINANCE_GC=F
2021-01-19,1863.0,1822.0999755859373,1820.5999755859373,34.350001743861675,DERIVED_FROM_YFINANCE_GC=F
2021-01-20,1857.5999755859373,1800.800048828125,1799.300048828125,35.28571428571437,DERIVED_FROM_YFINANCE_GC=F
2021-01-21,1872.0,1800.800048828125,1799.300048828125,37.085710797991155,DERIVED_FROM_YFINANCE_GC=F
2021-01-22,1874.5999755859373,1800.800048828125,1799.300048828125,36.91428048270096,DERIVED_FROM_YFINANCE_GC=F
2021-01-25,1874.5999755859373,1831.0999755859373,1829.5999755859373,38.249991280692015,DERIVED_FROM_YFINANCE_GC=F
2021-01-26,1874.5999755859373,1836.300048828125,1834.800048828125,35.93571254185271,DERIVED_FROM_YFINANCE_GC=F
2021-01-27,1870.800048828125,1836.300048828125,1834.800048828125,35.57857840401789,DERIVED_FROM_YFINANCE_GC=F
2021-01-28,1867.4000244140625,1828.4000244140625,1826.9000244140625,32.95000348772323,DERIVED_FROM_YFINANCE_GC=F
2021-01-29,1862.9000244140625,1828.4000244140625,1826.9000244140625,33.614292689732174,DERIVED_FROM_YFINANCE_GC=F
2021-02-01,1876.0,1828.4000244140625,1826.9000244140625,29.864292689732174,DERIVED_FROM_YFINANCE_GC=F
2021-02-02,1876.0,1831.5,1830.0,29.13571602957591,DERIVED_FROM_YFINANCE_GC=F
2021-02-03,1876.0,1830.4000244140625,1828.9000244140625,29.68572126116073,DERIVED_FROM_YFINANCE_GC=F
2021-02-04,1876.0,1830.0999755859373,1828.5999755859373,29.285723005022337,DERIVED_FROM_YFINANCE_GC=F
2021-02-05,1866.300048828125,1784.5999755859375,1783.0999755859375,30.721435546875018,DERIVED_FROM_YFINANCE_GC=F
2021-02-08,1845.9000244140625,1784.5999755859375,1783.0999755859375,30.028581891741087,DERIVED_FROM_YFINANCE_GC=F
2021-02-09,1840.5999755859373,1784.5999755859375,1783.0999755859375,29.250008719308035,DERIVED_FROM_YFINANCE_GC=F
2021-02-10,1849.5,1792.199951171875,1790.699951171875,27.700003487723198,DERIVED_FROM_YFINANCE_GC=F
2021-02-11,1856.5999755859373,1807.300048828125,1805.800048828125,28.09286063058034,DERIVED_FROM_YFINANCE_GC=F
2021-02-12,1856.5999755859373,1821.699951171875,1820.199951171875,27.550005231584787,DERIVED_FROM_YFINANCE_GC=F
2021-02-16,1856.5999755859373,1810.0999755859373,1808.5999755859373,27.564287458147305,DERIVED_FROM_YFINANCE_GC=F
2021-02-17,1848.5999755859373,1788.0999755859375,1786.5999755859375,29.378566196986576,DERIVED_FROM_YFINANCE_GC=F
2021-02-18,1831.5,1767.9000244140625,1766.4000244140625,29.949994768415145,DERIVED_FROM_YFINANCE_GC=F
2021-02-19,1827.0999755859373,1766.5999755859375,1765.0999755859375,29.292855398995503,DERIVED_FROM_YFINANCE_GC=F
2021-02-22,1794.199951171875,1759.0,1757.5,28.850001743861576,DERIVED_FROM_YFINANCE_GC=F
2021-02-23,1812.4000244140625,1759.0,1757.5,29.300005231584787,DERIVED_FROM_YFINANCE_GC=F
2021-02-24,1815.199951171875,1759.0,1757.5,28.214285714285683,DERIVED_FROM_YFINANCE_GC=F
2021-02-25,1815.199951171875,1778.5999755859375,1777.0999755859375,29.28571428571424,DERIVED_FROM_YFINANCE_GC=F
2021-02-26,1815.199951171875,1763.9000244140625,1762.4000244140625,28.571428571428523,DERIVED_FROM_YFINANCE_GC=F
2021-03-01,1813.0,1714.9000244140625,1713.4000244140625,31.121425083705308,DERIVED_FROM_YFINANCE_GC=F
2021-03-02,1805.0,1714.9000244140625,1713.4000244140625,31.61429268973211,DERIVED_FROM_YFINANCE_GC=F
2021-03-03,1773.800048828125,1704.5999755859375,1703.0999755859375,32.614301409040145,DERIVED_FROM_YFINANCE_GC=F
2021-03-04,1757.4000244140625,1699.4000244140625,1697.9000244140625,33.835728236607125,DERIVED_FROM_YFINANCE_GC=F
2021-03-05,1739.0999755859375,1687.5999755859375,1686.0999755859375,34.342869349888396,DERIVED_FROM_YFINANCE_GC=F
2021-03-08,1739.0999755859375,1683.0,1681.5,34.4357212611607,DERIVED_FROM_YFINANCE_GC=F
2021-03-09,1721.5999755859375,1673.300048828125,1671.800048828125,34.41428920200893,DERIVED_FROM_YFINANCE_GC=F
2021-03-10,1718.699951171875,1673.300048828125,1671.800048828125,35.192862374441965,DERIVED_FROM_YFINANCE_GC=F
2021-03-11,1725.300048828125,1673.300048828125,1671.800048828125,35.014290945870535,DERIVED_FROM_YFINANCE_GC=F
2021-03-12,1738.0,1676.699951171875,1675.199951171875,34.25,DERIVED_FROM_YFINANCE_GC=F
2021-03-15,1738.0,1696.5999755859375,1695.0999755859375,33.99285888671875,DERIVED_FROM_YFINANCE_GC=F
2021-03-16,1738.0,1696.5999755859375,1695.0999755859375,33.514290945870535,DERIVED_FROM_YFINANCE_GC=F
2021-03-17,1740.5,1696.5999755859375,1695.0999755859375,32.464285714285715,DERIVED_FROM_YFINANCE_GC=F
2021-03-18,1750.5999755859375,1719.199951171875,1717.699951171875,31.571428571428573,DERIVED_FROM_YFINANCE_GC=F
2021-03-19,1754.199951171875,1716.5999755859375,1715.0999755859375,29.935712541852677,DERIVED_FROM_YFINANCE_GC=F
2021-03-22,1754.199951171875,1716.5999755859375,1715.0999755859375,28.421421595982142,DERIVED_FROM_YFINANCE_GC=F
2021-03-23,1754.199951171875,1716.5999755859375,1715.0999755859375,27.521414620535715,DERIVED_FROM_YFINANCE_GC=F
2021-03-24,1747.0,1722.699951171875,1721.199951171875,26.064278738839285,DERIVED_FROM_YFINANCE_GC=F
2021-03-25,1747.0,1722.300048828125,1720.800048828125,24.735700334821427,DERIVED_FROM_YFINANCE_GC=F
2021-03-26,1744.800048828125,1720.300048828125,1718.800048828125,24.864275251116073,DERIVED_FROM_YFINANCE_GC=F
2021-03-29,1744.800048828125,1718.800048828125,1717.300048828125,23.2928466796875,DERIVED_FROM_YFINANCE_GC=F
2021-03-30,1744.800048828125,1703.300048828125,1701.800048828125,22.385698590959823,DERIVED_FROM_YFINANCE_GC=F
2021-03-31,1735.5,1676.5,1675.0,23.557120186941965,DERIVED_FROM_YFINANCE_GC=F
2021-04-01,1732.5999755859375,1676.5,1675.0,24.707127162388392,DERIVED_FROM_YFINANCE_GC=F
2021-04-05,1732.0,1676.5,1675.0,24.292837960379465,DERIVED_FROM_YFINANCE_GC=F
2021-04-06,1734.4000244140625,1676.5,1675.0,24.207127162388392,DERIVED_FROM_YFINANCE_GC=F
2021-04-07,1746.699951171875,1706.4000244140625,1704.9000244140625,24.378557477678573,DERIVED_FROM_YFINANCE_GC=F
2021-04-08,1746.699951171875,1721.5999755859375,1720.0999755859375,23.349993024553573,DERIVED_FROM_YFINANCE_GC=F
2021-04-09,1759.4000244140625,1728.199951171875,1726.699951171875,22.50714111328125,DERIVED_FROM_YFINANCE_GC=F
2021-04-12,1759.4000244140625,1730.800048828125,1729.300048828125,23.107134137834823,DERIVED_FROM_YFINANCE_GC=F
2021-04-13,1759.4000244140625,1727.0,1725.5,23.007132393973215,DERIVED_FROM_YFINANCE_GC=F
2021-04-14,1758.199951171875,1723.199951171875,1721.699951171875,23.507132393973215,DERIVED_FROM_YFINANCE_GC=F
2021-04-15,1750.699951171875,1723.199951171875,1721.699951171875,23.721418108258927,DERIVED_FROM_YFINANCE_GC=F
2021-04-16,1770.5999755859375,1723.199951171875,1721.699951171875,24.55712890625,DERIVED_FROM_YFINANCE_GC=F
2021-04-19,1784.699951171875,1732.300048828125,1730.800048828125,25.107125418526785,DERIVED_FROM_YFINANCE_GC=F
2021-04-20,1790.4000244140625,1734.4000244140625,1732.9000244140625,24.714276994977677,DERIVED_FROM_YFINANCE_GC=F
2021-04-21,1790.4000244140625,1760.300048828125,1758.800048828125,23.371425083705358,DERIVED_FROM_YFINANCE_GC=F
2021-04-22,1798.4000244140625,1763.5,1762.0,22.2642822265625,DERIVED_FROM_YFINANCE_GC=F
2021-04-23,1798.4000244140625,1763.5,1762.0,21.935712541852677,DERIVED_FROM_YFINANCE_GC=F
2021-04-26,1798.4000244140625,1769.5,1768.0,22.935712541852677,DERIVED_FROM_YFINANCE_GC=F
2021-04-27,1798.0999755859375,1768.199951171875,1766.699951171875,22.678571428571427,DERIVED_FROM_YFINANCE_GC=F
2021-04-28,1796.300048828125,1768.199951171875,1766.699951171875,22.52142333984375,DERIVED_FROM_YFINANCE_GC=F
2021-04-29,1785.9000244140625,1761.800048828125,1760.300048828125,22.171412876674108,DERIVED_FROM_YFINANCE_GC=F
2021-04-30,1789.9000244140625,1754.5999755859375,1753.0999755859375,22.735709054129465,DERIVED_FROM_YFINANCE_GC=F
2021-05-03,1789.9000244140625,1754.5999755859375,1753.0999755859375,22.078569684709823,DERIVED_FROM_YFINANCE_GC=F
2021-05-04,1798.9000244140625,1754.5999755859375,1753.0999755859375,22.578569684709823,DERIVED_FROM_YFINANCE_GC=F
2021-05-05,1799.5,1763.300048828125,1761.800048828125,23.428580147879465,DERIVED_FROM_YFINANCE_GC=F
2021-05-06,1799.5,1765.5999755859375,1764.0999755859375,22.185721261160715,DERIVED_FROM_YFINANCE_GC=F
2021-05-07,1818.5999755859373,1769.199951171875,1767.699951171875,23.07143729073659,DERIVED_FROM_YFINANCE_GC=F
2021-05-10,1844.5999755859373,1769.300048828125,1767.800048828125,23.600001743861576,DERIVED_FROM_YFINANCE_GC=F
2021-05-11,1846.300048828125,1781.800048828125,1780.300048828125,23.492858886718718,DERIVED_FROM_YFINANCE_GC=F
2021-05-12,1846.300048828125,1813.4000244140625,1811.9000244140625,23.699994768415145,DERIVED_FROM_YFINANCE_GC=F
2021-05-13,1846.300048828125,1813.0,1811.5,24.464276994977645,DERIVED_FROM_YFINANCE_GC=F
2021-05-14,1844.699951171875,1808.4000244140625,1806.9000244140625,24.028555733816916,DERIVED_FROM_YFINANCE_GC=F
2021-05-17,1847.0999755859373,1808.4000244140625,1806.9000244140625,24.97140938895083,DERIVED_FROM_YFINANCE_GC=F
2021-05-18,1869.300048828125,1808.4000244140625,1806.9000244140625,26.34284319196424,DERIVED_FROM_YFINANCE_GC=F
2021-05-19,1875.9000244140625,1819.0,1817.5,25.735709054129416,DERIVED_FROM_YFINANCE_GC=F
2021-05-20,1891.300048828125,1841.0999755859373,1839.5999755859373,26.0071411132812,DERIVED_FROM_YFINANCE_GC=F
2021-05-21,1891.300048828125,1852.199951171875,1850.699951171875,26.800005231584773,DERIVED_FROM_YFINANCE_GC=F
2021-05-24,1891.300048828125,1852.199951171875,1850.699951171875,25.850001743861558,DERIVED_FROM_YFINANCE_GC=F
2021-05-25,1890.300048828125,1864.199951171875,1862.699951171875,24.557146344866023,DERIVED_FROM_YFINANCE_GC=F
2021-05-26,1901.199951171875,1870.300048828125,1868.800048828125,25.2142944335937,DERIVED_FROM_YFINANCE_GC=F
2021-05-27,1913.300048828125,1873.199951171875,1871.699951171875,24.200020926339253,DERIVED_FROM_YFINANCE_GC=F
2021-05-28,1913.300048828125,1873.199951171875,1871.699951171875,23.092886788504448,DERIVED_FROM_YFINANCE_GC=F
2021-06-01,1913.300048828125,1881.9000244140625,1880.4000244140625,23.642883300781232,DERIVED_FROM_YFINANCE_GC=F
2021-06-02,1919.199951171875,1881.9000244140625,1880.4000244140625,23.642883300781232,DERIVED_FROM_YFINANCE_GC=F
2021-06-03,1919.199951171875,1881.9000244140625,1880.4000244140625,22.47860281808034,DERIVED_FROM_YFINANCE_GC=F
2021-06-04,1919.199951171875,1866.699951171875,1865.199951171875,24.257184709821427,DERIVED_FROM_YFINANCE_GC=F
2021-06-07,1912.300048828125,1855.5999755859373,1854.0999755859373,25.350045340401817,DERIVED_FROM_YFINANCE_GC=F
2021-06-08,1912.300048828125,1855.5999755859373,1854.0999755859373,24.492902483258945,DERIVED_FROM_YFINANCE_GC=F
2021-06-09,1906.9000244140625,1855.5999755859373,1854.0999755859373,25.121477399553587,DERIVED_FROM_YFINANCE_GC=F
2021-06-10,1906.9000244140625,1883.699951171875,1882.199951171875,23.214320591517872,DERIVED_FROM_YFINANCE_GC=F
2021-06-11,1906.9000244140625,1871.800048828125,1870.300048828125,23.935738699776802,DERIVED_FROM_YFINANCE_GC=F
2021-06-14,1906.199951171875,1871.800048828125,1870.300048828125,24.657165527343782,DERIVED_FROM_YFINANCE_GC=F
2021-06-15,1906.199951171875,1845.699951171875,1844.199951171875,26.214303152901817,DERIVED_FROM_YFINANCE_GC=F
2021-06-16,1906.199951171875,1845.699951171875,1844.199951171875,25.492876325334855,DERIVED_FROM_YFINANCE_GC=F
2021-06-17,1879.699951171875,1804.4000244140625,1802.9000244140625,28.278581891741105,DERIVED_FROM_YFINANCE_GC=F
2021-06-18,1870.9000244140625,1767.9000244140625,1766.4000244140625,33.83571951729914,DERIVED_FROM_YFINANCE_GC=F
2021-06-21,1866.0,1761.199951171875,1759.699951171875,34.778581891741105,DERIVED_FROM_YFINANCE_GC=F
2021-06-22,1826.4000244140625,1761.199951171875,1759.699951171875,34.642874581473244,DERIVED_FROM_YFINANCE_GC=F
2021-06-23,1797.9000244140625,1761.199951171875,1759.699951171875,34.892874581473244,DERIVED_FROM_YFINANCE_GC=F
2021-06-24,1795.5999755859375,1764.0999755859375,1762.5999755859375,33.24286760602682,DERIVED_FROM_YFINANCE_GC=F
2021-06-25,1795.5999755859375,1771.199951171875,1769.699951171875,31.278581891741087,DERIVED_FROM_YFINANCE_GC=F
2021-06-28,1795.5999755859375,1772.699951171875,1771.199951171875,31.150006975446445,DERIVED_FROM_YFINANCE_GC=F
2021-06-29,1791.0,1770.4000244140625,1768.9000244140625,30.757141113281268,DERIVED_FROM_YFINANCE_GC=F
2021-06-30,1791.0,1750.0999755859375,1748.5999755859375,32.05714634486609,DERIVED_FROM_YFINANCE_GC=F
2021-07-01,1786.0999755859375,1750.0999755859375,1748.5999755859375,31.36429268973216,DERIVED_FROM_YFINANCE_GC=F
2021-07-02,1783.4000244140625,1750.0999755859375,1748.5999755859375,30.46429443359375,DERIVED_FROM_YFINANCE_GC=F
2021-07-06,1795.9000244140625,1753.199951171875,1751.699951171875,29.571437290736608,DERIVED_FROM_YFINANCE_GC=F
2021-07-07,1815.699951171875,1765.9000244140625,1764.4000244140625,30.607142857142858,DERIVED_FROM_YFINANCE_GC=F
2021-07-08,1815.699951171875,1774.4000244140625,1772.9000244140625,27.357142857142858,DERIVED_FROM_YFINANCE_GC=F
2021-07-09,1819.5,1784.699951171875,1783.199951171875,22.535714285714285,DERIVED_FROM_YFINANCE_GC=F
2021-07-12,1819.5,1793.5,1792.0,21.085710797991073,DERIVED_FROM_YFINANCE_GC=F
2021-07-13,1819.5,1791.0,1789.5,20.885707310267858,DERIVED_FROM_YFINANCE_GC=F
2021-07-14,1818.0,1791.0,1789.5,20.914280482700892,DERIVED_FROM_YFINANCE_GC=F
2021-07-15,1831.0999755859373,1791.0,1789.5,21.178562709263378,DERIVED_FROM_YFINANCE_GC=F
2021-07-16,1835.0,1798.699951171875,1797.199951171875,21.071419852120535,DERIVED_FROM_YFINANCE_GC=F
2021-07-19,1835.0,1804.9000244140625,1803.4000244140625,21.485700334821427,DERIVED_FROM_YFINANCE_GC=F
2021-07-20,1835.0,1795.0,1793.5,22.007132393973215,DERIVED_FROM_YFINANCE_GC=F
2021-07-21,1832.699951171875,1795.0,1793.5,21.299996512276785,DERIVED_FROM_YFINANCE_GC=F
2021-07-22,1825.9000244140625,1794.300048828125,1792.800048828125,21.199994768415177,DERIVED_FROM_YFINANCE_GC=F
2021-07-23,1825.9000244140625,1791.9000244140625,1790.4000244140625,21.128566196986608,DERIVED_FROM_YFINANCE_GC=F
2021-07-26,1814.4000244140625,1789.0999755859375,1787.5999755859375,21.135707310267858,DERIVED_FROM_YFINANCE_GC=F
2021-07-27,1812.0,1789.0999755859375,1787.5999755859375,19.964285714285715,DERIVED_FROM_YFINANCE_GC=F
2021-07-28,1812.0,1789.0999755859375,1787.5999755859375,19.714285714285715,DERIVED_FROM_YFINANCE_GC=F
2021-07-29,1812.0,1790.699951171875,1789.199951171875,19.164289202008927,DERIVED_FROM_YFINANCE_GC=F
2021-07-30,1832.5999755859373,1790.699951171875,1789.199951171875,20.34286063058034,DERIVED_FROM_YFINANCE_GC=F
2021-08-02,1832.5999755859373,1790.699951171875,1789.199951171875,20.507141113281232,DERIVED_FROM_YFINANCE_GC=F
2021-08-03,1832.5999755859373,1806.0999755859373,1804.5999755859373,20.199994768415163,DERIVED_FROM_YFINANCE_GC=F
2021-08-04,1830.5,1808.199951171875,1806.699951171875,19.235709054129465,DERIVED_FROM_YFINANCE_GC=F
2021-08-05,1835.9000244140625,1808.199951171875,1806.699951171875,20.178562709263378,DERIVED_FROM_YFINANCE_GC=F
2021-08-06,1835.9000244140625,1799.699951171875,1798.199951171875,19.821428571428555,DERIVED_FROM_YFINANCE_GC=F
2021-08-09,1835.9000244140625,1759.5,1758.0,21.707144601004448,DERIVED_FROM_YFINANCE_GC=F
2021-08-10,1817.9000244140625,1677.9000244140625,1676.4000244140625,26.499991280691948,DERIVED_FROM_YFINANCE_GC=F
2021-08-11,1807.0,1677.9000244140625,1676.4000244140625,26.55713762555802,DERIVED_FROM_YFINANCE_GC=F
2021-08-12,1765.699951171875,1677.9000244140625,1676.4000244140625,27.671421595982128,DERIVED_FROM_YFINANCE_GC=F
2021-08-13,1759.5999755859375,1718.5,1717.0,27.342851911272305,DERIVED_FROM_YFINANCE_GC=F
2021-08-16,1781.9000244140625,1724.5999755859375,1723.0999755859375,28.349993024553555,DERIVED_FROM_YFINANCE_GC=F
2021-08-17,1791.300048828125,1742.5999755859375,1741.0999755859375,28.828569684709805,DERIVED_FROM_YFINANCE_GC=F
2021-08-18,1797.5999755859375,1753.0,1751.5,28.62856619698659,DERIVED_FROM_YFINANCE_GC=F
2021-08-19,1797.5999755859375,1772.0,1770.5,27.485700334821427,DERIVED_FROM_YFINANCE_GC=F
2021-08-20,1797.5999755859375,1774.5999755859375,1773.0999755859375,27.349993024553573,DERIVED_FROM_YFINANCE_GC=F
2021-08-23,1795.699951171875,1774.5999755859375,1773.0999755859375,27.064278738839285,DERIVED_FROM_YFINANCE_GC=F
2021-08-24,1809.0999755859373,1774.5999755859375,1773.0999755859375,28.37856619698659,DERIVED_FROM_YFINANCE_GC=F
2021-08-25,1812.199951171875,1778.0,1776.5,27.092851911272323,DERIVED_FROM_YFINANCE_GC=F
2021-08-26,1812.199951171875,1778.0,1776.5,27.5428466796875,DERIVED_FROM_YFINANCE_GC=F
2021-08-27,1812.199951171875,1781.300048828125,1779.800048828125,25.378557477678573,DERIVED_FROM_YFINANCE_GC=F
2021-08-30,1821.9000244140625,1781.300048828125,1779.800048828125,21.728567940848215,DERIVED_FROM_YFINANCE_GC=F
2021-08-31,1826.5,1781.300048828125,1779.800048828125,21.414280482700892,DERIVED_FROM_YFINANCE_GC=F
2021-09-01,1826.5,1785.199951171875,1783.699951171875,20.442853655133927,DERIVED_FROM_YFINANCE_GC=F
2021-09-02,1826.5,1803.4000244140625,1801.9000244140625,20.092851911272337,DERIVED_FROM_YFINANCE_GC=F
2021-09-03,1822.699951171875,1803.4000244140625,1801.9000244140625,18.878566196986608,DERIVED_FROM_YFINANCE_GC=F
2021-09-07,1836.9000244140625,1806.5,1805.0,19.357134137834823,DERIVED_FROM_YFINANCE_GC=F
2021-09-08,1836.9000244140625,1793.699951171875,1792.199951171875,21.107134137834823,DERIVED_FROM_YFINANCE_GC=F
2021-09-09,1836.9000244140625,1783.0999755859375,1781.5999755859375,21.421430315290177,DERIVED_FROM_YFINANCE_GC=F
2021-09-10,1833.5,1783.0999755859375,1781.5999755859375,21.271432059151785,DERIVED_FROM_YFINANCE_GC=F
2021-09-13,1806.0,1783.0999755859375,1781.5999755859375,21.757149832589285,DERIVED_FROM_YFINANCE_GC=F
2021-09-14,1806.0,1784.4000244140625,1782.9000244140625,20.664289202008945,DERIVED_FROM_YFINANCE_GC=F
2021-09-15,1810.5999755859373,1780.5999755859375,1779.0999755859375,22.121433803013378,DERIVED_FROM_YFINANCE_GC=F
2021-09-16,1810.5999755859373,1780.5999755859375,1779.0999755859375,21.57143729073659,DERIVED_FROM_YFINANCE_GC=F
2021-09-17,1810.5999755859373,1745.5,1744.0,23.907156808035698,DERIVED_FROM_YFINANCE_GC=F
2021-09-20,1808.5,1745.5,1744.0,22.764299665178555,DERIVED_FROM_YFINANCE_GC=F
2021-09-21,1797.300048828125,1742.300048828125,1740.800048828125,23.450012207031232,DERIVED_FROM_YFINANCE_GC=F
2021-09-22,1782.800048828125,1742.300048828125,1740.800048828125,23.878583635602663,DERIVED_FROM_YFINANCE_GC=F
2021-09-23,1788.4000244140625,1742.300048828125,1740.800048828125,24.714303152901753,DERIVED_FROM_YFINANCE_GC=F
2021-09-24,1788.4000244140625,1737.5,1736.0,26.728594098772305,DERIVED_FROM_YFINANCE_GC=F
2021-09-27,1788.4000244140625,1737.5,1736.0,26.142883300781232,DERIVED_FROM_YFINANCE_GC=F
2021-09-28,1777.0999755859375,1737.5,1736.0,24.442888532366055,DERIVED_FROM_YFINANCE_GC=F
2021-09-29,1760.9000244140625,1727.800048828125,1726.300048828125,24.814313616071413,DERIVED_FROM_YFINANCE_GC=F
2021-09-30,1760.9000244140625,1721.0999755859375,1719.5999755859375,25.285740443638378,DERIVED_FROM_YFINANCE_GC=F
2021-10-01,1765.0,1721.0999755859375,1719.5999755859375,27.100019182477663,DERIVED_FROM_YFINANCE_GC=F
2021-10-04,1765.199951171875,1721.0999755859375,1719.5999755859375,27.064304896763378,DERIVED_FROM_YFINANCE_GC=F
2021-10-05,1771.5,1721.800048828125,1720.300048828125,26.621451241629465,DERIVED_FROM_YFINANCE_GC=F
2021-10-06,1771.5,1747.699951171875,1746.199951171875,27.028590611049108,DERIVED_FROM_YFINANCE_GC=F
2021-10-07,1771.5,1745.4000244140625,1743.9000244140625,24.792872837611608,DERIVED_FROM_YFINANCE_GC=F
2021-10-08,1771.0999755859375,1745.4000244140625,1743.9000244140625,24.435721261160715,DERIVED_FROM_YFINANCE_GC=F
2021-10-11,1782.4000244140625,1745.4000244140625,1743.9000244140625,24.628583635602677,DERIVED_FROM_YFINANCE_GC=F
2021-10-12,1782.4000244140625,1749.9000244140625,1748.4000244140625,23.678580147879465,DERIVED_FROM_YFINANCE_GC=F
2021-10-13,1782.4000244140625,1749.9000244140625,1748.4000244140625,23.371433803013392,DERIVED_FROM_YFINANCE_GC=F
2021-10-14,1797.4000244140625,1749.9000244140625,1748.4000244140625,23.24285888671875,DERIVED_FROM_YFINANCE_GC=F
2021-10-15,1801.9000244140625,1750.5,1749.0,22.99285888671875,DERIVED_FROM_YFINANCE_GC=F
2021-10-18,1801.9000244140625,1757.9000244140625,1756.4000244140625,24.178571428571427,DERIVED_FROM_YFINANCE_GC=F
2021-10-19,1801.9000244140625,1760.300048828125,1758.800048828125,23.157139369419642,DERIVED_FROM_YFINANCE_GC=F
2021-10-20,1797.699951171875,1760.300048828125,1758.800048828125,22.992850167410715,DERIVED_FROM_YFINANCE_GC=F
2021-10-21,1789.5999755859375,1760.300048828125,1758.800048828125,21.5142822265625,DERIVED_FROM_YFINANCE_GC=F
2021-10-22,1790.300048828125,1763.4000244140625,1761.9000244140625,21.385716029575892,DERIVED_FROM_YFINANCE_GC=F
2021-10-25,1815.5,1767.0999755859375,1765.5999755859375,22.085710797991073,DERIVED_FROM_YFINANCE_GC=F
2021-10-26,1815.5,1776.800048828125,1775.300048828125,21.799996512276785,DERIVED_FROM_YFINANCE_GC=F
2021-10-27,1815.5,1783.0,1781.5,22.25,DERIVED_FROM_YFINANCE_GC=F
2021-10-28,1811.5,1783.0,1781.5,22.321428571428573,DERIVED_FROM_YFINANCE_GC=F
2021-10-29,1812.699951171875,1783.0,1781.5,21.664280482700892,DERIVED_FROM_YFINANCE_GC=F
2021-11-01,1812.699951171875,1772.4000244140625,1770.9000244140625,23.042855398995535,DERIVED_FROM_YFINANCE_GC=F
2021-11-02,1812.699951171875,1772.4000244140625,1770.9000244140625,22.885716029575892,DERIVED_FROM_YFINANCE_GC=F
2021-11-03,1802.9000244140625,1772.4000244140625,1770.9000244140625,20.807146344866073,DERIVED_FROM_YFINANCE_GC=F
2021-11-04,1797.800048828125,1758.5,1757.0,21.99285888671875,DERIVED_FROM_YFINANCE_GC=F
2021-11-05,1800.300048828125,1758.5,1757.0,22.25,DERIVED_FROM_YFINANCE_GC=F
2021-11-08,1820.0999755859373,1758.5,1757.0,23.86428397042409,DERIVED_FROM_YFINANCE_GC=F
2021-11-09,1828.300048828125,1769.300048828125,1767.800048828125,23.28571428571427,DERIVED_FROM_YFINANCE_GC=F
2021-11-10,1834.800048828125,1785.300048828125,1783.800048828125,22.664289202008913,DERIVED_FROM_YFINANCE_GC=F
2021-11-11,1870.5999755859373,1813.800048828125,1812.300048828125,25.100001743861576,DERIVED_FROM_YFINANCE_GC=F
2021-11-12,1870.5999755859373,1821.0,1819.5,24.385716029575878,DERIVED_FROM_YFINANCE_GC=F
2021-11-15,1871.4000244140625,1823.0,1821.5,24.77143205915177,DERIVED_FROM_YFINANCE_GC=F
2021-11-16,1873.0,1845.0999755859373,1843.5999755859373,23.892857142857128,DERIVED_FROM_YFINANCE_GC=F
2021-11-17,1879.5,1847.5,1846.0,24.735717773437482,DERIVED_FROM_YFINANCE_GC=F
2021-11-18,1879.5,1851.0,1849.5,24.728576660156232,DERIVED_FROM_YFINANCE_GC=F
2021-11-19,1879.5,1851.0,1849.5,23.742867606026785,DERIVED_FROM_YFINANCE_GC=F
2021-11-22,1873.300048828125,1844.199951171875,1842.699951171875,24.214294433593732,DERIVED_FROM_YFINANCE_GC=F
2021-11-23,1873.300048828125,1802.4000244140625,1800.9000244140625,26.985717773437468,DERIVED_FROM_YFINANCE_GC=F
2021-11-24,1868.0999755859373,1781.699951171875,1780.199951171875,26.978576660156218,DERIVED_FROM_YFINANCE_GC=F
2021-11-26,1850.4000244140625,1777.4000244140625,1775.9000244140625,25.721426827566933,DERIVED_FROM_YFINANCE_GC=F
2021-11-29,1816.300048828125,1777.4000244140625,1775.9000244140625,25.928580147879448,DERIVED_FROM_YFINANCE_GC=F
2021-11-30,1816.300048828125,1777.4000244140625,1775.9000244140625,26.30715506417409,DERIVED_FROM_YFINANCE_GC=F
2021-12-01,1816.300048828125,1768.699951171875,1767.199951171875,28.135724748883895,DERIVED_FROM_YFINANCE_GC=F
2021-12-02,1808.0999755859373,1768.699951171875,1767.199951171875,26.31429617745534,DERIVED_FROM_YFINANCE_GC=F
2021-12-03,1808.0999755859373,1762.199951171875,1760.699951171875,26.271440778459787,DERIVED_FROM_YFINANCE_GC=F
2021-12-06,1795.699951171875,1762.199951171875,1760.699951171875,26.371442522321395,DERIVED_FROM_YFINANCE_GC=F
2021-12-07,1789.0,1762.199951171875,1760.699951171875,26.235726492745503,DERIVED_FROM_YFINANCE_GC=F
2021-12-08,1789.300048828125,1766.0,1764.5,25.407156808035683,DERIVED_FROM_YFINANCE_GC=F
2021-12-09,1794.300048828125,1772.4000244140625,1770.9000244140625,25.028590611049076,DERIVED_FROM_YFINANCE_GC=F
2021-12-10,1794.300048828125,1772.4000244140625,1770.9000244140625,24.914297921316916,DERIVED_FROM_YFINANCE_GC=F
2021-12-13,1794.300048828125,1770.4000244140625,1768.9000244140625,24.678580147879433,DERIVED_FROM_YFINANCE_GC=F
2021-12-14,1792.800048828125,1770.4000244140625,1768.9000244140625,21.921447753906232,DERIVED_FROM_YFINANCE_GC=F
2021-12-15,1792.800048828125,1766.0999755859375,1764.5999755859375,21.414306640624982,DERIVED_FROM_YFINANCE_GC=F
2021-12-16,1792.800048828125,1753.0,1751.5,22.092886788504448,DERIVED_FROM_YFINANCE_GC=F
2021-12-17,1800.699951171875,1753.0,1751.5,21.985735212053555,DERIVED_FROM_YFINANCE_GC=F
2021-12-20,1815.699951171875,1753.0,1751.5,21.942871093749982,DERIVED_FROM_YFINANCE_GC=F
2021-12-21,1815.699951171875,1775.699951171875,1774.199951171875,20.264299665178573,DERIVED_FROM_YFINANCE_GC=F
2021-12-22,1815.699951171875,1785.0,1783.5,19.878583635602677,DERIVED_FROM_YFINANCE_GC=F
2021-12-23,1806.300048828125,1785.0,1783.5,19.70001220703125,DERIVED_FROM_YFINANCE_GC=F
2021-12-27,1812.0,1785.0,1783.5,18.821437290736608,DERIVED_FROM_YFINANCE_GC=F
2021-12-28,1814.5999755859373,1785.800048828125,1784.300048828125,18.7071533203125,DERIVED_FROM_YFINANCE_GC=F
2021-12-29,1821.5999755859373,1799.0,1797.5,18.650006975446413,DERIVED_FROM_YFINANCE_GC=F
2021-12-30,1821.5999755859373,1789.0999755859375,1787.5999755859375,19.192862374441948,DERIVED_FROM_YFINANCE_GC=F
2021-12-31,1821.5999755859373,1789.0999755859375,1787.5999755859375,19.678580147879433,DERIVED_FROM_YFINANCE_GC=F
2022-01-03,1831.4000244140625,1789.0999755859375,1787.5999755859375,19.442871093749982,DERIVED_FROM_YFINANCE_GC=F
2022-01-04,1833.0,1796.199951171875,1794.699951171875,21.171439034598198,DERIVED_FROM_YFINANCE_GC=F
2022-01-05,1833.0,1798.0999755859375,1796.5999755859375,20.84286063058034,DERIVED_FROM_YFINANCE_GC=F
2022-01-06,1833.0,1798.0999755859375,1796.5999755859375,20.428571428571413,DERIVED_FROM_YFINANCE_GC=F
2022-01-07,1830.699951171875,1785.4000244140625,1783.9000244140625,20.678571428571395,DERIVED_FROM_YFINANCE_GC=F
2022-01-10,1830.699951171875,1781.300048828125,1779.800048828125,20.528573172433003,DERIVED_FROM_YFINANCE_GC=F
2022-01-11,1811.5999755859373,1781.300048828125,1779.800048828125,20.299996512276753,DERIVED_FROM_YFINANCE_GC=F
2022-01-12,1823.0999755859373,1781.300048828125,1779.800048828125,20.842851911272273,DERIVED_FROM_YFINANCE_GC=F
2022-01-13,1828.199951171875,1789.300048828125,1787.800048828125,20.364275251116023,DERIVED_FROM_YFINANCE_GC=F
2022-01-14,1828.300048828125,1799.699951171875,1798.199951171875,20.614275251116023,DERIVED_FROM_YFINANCE_GC=F
2022-01-18,1829.300048828125,1811.800048828125,1810.300048828125,20.907139369419593,DERIVED_FROM_YFINANCE_GC=F
2022-01-19,1829.300048828125,1804.699951171875,1803.199951171875,21.057146344866037,DERIVED_FROM_YFINANCE_GC=F
2022-01-20,1843.9000244140625,1804.699951171875,1803.199951171875,21.992858886718718,DERIVED_FROM_YFINANCE_GC=F
2022-01-21,1848.5,1804.699951171875,1803.199951171875,21.307146344866055,DERIVED_FROM_YFINANCE_GC=F
2022-01-24,1848.5,1809.0,1807.5,21.16428048270086,DERIVED_FROM_YFINANCE_GC=F
2022-01-25,1848.5,1828.4000244140625,1826.9000244140625,19.792846679687468,DERIVED_FROM_YFINANCE_GC=F
2022-01-26,1854.199951171875,1828.4000244140625,1826.9000244140625,19.842843191964253,DERIVED_FROM_YFINANCE_GC=F
2022-01-27,1854.199951171875,1814.0999755859373,1812.5999755859373,20.978559221540163,DERIVED_FROM_YFINANCE_GC=F
2022-01-28,1854.199951171875,1790.5999755859375,1789.0999755859375,20.935703822544642,DERIVED_FROM_YFINANCE_GC=F
2022-01-31,1850.199951171875,1778.800048828125,1777.300048828125,21.114275251116073,DERIVED_FROM_YFINANCE_GC=F
2022-02-01,1821.4000244140625,1778.800048828125,1777.300048828125,21.178562709263392,DERIVED_FROM_YFINANCE_GC=F
2022-02-02,1809.699951171875,1778.800048828125,1777.300048828125,20.49285016741073,DERIVED_FROM_YFINANCE_GC=F
2022-02-03,1812.0,1785.0999755859375,1783.5999755859375,20.750000000000018,DERIVED_FROM_YFINANCE_GC=F
2022-02-04,1812.0,1788.5,1787.0,21.12857491629466,DERIVED_FROM_YFINANCE_GC=F
2022-02-07,1815.800048828125,1788.5,1787.0,21.742858886718768,DERIVED_FROM_YFINANCE_GC=F
2022-02-08,1824.5999755859373,1788.5,1787.0,21.664280482700892,DERIVED_FROM_YFINANCE_GC=F
2022-02-09,1829.9000244140625,1792.0999755859375,1790.5999755859375,20.164280482700892,DERIVED_FROM_YFINANCE_GC=F
2022-02-10,1837.0999755859373,1807.5,1806.0,20.114275251116055,DERIVED_FROM_YFINANCE_GC=F
2022-02-11,1843.300048828125,1816.0,1814.5,20.55713762555802,DERIVED_FROM_YFINANCE_GC=F
2022-02-14,1867.4000244140625,1821.0999755859373,1819.5999755859373,22.75,DERIVED_FROM_YFINANCE_GC=F
2022-02-15,1876.5,1821.0999755859373,1819.5999755859373,23.792864118303587,DERIVED_FROM_YFINANCE_GC=F
2022-02-16,1881.5999755859373,1821.0999755859373,1819.5999755859373,23.635716029575878,DERIVED_FROM_YFINANCE_GC=F
2022-02-17,1881.5999755859373,1845.4000244140625,1843.9000244140625,22.471426827566933,DERIVED_FROM_YFINANCE_GC=F
2022-02-18,1904.0,1845.4000244140625,1843.9000244140625,23.521432059151753,DERIVED_FROM_YFINANCE_GC=F
2022-02-22,1905.0,1851.800048828125,1850.300048828125,23.764290945870503,DERIVED_FROM_YFINANCE_GC=F
2022-02-23,1918.300048828125,1869.699951171875,1868.199951171875,24.757158551897287,DERIVED_FROM_YFINANCE_GC=F
2022-02-24,1918.300048828125,1888.0,1886.5,25.071446010044628,DERIVED_FROM_YFINANCE_GC=F
2022-02-25,1976.5,1878.5999755859373,1877.0999755859373,30.507158551897323,DERIVED_FROM_YFINANCE_GC=F
2022-02-28,1976.5,1878.5999755859373,1877.0999755859373,31.807155064174108,DERIVED_FROM_YFINANCE_GC=F
2022-03-01,1976.5,1878.5999755859373,1877.0999755859373,33.98572649274557,DERIVED_FROM_YFINANCE_GC=F
2022-03-02,1952.5999755859373,1884.4000244140625,1882.9000244140625,36.700012207031264,DERIVED_FROM_YFINANCE_GC=F
2022-03-03,1952.5999755859373,1892.199951171875,1890.699951171875,38.400015694754494,DERIVED_FROM_YFINANCE_GC=F
2022-03-04,1952.5999755859373,1903.0,1901.5,38.457153320312514,DERIVED_FROM_YFINANCE_GC=F
2022-03-07,1974.9000244140625,1916.0,1914.5,38.250008719308035,DERIVED_FROM_YFINANCE_GC=F
2022-03-08,2007.5,1923.0999755859373,1921.5999755859373,38.88572474888391,DERIVED_FROM_YFINANCE_GC=F
2022-03-09,2078.800048828125,1931.5,1930.0,42.94287109375,DERIVED_FROM_YFINANCE_GC=F
2022-03-10,2078.800048828125,1964.199951171875,1962.699951171875,47.56430489676341,DERIVED_FROM_YFINANCE_GC=F
2022-03-11,2078.800048828125,1975.0,1973.5,47.978585379464285,DERIVED_FROM_YFINANCE_GC=F
2022-03-14,2068.5,1960.5999755859373,1959.0999755859373,49.864301409040195,DERIVED_FROM_YFINANCE_GC=F
2022-03-15,2015.0999755859373,1952.0,1950.5,50.878583635602695,DERIVED_FROM_YFINANCE_GC=F
2022-03-16,2004.0,1908.0999755859373,1906.5999755859373,53.08572823660716,DERIVED_FROM_YFINANCE_GC=F
2022-03-17,1994.800048828125,1895.199951171875,1893.699951171875,48.585728236607125,DERIVED_FROM_YFINANCE_GC=F
2022-03-18,1956.9000244140625,1895.199951171875,1893.699951171875,48.578587123325875,DERIVED_FROM_YFINANCE_GC=F
2022-03-21,1951.0,1895.199951171875,1893.699951171875,47.192871093749964,DERIVED_FROM_YFINANCE_GC=F
2022-03-22,1951.0,1917.199951171875,1915.699951171875,45.242876325334805,DERIVED_FROM_YFINANCE_GC=F
2022-03-23,1946.199951171875,1909.800048828125,1908.300048828125,44.835728236607125,DERIVED_FROM_YFINANCE_GC=F
2022-03-24,1948.800048828125,1909.800048828125,1908.300048828125,45.61431012834823,DERIVED_FROM_YFINANCE_GC=F
2022-03-25,1967.199951171875,1909.800048828125,1908.300048828125,44.65001569475448,DERIVED_FROM_YFINANCE_GC=F
2022-03-28,1967.199951171875,1915.5999755859373,1914.0999755859373,43.16429792131698,DERIVED_FROM_YFINANCE_GC=F
2022-03-29,1967.199951171875,1915.699951171875,1914.199951171875,39.671447753906264,DERIVED_FROM_YFINANCE_GC=F
2022-03-30,1965.0999755859373,1888.300048828125,1886.800048828125,37.100019182477695,DERIVED_FROM_YFINANCE_GC=F
2022-03-31,1959.800048828125,1888.300048828125,1886.800048828125,36.00716727120539,DERIVED_FROM_YFINANCE_GC=F
2022-04-01,1949.9000244140625,1888.300048828125,1886.800048828125,35.107169015066994,DERIVED_FROM_YFINANCE_GC=F
2022-04-04,1949.9000244140625,1914.5,1913.0,34.03573172433039,DERIVED_FROM_YFINANCE_GC=F
2022-04-05,1949.9000244140625,1918.199951171875,1916.699951171875,31.94287109375,DERIVED_FROM_YFINANCE_GC=F
2022-04-06,1948.9000244140625,1918.199951171875,1916.699951171875,31.450012207031268,DERIVED_FROM_YFINANCE_GC=F
2022-04-07,1948.9000244140625,1916.199951171875,1914.699951171875,29.992867606026785,DERIVED_FROM_YFINANCE_GC=F
2022-04-08,1948.9000244140625,1916.199951171875,1914.699951171875,29.307155064174122,DERIVED_FROM_YFINANCE_GC=F
2022-04-11,1952.199951171875,1916.199951171875,1914.699951171875,29.107142857142872,DERIVED_FROM_YFINANCE_GC=F
2022-04-12,1974.5999755859373,1923.300048828125,1921.800048828125,29.25,DERIVED_FROM_YFINANCE_GC=F
2022-04-13,1982.699951171875,1930.4000244140625,1928.9000244140625,29.342851911272305,DERIVED_FROM_YFINANCE_GC=F
2022-04-14,1985.800048828125,1942.9000244140625,1941.4000244140625,28.60000174386159,DERIVED_FROM_YFINANCE_GC=F
2022-04-18,1985.800048828125,1953.0,1951.5,28.564287458147305,DERIVED_FROM_YFINANCE_GC=F
2022-04-19,2003.0,1962.699951171875,1961.199951171875,27.457135881696413,DERIVED_FROM_YFINANCE_GC=F
2022-04-20,2003.0,1945.5,1944.0,26.699994768415163,DERIVED_FROM_YFINANCE_GC=F
2022-04-21,2003.0,1941.0,1939.5,26.349993024553555,DERIVED_FROM_YFINANCE_GC=F
2022-04-22,1985.0999755859373,1938.0,1936.5,25.72855922154013,DERIVED_FROM_YFINANCE_GC=F
2022-04-25,1960.9000244140625,1928.0,1926.5,25.871425083705308,DERIVED_FROM_YFINANCE_GC=F
2022-04-26,1960.0999755859373,1891.800048828125,1890.300048828125,27.321419852120503,DERIVED_FROM_YFINANCE_GC=F
2022-04-27,1957.800048828125,1891.800048828125,1890.300048828125,26.478559221540145,DERIVED_FROM_YFINANCE_GC=F
2022-04-28,1935.5,1881.5999755859373,1880.0999755859373,26.84284319196427,DERIVED_FROM_YFINANCE_GC=F
2022-04-29,1912.199951171875,1870.9000244140625,1869.4000244140625,27.43570382254461,DERIVED_FROM_YFINANCE_GC=F
2022-05-02,1921.300048828125,1870.9000244140625,1869.4000244140625,28.021423339843718,DERIVED_FROM_YFINANCE_GC=F
2022-05-03,1921.300048828125,1853.4000244140625,1851.9000244140625,29.921421595982128,DERIVED_FROM_YFINANCE_GC=F
2022-05-04,1921.300048828125,1849.699951171875,1848.199951171875,29.507141113281232,DERIVED_FROM_YFINANCE_GC=F
2022-05-05,1900.4000244140625,1849.699951171875,1848.199951171875,30.321428571428573,DERIVED_FROM_YFINANCE_GC=F
2022-05-06,1910.699951171875,1849.699951171875,1848.199951171875,31.742850167410715,DERIVED_FROM_YFINANCE_GC=F
2022-05-09,1910.699951171875,1861.0999755859373,1859.5999755859373,31.77142333984375,DERIVED_FROM_YFINANCE_GC=F
2022-05-10,1910.699951171875,1851.0,1849.5,31.32141985212052,DERIVED_FROM_YFINANCE_GC=F
2022-05-11,1894.0,1834.5,1833.0,32.057128906249986,DERIVED_FROM_YFINANCE_GC=F
2022-05-12,1885.5999755859373,1830.5999755859373,1829.0999755859373,32.42142159598216,DERIVED_FROM_YFINANCE_GC=F
2022-05-13,1864.699951171875,1820.0999755859373,1818.5999755859373,33.05713762555807,DERIVED_FROM_YFINANCE_GC=F
2022-05-16,1858.800048828125,1797.199951171875,1795.699951171875,32.107142857142875,DERIVED_FROM_YFINANCE_GC=F
2022-05-17,1858.800048828125,1785.0,1783.5,33.87857491629466,DERIVED_FROM_YFINANCE_GC=F
2022-05-18,1834.800048828125,1785.0,1783.5,33.68572126116073,DERIVED_FROM_YFINANCE_GC=F
2022-05-19,1834.800048828125,1785.0,1783.5,33.04286411830359,DERIVED_FROM_YFINANCE_GC=F
2022-05-20,1848.199951171875,1805.0,1803.5,33.742858886718764,DERIVED_FROM_YFINANCE_GC=F
2022-05-23,1848.199951171875,1805.0,1803.5,30.80715506417414,DERIVED_FROM_YFINANCE_GC=F
2022-05-24,1864.300048828125,1808.4000244140625,1806.9000244140625,30.342869349888442,DERIVED_FROM_YFINANCE_GC=F
2022-05-25,1869.0999755859373,1830.5999755859373,1829.0999755859373,29.671439034598247,DERIVED_FROM_YFINANCE_GC=F
2022-05-26,1869.0999755859373,1838.699951171875,1837.199951171875,28.678588867187532,DERIVED_FROM_YFINANCE_GC=F
2022-05-27,1869.0999755859373,1836.300048828125,1834.800048828125,27.78573172433039,DERIVED_FROM_YFINANCE_GC=F
2022-05-31,1866.699951171875,1836.300048828125,1834.800048828125,26.371442522321477,DERIVED_FROM_YFINANCE_GC=F
2022-06-01,1862.0999755859373,1832.800048828125,1831.300048828125,26.30715506417414,DERIVED_FROM_YFINANCE_GC=F
2022-06-02,1862.0999755859373,1830.199951171875,1828.699951171875,25.992867606026802,DERIVED_FROM_YFINANCE_GC=F
2022-06-03,1874.4000244140625,1830.199951171875,1828.699951171875,25.221435546875,DERIVED_FROM_YFINANCE_GC=F
2022-06-06,1878.5999755859373,1830.199951171875,1828.699951171875,25.114292689732142,DERIVED_FROM_YFINANCE_GC=F
2022-06-07,1878.5999755859373,1843.0,1841.5,23.4857177734375,DERIVED_FROM_YFINANCE_GC=F
2022-06-08,1878.5999755859373,1838.5,1837.0,23.192853655133927,DERIVED_FROM_YFINANCE_GC=F
2022-06-09,1862.4000244140625,1838.5,1837.0,23.042855398995552,DERIVED_FROM_YFINANCE_GC=F
2022-06-10,1862.4000244140625,1838.5,1837.0,21.335719517299122,DERIVED_FROM_YFINANCE_GC=F
2022-06-13,1879.5999755859373,1826.5,1825.0,23.899998256138378,DERIVED_FROM_YFINANCE_GC=F
2022-06-14,1882.5,1819.0,1817.5,26.849993024553537,DERIVED_FROM_YFINANCE_GC=F
2022-06-15,1882.5,1806.0999755859373,1804.5999755859373,27.257141113281232,DERIVED_FROM_YFINANCE_GC=F
2022-06-16,1882.5,1806.0999755859373,1804.5999755859373,27.899998256138378,DERIVED_FROM_YFINANCE_GC=F
2022-06-17,1860.199951171875,1806.0999755859373,1804.5999755859373,29.857134137834805,DERIVED_FROM_YFINANCE_GC=F
2022-06-21,1861.5,1808.4000244140625,1806.9000244140625,30.614283970424108,DERIVED_FROM_YFINANCE_GC=F
2022-06-22,1861.5,1816.300048828125,1814.800048828125,29.785723005022337,DERIVED_FROM_YFINANCE_GC=F
2022-06-23,1861.5,1824.5,1823.0,30.000008719308052,DERIVED_FROM_YFINANCE_GC=F
2022-06-24,1850.300048828125,1823.5,1822.0,29.821437290736622,DERIVED_FROM_YFINANCE_GC=F
2022-06-27,1850.300048828125,1817.699951171875,1816.199951171875,28.900006975446463,DERIVED_FROM_YFINANCE_GC=F
2022-06-28,1848.9000244140625,1817.699951171875,1816.199951171875,29.100010463169674,DERIVED_FROM_YFINANCE_GC=F
2022-06-29,1842.800048828125,1817.699951171875,1816.199951171875,28.535731724330407,DERIVED_FROM_YFINANCE_GC=F
2022-06-30,1842.800048828125,1810.699951171875,1809.199951171875,29.135733468191997,DERIVED_FROM_YFINANCE_GC=F
2022-07-01,1834.9000244140625,1802.5,1801.0,29.735735212053605,DERIVED_FROM_YFINANCE_GC=F
2022-07-05,1834.9000244140625,1783.4000244140625,1781.9000244140625,28.100019182477713,DERIVED_FROM_YFINANCE_GC=F
2022-07-06,1826.800048828125,1763.0,1761.5,27.29287283761164,DERIVED_FROM_YFINANCE_GC=F
2022-07-07,1815.199951171875,1730.699951171875,1729.199951171875,28.264299665178587,DERIVED_FROM_YFINANCE_GC=F
2022-07-08,1815.199951171875,1730.699951171875,1729.199951171875,26.58572823660716,DERIVED_FROM_YFINANCE_GC=F
2022-07-11,1771.5,1726.0,1724.5,25.285731724330372,DERIVED_FROM_YFINANCE_GC=F
2022-07-12,1751.699951171875,1726.0,1724.5,24.471444266183035,DERIVED_FROM_YFINANCE_GC=F
2022-07-13,1751.699951171875,1721.5999755859375,1720.0999755859375,24.678580147879465,DERIVED_FROM_YFINANCE_GC=F
2022-07-14,1744.300048828125,1704.5,1703.0,25.678580147879465,DERIVED_FROM_YFINANCE_GC=F
2022-07-15,1744.300048828125,1695.0,1693.5,26.757149832589285,DERIVED_FROM_YFINANCE_GC=F
2022-07-18,1744.300048828125,1695.0,1693.5,26.871433803013392,DERIVED_FROM_YFINANCE_GC=F
2022-07-19,1734.800048828125,1695.0,1693.5,26.685721261160715,DERIVED_FROM_YFINANCE_GC=F
2022-07-20,1722.0,1696.5999755859375,1695.0999755859375,26.83571951729909,DERIVED_FROM_YFINANCE_GC=F
2022-07-21,1722.0,1690.0999755859375,1688.5999755859375,26.721426827566948,DERIVED_FROM_YFINANCE_GC=F
2022-07-22,1719.5,1678.4000244140625,1676.9000244140625,27.921421595982128,DERIVED_FROM_YFINANCE_GC=F
2022-07-25,1738.300048828125,1678.4000244140625,1676.9000244140625,27.664289202008927,DERIVED_FROM_YFINANCE_GC=F
2022-07-26,1738.300048828125,1678.4000244140625,1676.9000244140625,25.4857177734375,DERIVED_FROM_YFINANCE_GC=F
2022-07-27,1738.300048828125,1711.5,1710.0,23.635716029575892,DERIVED_FROM_YFINANCE_GC=F
2022-07-28,1739.5999755859375,1709.0999755859375,1707.5999755859375,24.850001743861608,DERIVED_FROM_YFINANCE_GC=F
2022-07-29,1755.0,1709.0999755859375,1707.5999755859375,25.578578404017858,DERIVED_FROM_YFINANCE_GC=F
2022-08-01,1765.699951171875,1709.0999755859375,1707.5999755859375,25.700003487723215,DERIVED_FROM_YFINANCE_GC=F
2022-08-02,1792.5,1732.0,1730.5,26.342860630580358,DERIVED_FROM_YFINANCE_GC=F
2022-08-03,1805.0,1750.0,1748.5,25.571428571428573,DERIVED_FROM_YFINANCE_GC=F
2022-08-04,1805.0,1770.0,1768.5,24.085710797991073,DERIVED_FROM_YFINANCE_GC=F
2022-08-05,1812.0,1770.0,1768.5,25.371425083705358,DERIVED_FROM_YFINANCE_GC=F
2022-08-08,1812.0,1770.0,1768.5,26.29999651227677,DERIVED_FROM_YFINANCE_GC=F
2022-08-09,1812.0,1779.4000244140625,1777.9000244140625,26.699994768415163,DERIVED_FROM_YFINANCE_GC=F
2022-08-10,1817.0,1780.199951171875,1778.699951171875,26.342851911272305,DERIVED_FROM_YFINANCE_GC=F
2022-08-11,1824.5999755859373,1786.9000244140625,1785.4000244140625,24.92856270926336,DERIVED_FROM_YFINANCE_GC=F
2022-08-12,1824.5999755859373,1798.5999755859375,1797.0999755859375,24.19284493582586,DERIVED_FROM_YFINANCE_GC=F
2022-08-15,1824.5999755859373,1798.5999755859375,1797.0999755859375,24.0357055664062,DERIVED_FROM_YFINANCE_GC=F
2022-08-16,1819.0999755859373,1787.5999755859375,1786.0999755859375,25.20713588169638,DERIVED_FROM_YFINANCE_GC=F
2022-08-17,1819.0999755859373,1785.4000244140625,1783.9000244140625,23.935703822544593,DERIVED_FROM_YFINANCE_GC=F
2022-08-18,1818.9000244140625,1773.9000244140625,1772.4000244140625,22.99284144810263,DERIVED_FROM_YFINANCE_GC=F
2022-08-19,1798.0,1768.800048828125,1767.300048828125,23.121416364397273,DERIVED_FROM_YFINANCE_GC=F
2022-08-22,1796.5999755859375,1759.0999755859375,1757.5999755859375,22.0214233398437,DERIVED_FROM_YFINANCE_GC=F
2022-08-23,1786.300048828125,1740.199951171875,1738.699951171875,21.571428571428523,DERIVED_FROM_YFINANCE_GC=F
2022-08-24,1773.300048828125,1740.199951171875,1738.699951171875,21.90714808872763,DERIVED_FROM_YFINANCE_GC=F
2022-08-25,1769.5,1740.199951171875,1738.699951171875,20.41428920200888,DERIVED_FROM_YFINANCE_GC=F
2022-08-26,1778.800048828125,1743.0999755859375,1741.5999755859375,19.407148088727645,DERIVED_FROM_YFINANCE_GC=F
2022-08-29,1778.800048828125,1746.199951171875,1744.699951171875,19.878583635602645,DERIVED_FROM_YFINANCE_GC=F
2022-08-30,1778.800048828125,1731.4000244140625,1729.9000244140625,20.514299665178537,DERIVED_FROM_YFINANCE_GC=F
2022-08-31,1772.300048828125,1731.4000244140625,1729.9000244140625,20.414306640624982,DERIVED_FROM_YFINANCE_GC=F
2022-09-01,1757.9000244140625,1720.5999755859375,1719.0999755859375,20.492876325334805,DERIVED_FROM_YFINANCE_GC=F
2022-09-02,1752.800048828125,1699.0999755859375,1697.5999755859375,21.035731724330358,DERIVED_FROM_YFINANCE_GC=F
2022-09-06,1738.0,1699.0999755859375,1697.5999755859375,20.485726492745535,DERIVED_FROM_YFINANCE_GC=F
2022-09-07,1737.4000244140625,1699.0999755859375,1697.5999755859375,21.492876325334823,DERIVED_FROM_YFINANCE_GC=F
2022-09-08,1737.4000244140625,1701.699951171875,1700.199951171875,21.978594098772323,DERIVED_FROM_YFINANCE_GC=F
2022-09-09,1739.4000244140625,1701.699951171875,1700.199951171875,22.564313616071427,DERIVED_FROM_YFINANCE_GC=F
2022-09-12,1740.5,1701.699951171875,1700.199951171875,23.057163783482142,DERIVED_FROM_YFINANCE_GC=F
2022-09-13,1746.4000244140625,1713.699951171875,1712.199951171875,23.157156808035715,DERIVED_FROM_YFINANCE_GC=F
2022-09-14,1746.4000244140625,1706.699951171875,1705.199951171875,24.000017438616073,DERIVED_FROM_YFINANCE_GC=F
2022-09-15,1746.4000244140625,1703.300048828125,1701.800048828125,23.957162039620535,DERIVED_FROM_YFINANCE_GC=F
2022-09-16,1742.9000244140625,1668.9000244140625,1667.4000244140625,25.592869349888392,DERIVED_FROM_YFINANCE_GC=F
2022-09-19,1717.300048828125,1661.9000244140625,1660.4000244140625,25.72857666015625,DERIVED_FROM_YFINANCE_GC=F
2022-09-20,1707.800048828125,1661.9000244140625,1660.4000244140625,25.350010463169642,DERIVED_FROM_YFINANCE_GC=F
2022-09-21,1689.9000244140625,1661.9000244140625,1660.4000244140625,25.407156808035715,DERIVED_FROM_YFINANCE_GC=F
2022-09-22,1696.9000244140625,1661.300048828125,1659.800048828125,26.7071533203125,DERIVED_FROM_YFINANCE_GC=F
2022-09-23,1696.9000244140625,1661.300048828125,1659.800048828125,26.928580147879465,DERIVED_FROM_YFINANCE_GC=F
2022-09-26,1696.9000244140625,1646.5999755859375,1645.0999755859375,27.985726492745535,DERIVED_FROM_YFINANCE_GC=F
2022-09-27,1693.5,1627.699951171875,1626.199951171875,28.178580147879465,DERIVED_FROM_YFINANCE_GC=F
2022-09-28,1685.0,1627.699951171875,1626.199951171875,27.600010463169642,DERIVED_FROM_YFINANCE_GC=F
2022-09-29,1671.5999755859375,1622.199951171875,1620.699951171875,29.292864118303573,DERIVED_FROM_YFINANCE_GC=F
2022-09-30,1673.0999755859375,1622.199951171875,1620.699951171875,29.4857177734375,DERIVED_FROM_YFINANCE_GC=F
2022-10-03,1684.4000244140625,1622.199951171875,1620.699951171875,28.971435546875,DERIVED_FROM_YFINANCE_GC=F
2022-10-04,1710.4000244140625,1649.300048828125,1647.800048828125,29.521432059151785,DERIVED_FROM_YFINANCE_GC=F
2022-10-05,1738.699951171875,1666.5,1665.0,31.135716029575892,DERIVED_FROM_YFINANCE_GC=F
2022-10-06,1738.699951171875,1666.5,1665.0,30.25,DERIVED_FROM_YFINANCE_GC=F
2022-10-07,1738.699951171875,1704.0,1702.5,29.635707310267858,DERIVED_FROM_YFINANCE_GC=F
2022-10-10,1736.5999755859375,1698.4000244140625,1696.9000244140625,29.864275251116073,DERIVED_FROM_YFINANCE_GC=F
2022-10-11,1734.199951171875,1672.5,1671.0,31.014273507254465,DERIVED_FROM_YFINANCE_GC=F
2022-10-12,1722.800048828125,1667.5,1666.0,30.171421595982142,DERIVED_FROM_YFINANCE_GC=F
2022-10-13,1707.4000244140625,1667.5,1666.0,29.299996512276785,DERIVED_FROM_YFINANCE_GC=F
2022-10-14,1691.300048828125,1648.300048828125,1646.800048828125,29.457135881696427,DERIVED_FROM_YFINANCE_GC=F
2022-10-17,1688.9000244140625,1645.5999755859375,1644.0999755859375,29.649998256138392,DERIVED_FROM_YFINANCE_GC=F
2022-10-18,1688.9000244140625,1645.5999755859375,1644.0999755859375,29.935712541852677,DERIVED_FROM_YFINANCE_GC=F
2022-10-19,1677.800048828125,1645.5999755859375,1644.0999755859375,27.50714111328125,DERIVED_FROM_YFINANCE_GC=F
2022-10-20,1674.300048828125,1632.199951171875,1630.699951171875,27.778581891741073,DERIVED_FROM_YFINANCE_GC=F
2022-10-21,1666.0,1626.300048828125,1624.800048828125,28.285723005022323,DERIVED_FROM_YFINANCE_GC=F
2022-10-24,1663.0999755859375,1621.0999755859375,1619.5999755859375,28.150006975446427,DERIVED_FROM_YFINANCE_GC=F
2022-10-25,1675.5,1621.0999755859375,1619.5999755859375,27.492867606026785,DERIVED_FROM_YFINANCE_GC=F
2022-10-26,1675.5,1621.0999755859375,1619.5999755859375,27.335736955915177,DERIVED_FROM_YFINANCE_GC=F
2022-10-27,1679.4000244140625,1641.199951171875,1639.699951171875,27.778599330357142,DERIVED_FROM_YFINANCE_GC=F
2022-10-28,1679.4000244140625,1641.199951171875,1639.699951171875,27.200029645647323,DERIVED_FROM_YFINANCE_GC=F
2022-10-31,1679.4000244140625,1640.699951171875,1639.199951171875,26.728602818080358,DERIVED_FROM_YFINANCE_GC=F
2022-11-01,1674.800048828125,1634.5,1633.0,26.028599330357142,DERIVED_FROM_YFINANCE_GC=F
2022-11-02,1670.9000244140625,1633.5999755859375,1632.0999755859375,26.650033133370535,DERIVED_FROM_YFINANCE_GC=F
2022-11-03,1673.0999755859375,1633.5999755859375,1632.0999755859375,26.300031389508927,DERIVED_FROM_YFINANCE_GC=F
2022-11-04,1673.0999755859375,1618.300048828125,1616.800048828125,26.264308384486608,DERIVED_FROM_YFINANCE_GC=F
2022-11-07,1686.4000244140625,1618.300048828125,1616.800048828125,28.414306640625,DERIVED_FROM_YFINANCE_GC=F
2022-11-08,1686.4000244140625,1618.300048828125,1616.800048828125,28.4285888671875,DERIVED_FROM_YFINANCE_GC=F
2022-11-09,1720.4000244140625,1631.0999755859375,1629.5999755859375,30.264299665178573,DERIVED_FROM_YFINANCE_GC=F
2022-11-10,1725.800048828125,1667.0999755859375,1665.5999755859375,30.028590611049108,DERIVED_FROM_YFINANCE_GC=F
2022-11-11,1760.5999755859375,1667.0999755859375,1665.5999755859375,30.964303152901785,DERIVED_FROM_YFINANCE_GC=F
2022-11-14,1775.5999755859375,1705.0999755859375,1703.5999755859375,30.807155064174108,DERIVED_FROM_YFINANCE_GC=F
2022-11-15,1778.4000244140625,1705.5,1704.0,30.592860630580358,DERIVED_FROM_YFINANCE_GC=F
2022-11-16,1791.800048828125,1750.300048828125,1748.800048828125,30.307155064174108,DERIVED_FROM_YFINANCE_GC=F
2022-11-17,1791.800048828125,1755.800048828125,1754.300048828125,30.200003487723215,DERIVED_FROM_YFINANCE_GC=F
2022-11-18,1791.800048828125,1756.5999755859375,1755.0999755859375,29.542855398995535,DERIVED_FROM_YFINANCE_GC=F
2022-11-21,1788.199951171875,1749.199951171875,1747.699951171875,30.021432059151785,DERIVED_FROM_YFINANCE_GC=F
2022-11-22,1777.5999755859375,1733.9000244140625,1732.4000244140625,29.621425083705358,DERIVED_FROM_YFINANCE_GC=F
2022-11-23,1769.9000244140625,1733.9000244140625,1732.4000244140625,28.028573172433035,DERIVED_FROM_YFINANCE_GC=F
2022-11-25,1755.0,1719.0,1717.5,28.328578404017858,DERIVED_FROM_YFINANCE_GC=F
2022-11-28,1761.199951171875,1719.0,1717.5,25.47857666015625,DERIVED_FROM_YFINANCE_GC=F
2022-11-29,1763.5,1719.0,1717.5,26.171439034598215,DERIVED_FROM_YFINANCE_GC=F
2022-11-30,1763.5,1737.9000244140625,1736.4000244140625,23.814287458147323,DERIVED_FROM_YFINANCE_GC=F
2022-12-01,1769.4000244140625,1737.9000244140625,1736.4000244140625,24.071428571428573,DERIVED_FROM_YFINANCE_GC=F
2022-12-02,1818.4000244140625,1737.9000244140625,1736.4000244140625,25.307146344866073,DERIVED_FROM_YFINANCE_GC=F
2022-12-05,1818.699951171875,1745.0999755859375,1743.5999755859375,25.421430315290177,DERIVED_FROM_YFINANCE_GC=F
2022-12-06,1822.9000244140625,1778.0999755859375,1776.5999755859375,27.007149832589285,DERIVED_FROM_YFINANCE_GC=F
2022-12-07,1822.9000244140625,1778.0999755859375,1776.5999755859375,26.471426827566965,DERIVED_FROM_YFINANCE_GC=F
2022-12-08,1822.9000244140625,1778.0999755859375,1776.5999755859375,27.035714285714285,DERIVED_FROM_YFINANCE_GC=F
2022-12-09,1806.9000244140625,1779.0999755859375,1777.5999755859375,26.514290945870535,DERIVED_FROM_YFINANCE_GC=F
2022-12-12,1819.0,1780.5,1779.0,26.385716029575892,DERIVED_FROM_YFINANCE_GC=F
2022-12-13,1819.0,1789.0,1787.5,26.428571428571427,DERIVED_FROM_YFINANCE_GC=F
2022-12-14,1836.9000244140625,1789.0,1787.5,28.692853655133927,DERIVED_FROM_YFINANCE_GC=F
2022-12-15,1836.9000244140625,1789.0,1787.5,27.50714111328125,DERIVED_FROM_YFINANCE_GC=F
2022-12-16,1836.9000244140625,1782.0,1780.5,29.085710797991073,DERIVED_FROM_YFINANCE_GC=F
2022-12-19,1825.4000244140625,1782.0,1780.5,28.728559221540177,DERIVED_FROM_YFINANCE_GC=F
2022-12-20,1819.699951171875,1782.0,1780.5,28.37856619698659,DERIVED_FROM_YFINANCE_GC=F
2022-12-21,1832.4000244140625,1783.9000244140625,1782.4000244140625,29.407139369419628,DERIVED_FROM_YFINANCE_GC=F
2022-12-22,1833.800048828125,1793.199951171875,1791.699951171875,25.12856619698659,DERIVED_FROM_YFINANCE_GC=F
2022-12-23,1833.800048828125,1792.699951171875,1791.199951171875,25.82143729073659,DERIVED_FROM_YFINANCE_GC=F
2022-12-27,1833.800048828125,1792.699951171875,1791.199951171875,23.828569684709805,DERIVED_FROM_YFINANCE_GC=F
2022-12-28,1841.9000244140625,1792.699951171875,1791.199951171875,25.51429094587052,DERIVED_FROM_YFINANCE_GC=F
2022-12-29,1841.9000244140625,1798.9000244140625,1797.4000244140625,25.242867606026753,DERIVED_FROM_YFINANCE_GC=F
2022-12-30,1841.9000244140625,1804.199951171875,1802.699951171875,25.414297921316933,DERIVED_FROM_YFINANCE_GC=F
2023-01-03,1832.4000244140625,1804.199951171875,1802.699951171875,24.964294433593718,DERIVED_FROM_YFINANCE_GC=F
2023-01-04,1856.5999755859373,1811.199951171875,1809.699951171875,25.585728236607093,DERIVED_FROM_YFINANCE_GC=F
2023-01-05,1871.300048828125,1819.800048828125,1818.300048828125,24.45716203962049,DERIVED_FROM_YFINANCE_GC=F
2023-01-06,1871.300048828125,1829.9000244140625,1828.4000244140625,25.535731724330308,DERIVED_FROM_YFINANCE_GC=F
2023-01-09,1875.199951171875,1829.9000244140625,1828.4000244140625,25.70002092633924,DERIVED_FROM_YFINANCE_GC=F
2023-01-10,1886.4000244140625,1829.9000244140625,1828.4000244140625,25.471452985491023,DERIVED_FROM_YFINANCE_GC=F
2023-01-11,1886.4000244140625,1835.199951171875,1833.699951171875,25.31430489676336,DERIVED_FROM_YFINANCE_GC=F
2023-01-12,1890.9000244140625,1869.300048828125,1867.800048828125,23.978585379464253,DERIVED_FROM_YFINANCE_GC=F
2023-01-13,1906.5,1870.9000244140625,1869.4000244140625,25.521440778459787,DERIVED_FROM_YFINANCE_GC=F
2023-01-17,1925.300048828125,1870.9000244140625,1869.4000244140625,25.06429617745534,DERIVED_FROM_YFINANCE_GC=F
2023-01-18,1931.800048828125,1872.4000244140625,1870.9000244140625,25.68573869977677,DERIVED_FROM_YFINANCE_GC=F
2023-01-19,1931.800048828125,1895.0999755859373,1893.5999755859373,25.221452985491073,DERIVED_FROM_YFINANCE_GC=F
2023-01-20,1936.9000244140625,1898.5999755859373,1897.0999755859373,26.36431012834823,DERIVED_FROM_YFINANCE_GC=F
2023-01-23,1939.0,1898.5999755859373,1897.0999755859373,26.428588867187518,DERIVED_FROM_YFINANCE_GC=F
2023-01-24,1939.0,1902.0,1900.5,27.257158551897337,DERIVED_FROM_YFINANCE_GC=F
2023-01-25,1943.800048828125,1912.5,1911.0,26.914306640625032,DERIVED_FROM_YFINANCE_GC=F
2023-01-26,1949.5,1912.5,1911.0,26.88573346819201,DERIVED_FROM_YFINANCE_GC=F
2023-01-27,1949.800048828125,1918.199951171875,1916.699951171875,26.6714477539063,DERIVED_FROM_YFINANCE_GC=F
2023-01-30,1949.800048828125,1916.5,1915.0,25.16430664062505,DERIVED_FROM_YFINANCE_GC=F
2023-01-31,1949.800048828125,1916.5,1915.0,24.892874581473247,DERIVED_FROM_YFINANCE_GC=F
2023-02-01,1935.4000244140625,1900.5999755859373,1899.0999755859373,26.078595842633977,DERIVED_FROM_YFINANCE_GC=F
2023-02-02,1970.800048828125,1900.5999755859373,1899.0999755859373,27.60002790178576,DERIVED_FROM_YFINANCE_GC=F
2023-02-03,1975.199951171875,1900.5999755859373,1899.0999755859373,28.707170758928637,DERIVED_FROM_YFINANCE_GC=F
2023-02-06,1975.199951171875,1874.5,1873.0,30.685738699776834,DERIVED_FROM_YFINANCE_GC=F
2023-02-07,1975.199951171875,1873.199951171875,1871.699951171875,30.342878069196477,DERIVED_FROM_YFINANCE_GC=F
2023-02-08,1932.4000244140625,1873.199951171875,1871.699951171875,29.521440778459855,DERIVED_FROM_YFINANCE_GC=F
2023-02-09,1898.9000244140625,1873.199951171875,1871.699951171875,28.278581891741105,DERIVED_FROM_YFINANCE_GC=F
2023-02-10,1902.300048828125,1870.199951171875,1868.699951171875,29.357160295758963,DERIVED_FROM_YFINANCE_GC=F
2023-02-13,1902.300048828125,1863.5,1862.0,29.057163783482174,DERIVED_FROM_YFINANCE_GC=F
2023-02-14,1902.300048828125,1860.800048828125,1859.300048828125,28.400006975446463,DERIVED_FROM_YFINANCE_GC=F
2023-02-15,1883.5,1852.5,1851.0,28.414289202008927,DERIVED_FROM_YFINANCE_GC=F
2023-02-16,1881.5999755859373,1839.300048828125,1837.800048828125,28.428571428571427,DERIVED_FROM_YFINANCE_GC=F
2023-02-17,1881.5999755859373,1836.5999755859373,1835.0999755859373,28.38571602957591,DERIVED_FROM_YFINANCE_GC=F
2023-02-21,1870.9000244140625,1827.699951171875,1826.199951171875,29.250008719308052,DERIVED_FROM_YFINANCE_GC=F
2023-02-22,1856.4000244140625,1827.699951171875,1826.199951171875,28.364292689732142,DERIVED_FROM_YFINANCE_GC=F
2023-02-23,1856.4000244140625,1827.699951171875,1826.199951171875,27.064287458147323,DERIVED_FROM_YFINANCE_GC=F
2023-02-24,1856.4000244140625,1824.800048828125,1823.300048828125,24.714285714285698,DERIVED_FROM_YFINANCE_GC=F
2023-02-27,1855.0,1815.5,1814.0,21.978567940848183,DERIVED_FROM_YFINANCE_GC=F
2023-02-28,1841.199951171875,1812.0,1810.5,21.585710797991037,DERIVED_FROM_YFINANCE_GC=F
2023-03-01,1838.5999755859373,1810.800048828125,1809.300048828125,22.164280482700843,DERIVED_FROM_YFINANCE_GC=F
2023-03-02,1852.5,1810.800048828125,1809.300048828125,22.549996512276753,DERIVED_FROM_YFINANCE_GC=F
2023-03-03,1852.5,1810.800048828125,1809.300048828125,20.93570382254461,DERIVED_FROM_YFINANCE_GC=F
2023-03-06,1864.4000244140625,1829.5999755859373,1828.0999755859373,21.214276994977645,DERIVED_FROM_YFINANCE_GC=F
2023-03-07,1864.4000244140625,1835.9000244140625,1834.4000244140625,21.02143205915177,DERIVED_FROM_YFINANCE_GC=F
2023-03-08,1864.4000244140625,1817.0999755859373,1815.5999755859373,21.785723005022337,DERIVED_FROM_YFINANCE_GC=F
2023-03-09,1864.300048828125,1813.4000244140625,1811.9000244140625,20.62143380301341,DERIVED_FROM_YFINANCE_GC=F
2023-03-10,1856.9000244140625,1813.4000244140625,1811.9000244140625,21.028573172433035,DERIVED_FROM_YFINANCE_GC=F
2023-03-13,1874.300048828125,1813.4000244140625,1811.9000244140625,22.37857491629466,DERIVED_FROM_YFINANCE_GC=F
2023-03-14,1919.5,1815.4000244140625,1813.9000244140625,24.87143380301341,DERIVED_FROM_YFINANCE_GC=F
2023-03-15,1919.5,1830.0,1828.5,24.62143380301341,DERIVED_FROM_YFINANCE_GC=F
2023-03-16,1942.5,1875.699951171875,1874.199951171875,27.214294433593768,DERIVED_FROM_YFINANCE_GC=F
2023-03-17,1942.5,1889.5,1888.0,27.707153320312532,DERIVED_FROM_YFINANCE_GC=F
2023-03-20,1993.699951171875,1889.5,1888.0,31.714285714285747,DERIVED_FROM_YFINANCE_GC=F
2023-03-21,2014.9000244140625,1911.5,1910.0,32.935721261160765,DERIVED_FROM_YFINANCE_GC=F
2023-03-22,2014.9000244140625,1922.300048828125,1920.800048828125,34.87857491629469,DERIVED_FROM_YFINANCE_GC=F
2023-03-23,2014.9000244140625,1936.5,1935.0,37.47143554687505,DERIVED_FROM_YFINANCE_GC=F
2023-03-24,2006.0999755859373,1936.5,1935.0,39.80000523158487,DERIVED_FROM_YFINANCE_GC=F
2023-03-27,2006.5,1936.5,1935.0,40.878574916294674,DERIVED_FROM_YFINANCE_GC=F
2023-03-28,2006.5,1945.0,1943.5,40.82142857142859,DERIVED_FROM_YFINANCE_GC=F
2023-03-29,2006.5,1945.0,1943.5,41.67143031529018,DERIVED_FROM_YFINANCE_GC=F
2023-03-30,1984.0,1945.0,1943.5,41.135716029575896,DERIVED_FROM_YFINANCE_GC=F
2023-03-31,1984.4000244140625,1949.9000244140625,1948.4000244140625,40.07856968470982,DERIVED_FROM_YFINANCE_GC=F
2023-04-03,1986.800048828125,1954.9000244140625,1953.4000244140625,37.68571254185268,DERIVED_FROM_YFINANCE_GC=F
2023-04-04,2008.0,1954.9000244140625,1953.4000244140625,39.292855398995535,DERIVED_FROM_YFINANCE_GC=F
2023-04-05,2043.4000244140625,1965.9000244140625,1964.4000244140625,39.035714285714285,DERIVED_FROM_YFINANCE_GC=F
2023-04-06,2049.199951171875,1965.9000244140625,1964.4000244140625,38.79285539899555,DERIVED_FROM_YFINANCE_GC=F
2023-04-10,2049.199951171875,1994.0,1992.5,35.20714460100448,DERIVED_FROM_YFINANCE_GC=F
2023-04-11,2049.199951171875,1996.5,1995.0,34.13571602957591,DERIVED_FROM_YFINANCE_GC=F
2023-04-12,2037.699951171875,1996.5,1995.0,31.900006975446427,DERIVED_FROM_YFINANCE_GC=F
2023-04-13,2043.9000244140625,1996.5,1995.0,30.642865862165177,DERIVED_FROM_YFINANCE_GC=F
2023-04-14,2063.39990234375,2003.699951171875,2002.199951171875,29.357142857142858,DERIVED_FROM_YFINANCE_GC=F
2023-04-17,2063.39990234375,2006.0,2004.5,31.271432059151785,DERIVED_FROM_YFINANCE_GC=F
2023-04-18,2063.39990234375,1993.4000244140625,1991.9000244140625,30.957144601004465,DERIVED_FROM_YFINANCE_GC=F
2023-04-19,2061.60009765625,1993.4000244140625,1991.9000244140625,30.535714285714285,DERIVED_FROM_YFINANCE_GC=F
2023-04-20,2028.0,1980.9000244140625,1979.4000244140625,32.17143031529018,DERIVED_FROM_YFINANCE_GC=F
2023-04-21,2024.5999755859373,1980.9000244140625,1979.4000244140625,31.635716029575892,DERIVED_FROM_YFINANCE_GC=F
2023-04-24,2024.199951171875,1980.9000244140625,1979.4000244140625,32.921421595982125,DERIVED_FROM_YFINANCE_GC=F
2023-04-25,2024.199951171875,1982.300048828125,1980.800048828125,31.13570731026784,DERIVED_FROM_YFINANCE_GC=F
2023-04-26,2016.800048828125,1982.300048828125,1980.800048828125,29.62856619698659,DERIVED_FROM_YFINANCE_GC=F
2023-04-27,2020.199951171875,1984.4000244140625,1982.9000244140625,29.871425083705326,DERIVED_FROM_YFINANCE_GC=F
2023-04-28,2020.199951171875,1982.0,1980.5,30.592860630580326,DERIVED_FROM_YFINANCE_GC=F
2023-05-01,2020.199951171875,1982.0,1980.5,29.864283970424058,DERIVED_FROM_YFINANCE_GC=F
2023-05-02,2015.4000244140625,1982.0,1980.5,30.642857142857093,DERIVED_FROM_YFINANCE_GC=F
2023-05-03,2028.800048828125,1984.4000244140625,1982.9000244140625,31.621425083705308,DERIVED_FROM_YFINANCE_GC=F
2023-05-04,2050.0,1985.699951171875,1984.199951171875,31.300005231584773,DERIVED_FROM_YFINANCE_GC=F
2023-05-05,2085.39990234375,1986.9000244140625,1985.4000244140625,30.7857055664062,DERIVED_FROM_YFINANCE_GC=F
2023-05-08,2085.39990234375,2007.0,2005.5,32.19285365513388,DERIVED_FROM_YFINANCE_GC=F
2023-05-09,2085.39990234375,2007.0,2005.5,31.74999999999995,DERIVED_FROM_YFINANCE_GC=F
2023-05-10,2061.300048828125,2007.0,2005.5,30.271423339843686,DERIVED_FROM_YFINANCE_GC=F
2023-05-11,2056.0,2022.0,2020.5,30.67856270926333,DERIVED_FROM_YFINANCE_GC=F
2023-05-12,2056.0,2016.699951171875,2015.199951171875,30.257141113281186,DERIVED_FROM_YFINANCE_GC=F
2023-05-15,2056.0,2005.699951171875,2004.199951171875,30.61429268973208,DERIVED_FROM_YFINANCE_GC=F
2023-05-16,2047.5999755859373,2005.699951171875,2004.199951171875,29.75714983258922,DERIVED_FROM_YFINANCE_GC=F
2023-05-17,2027.800048828125,1989.0999755859373,1987.5999755859373,30.26429094587049,DERIVED_FROM_YFINANCE_GC=F
2023-05-18,2027.5,1978.0999755859373,1976.5999755859373,29.37857491629461,DERIVED_FROM_YFINANCE_GC=F
2023-05-19,2022.699951171875,1954.4000244140625,1952.9000244140625,30.428580147879448,DERIVED_FROM_YFINANCE_GC=F
2023-05-22,1997.0,1954.4000244140625,1952.9000244140625,30.52857317243302,DERIVED_FROM_YFINANCE_GC=F
2023-05-23,1988.800048828125,1954.4000244140625,1952.9000244140625,28.542864118303555,DERIVED_FROM_YFINANCE_GC=F
2023-05-24,1987.4000244140625,1955.800048828125,1954.300048828125,27.84286063058034,DERIVED_FROM_YFINANCE_GC=F
2023-05-25,1987.9000244140625,1955.800048828125,1954.300048828125,26.49286760602677,DERIVED_FROM_YFINANCE_GC=F
2023-05-26,1987.9000244140625,1939.0,1937.5,24.50000871930802,DERIVED_FROM_YFINANCE_GC=F
2023-05-30,1987.9000244140625,1936.0,1934.5,24.928580147879448,DERIVED_FROM_YFINANCE_GC=F
2023-05-31,1965.4000244140625,1931.0,1929.5,25.850010463169628,DERIVED_FROM_YFINANCE_GC=F
2023-06-01,1973.0,1931.0,1929.5,25.30001395089284,DERIVED_FROM_YFINANCE_GC=F
2023-06-02,2000.699951171875,1931.0,1929.5,25.721435546875,DERIVED_FROM_YFINANCE_GC=F
2023-06-05,2000.699951171875,1953.0,1951.5,26.771432059151785,DERIVED_FROM_YFINANCE_GC=F
2023-06-06,2000.699951171875,1953.800048828125,1952.300048828125,27.50714111328125,DERIVED_FROM_YFINANCE_GC=F
2023-06-07,2000.5,1953.800048828125,1952.300048828125,26.007141113281232,DERIVED_FROM_YFINANCE_GC=F
2023-06-08,1986.5,1953.800048828125,1952.300048828125,26.878566196986576,DERIVED_FROM_YFINANCE_GC=F
2023-06-09,1986.5,1955.199951171875,1953.699951171875,26.599993024553537,DERIVED_FROM_YFINANCE_GC=F
2023-06-12,1987.800048828125,1955.199951171875,1953.699951171875,25.578569684709787,DERIVED_FROM_YFINANCE_GC=F
2023-06-13,1987.800048828125,1955.199951171875,1953.699951171875,25.87856619698659,DERIVED_FROM_YFINANCE_GC=F
2023-06-14,1987.800048828125,1953.0,1951.5,26.499999999999982,DERIVED_FROM_YFINANCE_GC=F
2023-06-15,1985.9000244140625,1952.5,1951.0,25.921430315290163,DERIVED_FROM_YFINANCE_GC=F
2023-06-16,1985.9000244140625,1936.0999755859373,1934.5999755859373,26.657148088727677,DERIVED_FROM_YFINANCE_GC=F
2023-06-20,1980.4000244140625,1936.0999755859373,1934.5999755859373,26.221435546875018,DERIVED_FROM_YFINANCE_GC=F
2023-06-21,1980.4000244140625,1936.0999755859373,1934.5999755859373,26.178580147879497,DERIVED_FROM_YFINANCE_GC=F
2023-06-22,1980.4000244140625,1929.300048828125,1927.800048828125,26.257149832589317,DERIVED_FROM_YFINANCE_GC=F
2023-06-23,1971.800048828125,1922.0,1920.5,25.278581891741087,DERIVED_FROM_YFINANCE_GC=F
2023-06-26,1950.4000244140625,1919.5,1918.0,24.757149832589302,DERIVED_FROM_YFINANCE_GC=F
2023-06-27,1949.0,1919.5,1918.0,23.842869349888424,DERIVED_FROM_YFINANCE_GC=F
2023-06-28,1949.0,1919.5,1918.0,24.407156808035747,DERIVED_FROM_YFINANCE_GC=F
2023-06-29,1943.4000244140625,1911.4000244140625,1909.9000244140625,23.235726492745552,DERIVED_FROM_YFINANCE_GC=F
2023-06-30,1940.300048828125,1900.5999755859373,1899.0999755859373,22.600010463169674,DERIVED_FROM_YFINANCE_GC=F
2023-07-03,1930.800048828125,1900.5999755859373,1899.0999755859373,23.02144077845987,DERIVED_FROM_YFINANCE_GC=F
2023-07-05,1939.9000244140625,1900.5999755859373,1899.0999755859373,23.30001395089289,DERIVED_FROM_YFINANCE_GC=F
2023-07-06,1942.9000244140625,1908.0999755859373,1906.5999755859373,22.4357299804688,DERIVED_FROM_YFINANCE_GC=F
2023-07-07,1942.9000244140625,1908.5,1907.0,22.728585379464334,DERIVED_FROM_YFINANCE_GC=F
2023-07-10,1942.9000244140625,1908.5,1907.0,21.94286237444198,DERIVED_FROM_YFINANCE_GC=F
2023-07-11,1941.0999755859373,1908.5,1907.0,21.992858886718768,DERIVED_FROM_YFINANCE_GC=F
2023-07-12,1944.5,1915.4000244140625,1913.9000244140625,20.828569684709837,DERIVED_FROM_YFINANCE_GC=F
2023-07-13,1965.0999755859373,1918.0,1916.5,21.321428571428587,DERIVED_FROM_YFINANCE_GC=F
2023-07-14,1968.5,1929.800048828125,1928.300048828125,20.521432059151834,DERIVED_FROM_YFINANCE_GC=F
2023-07-17,1968.5,1937.5,1936.0,19.350010463169692,DERIVED_FROM_YFINANCE_GC=F
2023-07-18,1968.5,1949.0,1947.5,19.464294433593782,DERIVED_FROM_YFINANCE_GC=F
2023-07-19,1988.300048828125,1949.0,1947.5,20.278581891741105,DERIVED_FROM_YFINANCE_GC=F
2023-07-20,1988.300048828125,1949.0,1947.5,20.035723005022355,DERIVED_FROM_YFINANCE_GC=F
2023-07-21,1989.800048828125,1958.0999755859373,1956.5999755859373,20.07144601004466,DERIVED_FROM_YFINANCE_GC=F
2023-07-24,1989.800048828125,1958.800048828125,1957.300048828125,19.671439034598215,DERIVED_FROM_YFINANCE_GC=F
2023-07-25,1989.800048828125,1955.300048828125,1953.800048828125,19.121433803013392,DERIVED_FROM_YFINANCE_GC=F
2023-07-26,1975.9000244140625,1951.5999755859373,1950.0999755859373,18.742858886718732,DERIVED_FROM_YFINANCE_GC=F
2023-07-27,1979.9000244140625,1951.5999755859373,1950.0999755859373,18.114292689732128,DERIVED_FROM_YFINANCE_GC=F
2023-07-28,1982.5999755859373,1941.699951171875,1940.199951171875,19.200012207031232,DERIVED_FROM_YFINANCE_GC=F
2023-07-31,1982.5999755859373,1941.699951171875,1940.199951171875,19.364301409040163,DERIVED_FROM_YFINANCE_GC=F
2023-08-01,1982.5999755859373,1941.699951171875,1940.199951171875,19.857160295758895,DERIVED_FROM_YFINANCE_GC=F
2023-08-02,2004.4000244140625,1944.199951171875,1942.699951171875,20.278590611049076,DERIVED_FROM_YFINANCE_GC=F
2023-08-03,2004.4000244140625,1950.0,1948.5,21.07858712332586,DERIVED_FROM_YFINANCE_GC=F
2023-08-04,2004.4000244140625,1964.5,1963.0,20.892865862165145,DERIVED_FROM_YFINANCE_GC=F
2023-08-07,1992.199951171875,1954.5,1953.0,21.914289202008895,DERIVED_FROM_YFINANCE_GC=F
2023-08-08,1984.199951171875,1954.5,1953.0,20.749999999999982,DERIVED_FROM_YFINANCE_GC=F
2023-08-09,1984.199951171875,1954.5,1953.0,21.107151576450892,DERIVED_FROM_YFINANCE_GC=F
2023-08-10,1981.699951171875,1947.199951171875,1945.699951171875,20.878574916294628,DERIVED_FROM_YFINANCE_GC=F
2023-08-11,1972.800048828125,1944.4000244140625,1942.9000244140625,21.02143205915177,DERIVED_FROM_YFINANCE_GC=F
2023-08-14,1966.0999755859373,1942.699951171875,1941.199951171875,20.764290945870503,DERIVED_FROM_YFINANCE_GC=F
2023-08-15,1963.5,1934.199951171875,1932.699951171875,20.657148088727645,DERIVED_FROM_YFINANCE_GC=F
2023-08-16,1953.5999755859373,1927.5,1926.0,20.664289202008895,DERIVED_FROM_YFINANCE_GC=F
2023-08-17,1948.199951171875,1922.0,1920.5,18.899998256138378,DERIVED_FROM_YFINANCE_GC=F
2023-08-18,1944.300048828125,1914.199951171875,1912.699951171875,18.992858886718732,DERIVED_FROM_YFINANCE_GC=F
2023-08-21,1938.199951171875,1914.199951171875,1912.699951171875,18.221435546875,DERIVED_FROM_YFINANCE_GC=F
2023-08-22,1933.5,1913.5999755859373,1912.0999755859373,16.821437290736622,DERIVED_FROM_YFINANCE_GC=F
2023-08-23,1933.199951171875,1913.5999755859373,1912.0999755859373,16.292864118303573,DERIVED_FROM_YFINANCE_GC=F
2023-08-24,1949.699951171875,1913.5999755859373,1912.0999755859373,17.2357177734375,DERIVED_FROM_YFINANCE_GC=F
2023-08-25,1951.300048828125,1917.5,1916.0,15.978585379464286,DERIVED_FROM_YFINANCE_GC=F
2023-08-28,1951.300048828125,1926.199951171875,1924.699951171875,16.250017438616055,DERIVED_FROM_YFINANCE_GC=F
2023-08-29,1954.199951171875,1931.0,1929.5,16.107151576450878,DERIVED_FROM_YFINANCE_GC=F
2023-08-30,1966.5,1931.0,1929.5,16.528581891741073,DERIVED_FROM_YFINANCE_GC=F
2023-08-31,1977.0999755859373,1940.0999755859373,1938.5999755859373,16.185721261160698,DERIVED_FROM_YFINANCE_GC=F
2023-09-01,1977.0999755859373,1941.699951171875,1940.199951171875,16.078578404017858,DERIVED_FROM_YFINANCE_GC=F
2023-09-05,1980.199951171875,1960.699951171875,1959.199951171875,16.471435546875,DERIVED_FROM_YFINANCE_GC=F
2023-09-06,1980.199951171875,1950.5999755859373,1949.0999755859373,16.842860630580358,DERIVED_FROM_YFINANCE_GC=F
2023-09-07,1980.199951171875,1940.0,1938.5,16.721435546875,DERIVED_FROM_YFINANCE_GC=F
2023-09-08,1972.5999755859373,1940.0,1938.5,15.885716029575892,DERIVED_FROM_YFINANCE_GC=F
2023-09-11,1954.5,1940.0,1938.5,16.057137625558035,DERIVED_FROM_YFINANCE_GC=F
2023-09-12,1954.5999755859373,1939.5,1938.0,16.114275251116037,DERIVED_FROM_YFINANCE_GC=F
2023-09-13,1954.5999755859373,1929.9000244140625,1928.4000244140625,16.249991280691933,DERIVED_FROM_YFINANCE_GC=F
2023-09-14,1954.5999755859373,1927.199951171875,1925.699951171875,15.357142857142824,DERIVED_FROM_YFINANCE_GC=F
2023-09-15,1947.5,1921.699951171875,1920.199951171875,15.40713936941961,DERIVED_FROM_YFINANCE_GC=F
2023-09-18,1952.4000244140625,1921.699951171875,1920.199951171875,15.535714285714253,DERIVED_FROM_YFINANCE_GC=F
2023-09-19,1955.699951171875,1921.699951171875,1920.199951171875,15.364283970424074,DERIVED_FROM_YFINANCE_GC=F
2023-09-20,1958.9000244140625,1931.199951171875,1929.699951171875,14.16428048270086,DERIVED_FROM_YFINANCE_GC=F
2023-09-21,1968.9000244140625,1943.800048828125,1942.300048828125,14.592860630580358,DERIVED_FROM_YFINANCE_GC=F
2023-09-22,1968.9000244140625,1933.0999755859373,1931.5999755859373,16.350001743861608,DERIVED_FROM_YFINANCE_GC=F
2023-09-25,1968.9000244140625,1933.0999755859373,1931.5999755859373,15.635716029575892,DERIVED_FROM_YFINANCE_GC=F
2023-09-26,1952.199951171875,1933.0999755859373,1931.5999755859373,14.99285888671875,DERIVED_FROM_YFINANCE_GC=F
2023-09-27,1949.0999755859373,1917.199951171875,1915.699951171875,15.342860630580342,DERIVED_FROM_YFINANCE_GC=F
2023-09-28,1946.800048828125,1890.300048828125,1888.800048828125,17.04285539899552,DERIVED_FROM_YFINANCE_GC=F
2023-09-29,1935.5,1874.5,1873.0,17.692862374441948,DERIVED_FROM_YFINANCE_GC=F
2023-10-02,1921.699951171875,1862.300048828125,1860.800048828125,19.071428571428573,DERIVED_FROM_YFINANCE_GC=F
2023-10-03,1896.800048828125,1842.699951171875,1841.199951171875,19.485717773437482,DERIVED_FROM_YFINANCE_GC=F
2023-10-04,1896.699951171875,1830.9000244140625,1829.4000244140625,19.999999999999982,DERIVED_FROM_YFINANCE_GC=F
2023-10-05,1864.699951171875,1830.9000244140625,1829.4000244140625,20.171430315290177,DERIVED_FROM_YFINANCE_GC=F
2023-10-06,1849.300048828125,1826.199951171875,1824.699951171875,19.892857142857142,DERIVED_FROM_YFINANCE_GC=F
2023-10-09,1849.0,1823.5,1822.0,20.864292689732142,DERIVED_FROM_YFINANCE_GC=F
2023-10-10,1877.300048828125,1823.5,1822.0,22.585728236607142,DERIVED_FROM_YFINANCE_GC=F
2023-10-11,1879.0999755859373,1823.5,1822.0,22.192862374441933,DERIVED_FROM_YFINANCE_GC=F
2023-10-12,1890.9000244140625,1857.5,1856.0,21.135724748883895,DERIVED_FROM_YFINANCE_GC=F
2023-10-13,1898.300048828125,1866.0999755859373,1864.5999755859373,21.72144426618302,DERIVED_FROM_YFINANCE_GC=F
2023-10-16,1946.199951171875,1871.699951171875,1870.199951171875,25.414297921316948,DERIVED_FROM_YFINANCE_GC=F
2023-10-17,1946.199951171875,1880.5999755859373,1879.0999755859373,25.585728236607142,DERIVED_FROM_YFINANCE_GC=F
2023-10-18,1946.199951171875,1881.5,1880.0,24.764308384486622,DERIVED_FROM_YFINANCE_GC=F
2023-10-19,1975.800048828125,1921.199951171875,1919.699951171875,26.03574044363841,DERIVED_FROM_YFINANCE_GC=F
2023-10-20,1990.199951171875,1924.5999755859373,1923.0999755859373,25.950029645647337,DERIVED_FROM_YFINANCE_GC=F
2023-10-23,2009.199951171875,1935.9000244140625,1934.4000244140625,26.328595842633963,DERIVED_FROM_YFINANCE_GC=F
2023-10-24,2009.199951171875,1957.0,1955.5,26.685738699776817,DERIVED_FROM_YFINANCE_GC=F
2023-10-25,2009.199951171875,1964.5999755859373,1963.0999755859373,27.557163783482174,DERIVED_FROM_YFINANCE_GC=F
2023-10-26,1998.5999755859373,1964.5999755859373,1963.0999755859373,28.107160295758963,DERIVED_FROM_YFINANCE_GC=F
2023-10-27,2003.699951171875,1964.5999755859373,1963.0999755859373,27.864301409040227,DERIVED_FROM_YFINANCE_GC=F
2023-10-30,2019.699951171875,1973.5999755859373,1972.0999755859373,27.95000348772326,DERIVED_FROM_YFINANCE_GC=F
2023-10-31,2019.699951171875,1981.5999755859373,1980.0999755859373,28.200012207031314,DERIVED_FROM_YFINANCE_GC=F
2023-11-01,2019.699951171875,1986.4000244140625,1984.9000244140625,28.992858886718814,DERIVED_FROM_YFINANCE_GC=F
2023-11-02,2017.699951171875,1978.199951171875,1976.699951171875,29.70714460100451,DERIVED_FROM_YFINANCE_GC=F
2023-11-03,2017.699951171875,1978.199951171875,1976.699951171875,26.0071411132813,DERIVED_FROM_YFINANCE_GC=F
2023-11-06,2011.9000244140625,1978.199951171875,1976.699951171875,26.064278738839334,DERIVED_FROM_YFINANCE_GC=F
2023-11-07,2011.9000244140625,1984.199951171875,1982.699951171875,25.778564453125018,DERIVED_FROM_YFINANCE_GC=F
2023-11-08,2011.9000244140625,1962.800048828125,1961.300048828125,24.757123674665177,DERIVED_FROM_YFINANCE_GC=F
2023-11-09,2000.0999755859373,1953.199951171875,1951.699951171875,24.121416364397323,DERIVED_FROM_YFINANCE_GC=F
2023-11-10,1985.199951171875,1948.300048828125,1946.800048828125,23.728559221540177,DERIVED_FROM_YFINANCE_GC=F
2023-11-13,1977.5,1936.9000244140625,1935.4000244140625,24.407130650111608,DERIVED_FROM_YFINANCE_GC=F
2023-11-14,1971.5,1935.5999755859373,1934.0999755859373,23.728559221540177,DERIVED_FROM_YFINANCE_GC=F
2023-11-15,1975.300048828125,1935.5999755859373,1934.0999755859373,24.54998779296875,DERIVED_FROM_YFINANCE_GC=F
2023-11-16,1979.199951171875,1935.5999755859373,1934.0999755859373,24.42855398995534,DERIVED_FROM_YFINANCE_GC=F
2023-11-17,1991.0999755859373,1938.800048828125,1937.300048828125,24.342843191964253,DERIVED_FROM_YFINANCE_GC=F
2023-11-20,1996.4000244140625,1958.800048828125,1957.300048828125,24.128557477678555,DERIVED_FROM_YFINANCE_GC=F
2023-11-21,1996.4000244140625,1959.0,1957.5,23.435712541852663,DERIVED_FROM_YFINANCE_GC=F
2023-11-22,2009.800048828125,1967.199951171875,1965.699951171875,23.592851911272305,DERIVED_FROM_YFINANCE_GC=F
2023-11-23,2009.800048828125,1967.199951171875,1965.699951171875,24.078578404017858,DERIVED_FROM_YFINANCE_GC=F
2023-11-24,2009.800048828125,1979.9000244140625,1978.4000244140625,23.078578404017858,DERIVED_FROM_YFINANCE_GC=F
2023-11-27,2008.300048828125,1988.5999755859373,1987.0999755859373,22.914289202008945,DERIVED_FROM_YFINANCE_GC=F
2023-11-28,2018.9000244140625,1990.9000244140625,1989.4000244140625,22.32143729073664,DERIVED_FROM_YFINANCE_GC=F
2023-11-29,2044.0999755859373,1990.9000244140625,1989.4000244140625,22.914289202008945,DERIVED_FROM_YFINANCE_GC=F
2023-11-30,2052.10009765625,2001.4000244140625,1999.9000244140625,22.40715680803573,DERIVED_FROM_YFINANCE_GC=F
2023-12-01,2052.10009765625,2011.5,2010.0,21.057155064174122,DERIVED_FROM_YFINANCE_GC=F
2023-12-04,2095.699951171875,2033.0999755859373,2031.5999755859373,23.892865862165195,DERIVED_FROM_YFINANCE_GC=F
2023-12-05,2152.300048828125,2033.0999755859373,2031.5999755859373,29.42143903459823,DERIVED_FROM_YFINANCE_GC=F
2023-12-06,2152.300048828125,2027.5999755859373,2026.0999755859373,30.25002615792414,DERIVED_FROM_YFINANCE_GC=F
2023-12-07,2152.300048828125,2027.5999755859373,2026.0999755859373,29.25001743861612,DERIVED_FROM_YFINANCE_GC=F
2023-12-08,2059.60009765625,2027.5999755859373,2026.0999755859373,29.628583635602727,DERIVED_FROM_YFINANCE_GC=F
2023-12-11,2057.199951171875,2010.5999755859373,2009.0999755859373,31.000000000000064,DERIVED_FROM_YFINANCE_GC=F
2023-12-12,2057.199951171875,1991.199951171875,1989.699951171875,31.185712541852745,DERIVED_FROM_YFINANCE_GC=F
2023-12-13,2050.39990234375,1991.199951171875,1989.699951171875,31.221418108258977,DERIVED_FROM_YFINANCE_GC=F
2023-12-14,2043.300048828125,1987.9000244140625,1986.4000244140625,34.564278738839334,DERIVED_FROM_YFINANCE_GC=F
2023-12-15,2062.89990234375,1987.9000244140625,1986.4000244140625,38.278555733817015,DERIVED_FROM_YFINANCE_GC=F
2023-12-18,2062.89990234375,1987.9000244140625,1986.4000244140625,39.19999476841523,DERIVED_FROM_YFINANCE_GC=F
2023-12-19,2062.89990234375,2029.199951171875,2027.699951171875,38.192853655133995,DERIVED_FROM_YFINANCE_GC=F
2023-12-20,2061.0,2029.199951171875,2027.699951171875,38.914271763392925,DERIVED_FROM_YFINANCE_GC=F
2023-12-21,2061.0,2029.5,2028.0,39.07855224609383,DERIVED_FROM_YFINANCE_GC=F
2023-12-22,2061.0,2034.800048828125,2033.300048828125,36.014264787946495,DERIVED_FROM_YFINANCE_GC=F
2023-12-26,2083.0,2040.5999755859373,2039.0999755859373,30.142830984933102,DERIVED_FROM_YFINANCE_GC=F
2023-12-27,2083.0,2043.300048828125,2041.800048828125,28.957101004464334,DERIVED_FROM_YFINANCE_GC=F
2023-12-28,2095.800048828125,2058.199951171875,2056.699951171875,29.521397181919692,DERIVED_FROM_YFINANCE_GC=F
2023-12-29,2098.199951171875,2065.10009765625,2063.60009765625,29.735674176897355,DERIVED_FROM_YFINANCE_GC=F
2024-01-02,2098.199951171875,2067.60009765625,2066.10009765625,28.071393694196445,DERIVED_FROM_YFINANCE_GC=F
2024-01-03,2098.199951171875,2064.300048828125,2062.800048828125,27.449968610491087,DERIVED_FROM_YFINANCE_GC=F
2024-01-04,2088.10009765625,2038.300048828125,2036.800048828125,28.57854352678573,DERIVED_FROM_YFINANCE_GC=F
2024-01-05,2088.10009765625,2038.300048828125,2036.800048828125,25.714259556361622,DERIVED_FROM_YFINANCE_GC=F
2024-01-08,2074.300048828125,2030.800048828125,2029.300048828125,23.907130650111622,DERIVED_FROM_YFINANCE_GC=F
2024-01-09,2071.10009765625,2022.699951171875,2021.199951171875,23.921412876674122,DERIVED_FROM_YFINANCE_GC=F
2024-01-10,2071.10009765625,2022.699951171875,2021.199951171875,23.792846679687518,DERIVED_FROM_YFINANCE_GC=F
2024-01-11,2053.300048828125,2022.699951171875,2021.199951171875,23.371416364397337,DERIVED_FROM_YFINANCE_GC=F
2024-01-12,2056.10009765625,2017.300048828125,2015.800048828125,24.978567940848215,DERIVED_FROM_YFINANCE_GC=F
2024-01-16,2067.300048828125,2017.300048828125,2015.800048828125,27.364292689732142,DERIVED_FROM_YFINANCE_GC=F
2024-01-17,2067.300048828125,2017.300048828125,2015.800048828125,27.614301409040195,DERIVED_FROM_YFINANCE_GC=F
2024-01-18,2067.300048828125,2004.5999755859373,2003.0999755859373,28.764308384486622,DERIVED_FROM_YFINANCE_GC=F
2024-01-19,2062.800048828125,2004.5999755859373,2003.0999755859373,28.271449497767858,DERIVED_FROM_YFINANCE_GC=F
2024-01-22,2041.9000244140625,2004.5999755859373,2003.0999755859373,28.035749162946445,DERIVED_FROM_YFINANCE_GC=F
2024-01-23,2041.9000244140625,2007.699951171875,2006.199951171875,28.050031389508927,DERIVED_FROM_YFINANCE_GC=F
2024-01-24,2041.9000244140625,2017.4000244140625,2015.9000244140625,27.671456473214285,DERIVED_FROM_YFINANCE_GC=F
2024-01-25,2039.300048828125,2011.699951171875,2010.199951171875,26.971461704799108,DERIVED_FROM_YFINANCE_GC=F
2024-01-26,2039.300048828125,2004.0,2002.5,27.42145647321427,DERIVED_FROM_YFINANCE_GC=F
2024-01-29,2037.9000244140625,2004.0,2002.5,25.43573869977677,DERIVED_FROM_YFINANCE_GC=F
2024-01-30,2037.199951171875,2004.0,2002.5,24.671439034598198,DERIVED_FROM_YFINANCE_GC=F
2024-01-31,2048.5,2015.5999755859373,2014.0999755859373,25.128574916294628,DERIVED_FROM_YFINANCE_GC=F
2024-02-01,2055.0,2018.800048828125,2017.300048828125,25.464294433593732,DERIVED_FROM_YFINANCE_GC=F
2024-02-02,2083.199951171875,2028.0999755859373,2026.5999755859373,25.321428571428555,DERIVED_FROM_YFINANCE_GC=F
2024-02-05,2083.199951171875,2030.0,2028.5,24.06427873883927,DERIVED_FROM_YFINANCE_GC=F
2024-02-06,2083.199951171875,2030.800048828125,2029.300048828125,23.571419852120503,DERIVED_FROM_YFINANCE_GC=F
2024-02-07,2074.699951171875,2030.800048828125,2029.300048828125,22.499991280691933,DERIVED_FROM_YFINANCE_GC=F
2024-02-08,2061.300048828125,2030.800048828125,2029.300048828125,22.199994768415163,DERIVED_FROM_YFINANCE_GC=F
2024-02-09,2061.300048828125,2034.5999755859373,2033.0999755859373,22.12142508370534,DERIVED_FROM_YFINANCE_GC=F
2024-02-12,2061.300048828125,2034.300048828125,2032.800048828125,22.185703822544642,DERIVED_FROM_YFINANCE_GC=F
2024-02-13,2053.800048828125,2025.4000244140625,2023.9000244140625,22.03570556640625,DERIVED_FROM_YFINANCE_GC=F
2024-02-14,2051.89990234375,2002.800048828125,2001.300048828125,23.342843191964285,DERIVED_FROM_YFINANCE_GC=F
2024-02-15,2047.300048828125,1996.4000244140625,1994.9000244140625,22.68570382254466,DERIVED_FROM_YFINANCE_GC=F
2024-02-16,2047.300048828125,1996.4000244140625,1994.9000244140625,23.107125418526802,DERIVED_FROM_YFINANCE_GC=F
2024-02-20,2027.199951171875,1996.4000244140625,1994.9000244140625,23.15713065011164,DERIVED_FROM_YFINANCE_GC=F
2024-02-21,2042.699951171875,2001.800048828125,2000.300048828125,22.849984305245567,DERIVED_FROM_YFINANCE_GC=F
2024-02-22,2043.5,2006.5999755859373,2005.0999755859373,21.964268275669674,DERIVED_FROM_YFINANCE_GC=F
2024-02-23,2045.5,2023.9000244140625,2022.4000244140625,20.492841448102713,DERIVED_FROM_YFINANCE_GC=F
2024-02-26,2053.199951171875,2025.4000244140625,2023.9000244140625,20.299979073660747,DERIVED_FROM_YFINANCE_GC=F
2024-02-27,2053.199951171875,2025.4000244140625,2023.9000244140625,19.3713989257813,DERIVED_FROM_YFINANCE_GC=F
2024-02-28,2053.199951171875,2025.4000244140625,2023.9000244140625,18.978550502232206,DERIVED_FROM_YFINANCE_GC=F
2024-02-29,2049.10009765625,2033.4000244140625,2031.9000244140625,18.914263044084887,DERIVED_FROM_YFINANCE_GC=F
2024-03-01,2059.39990234375,2033.4000244140625,2031.9000244140625,19.21425083705362,DERIVED_FROM_YFINANCE_GC=F
2024-03-04,2097.10009765625,2033.4000244140625,2031.9000244140625,21.53569684709826,DERIVED_FROM_YFINANCE_GC=F
2024-03-05,2128.39990234375,2036.0,2034.5,23.242824009486657,DERIVED_FROM_YFINANCE_GC=F
2024-03-06,2150.5,2047.0,2045.5,22.34996686662951,DERIVED_FROM_YFINANCE_GC=F
2024-03-07,2160.699951171875,2088.10009765625,2086.60009765625,23.521397181919692,DERIVED_FROM_YFINANCE_GC=F
2024-03-08,2172.199951171875,2118.5,2117.0,23.67140415736612,DERIVED_FROM_YFINANCE_GC=F
2024-03-11,2203.0,2131.89990234375,2130.39990234375,25.18569510323664,DERIVED_FROM_YFINANCE_GC=F
2024-03-12,2203.0,2151.699951171875,2150.199951171875,24.88570731026789,DERIVED_FROM_YFINANCE_GC=F
2024-03-13,2203.0,2156.199951171875,2154.699951171875,26.457144601004497,DERIVED_FROM_YFINANCE_GC=F
2024-03-14,2195.5,2156.199951171875,2154.699951171875,27.035723005022355,DERIVED_FROM_YFINANCE_GC=F
2024-03-15,2190.800048828125,2156.199951171875,2154.699951171875,26.78573172433039,DERIVED_FROM_YFINANCE_GC=F
2024-03-18,2185.60009765625,2157.0,2155.5,26.992876325334837,DERIVED_FROM_YFINANCE_GC=F
2024-03-19,2181.300048828125,2149.199951171875,2147.699951171875,27.492867606026785,DERIVED_FROM_YFINANCE_GC=F
2024-03-20,2176.89990234375,2149.199951171875,2147.699951171875,27.642874581473215,DERIVED_FROM_YFINANCE_GC=F
2024-03-21,2192.199951171875,2149.199951171875,2147.699951171875,28.821446010044642,DERIVED_FROM_YFINANCE_GC=F
2024-03-22,2225.300048828125,2150.199951171875,2148.699951171875,29.835728236607142,DERIVED_FROM_YFINANCE_GC=F
2024-03-25,2225.300048828125,2152.300048828125,2150.800048828125,29.071463448660715,DERIVED_FROM_YFINANCE_GC=F
2024-03-26,2225.300048828125,2158.39990234375,2156.89990234375,28.392892020089285,DERIVED_FROM_YFINANCE_GC=F
2024-03-27,2200.60009765625,2158.39990234375,2156.89990234375,28.642892020089285,DERIVED_FROM_YFINANCE_GC=F
2024-03-28,2200.60009765625,2164.39990234375,2162.89990234375,28.9000244140625,DERIVED_FROM_YFINANCE_GC=F
2024-04-01,2234.10009765625,2168.300048828125,2166.800048828125,29.271449497767858,DERIVED_FROM_YFINANCE_GC=F
2024-04-02,2286.39990234375,2172.10009765625,2170.60009765625,33.157156808035715,DERIVED_FROM_YFINANCE_GC=F
2024-04-03,2301.89990234375,2187.10009765625,2185.60009765625,33.885707310267854,DERIVED_FROM_YFINANCE_GC=F
2024-04-04,2321.800048828125,2249.10009765625,2247.60009765625,35.007132393973215,DERIVED_FROM_YFINANCE_GC=F
2024-04-05,2325.300048828125,2267.10009765625,2265.60009765625,35.171421595982146,DERIVED_FROM_YFINANCE_GC=F
2024-04-08,2350.0,2285.699951171875,2284.199951171875,38.42857142857143,DERIVED_FROM_YFINANCE_GC=F
2024-04-09,2372.5,2286.199951171875,2284.699951171875,40.771432059151785,DERIVED_FROM_YFINANCE_GC=F
2024-04-10,2384.5,2286.199951171875,2284.699951171875,42.0142822265625,DERIVED_FROM_YFINANCE_GC=F
2024-04-11,2384.5,2321.699951171875,2320.199951171875,42.092860630580354,DERIVED_FROM_YFINANCE_GC=F
2024-04-12,2395.60009765625,2337.10009765625,2335.60009765625,41.25,DERIVED_FROM_YFINANCE_GC=F
2024-04-15,2448.800048828125,2337.10009765625,2335.60009765625,46.149989536830354,DERIVED_FROM_YFINANCE_GC=F
2024-04-16,2448.800048828125,2340.199951171875,2338.699951171875,49.121425083705354,DERIVED_FROM_YFINANCE_GC=F
2024-04-17,2448.800048828125,2340.199951171875,2338.699951171875,49.357142857142854,DERIVED_FROM_YFINANCE_GC=F
2024-04-18,2414.800048828125,2340.199951171875,2338.699951171875,50.585728236607146,DERIVED_FROM_YFINANCE_GC=F
2024-04-19,2414.800048828125,2370.699951171875,2369.199951171875,49.4285888671875,DERIVED_FROM_YFINANCE_GC=F
2024-04-22,2433.300048828125,2370.699951171875,2369.199951171875,47.821446010044646,DERIVED_FROM_YFINANCE_GC=F
2024-04-23,2433.300048828125,2338.199951171875,2336.699951171875,50.02146693638393,DERIVED_FROM_YFINANCE_GC=F
2024-04-24,2433.300048828125,2304.60009765625,2303.10009765625,50.257167271205354,DERIVED_FROM_YFINANCE_GC=F
2024-04-25,2404.300048828125,2304.60009765625,2303.10009765625,50.221435546875,DERIVED_FROM_YFINANCE_GC=F
2024-04-26,2357.60009765625,2304.60009765625,2303.10009765625,48.60716029575893,DERIVED_FROM_YFINANCE_GC=F
2024-04-29,2364.39990234375,2316.39990234375,2314.89990234375,46.864292689732146,DERIVED_FROM_YFINANCE_GC=F
2024-04-30,2364.39990234375,2316.39990234375,2314.89990234375,46.464285714285715,DERIVED_FROM_YFINANCE_GC=F
2024-05-01,2364.39990234375,2296.199951171875,2294.699951171875,47.92857142857143,DERIVED_FROM_YFINANCE_GC=F
2024-05-02,2358.89990234375,2291.699951171875,2290.199951171875,47.592860630580354,DERIVED_FROM_YFINANCE_GC=F
2024-05-03,2347.60009765625,2291.699951171875,2290.199951171875,43.564296177455354,DERIVED_FROM_YFINANCE_GC=F
2024-05-06,2339.5,2285.199951171875,2283.699951171875,42.2357177734375,DERIVED_FROM_YFINANCE_GC=F
2024-05-07,2341.89990234375,2285.199951171875,2283.699951171875,42.64283970424107,DERIVED_FROM_YFINANCE_GC=F
2024-05-08,2341.89990234375,2285.199951171875,2283.699951171875,41.15712193080357,DERIVED_FROM_YFINANCE_GC=F
2024-05-09,2341.89990234375,2300.60009765625,2299.10009765625,40.257132393973215,DERIVED_FROM_YFINANCE_GC=F
2024-05-10,2354.199951171875,2311.39990234375,2309.89990234375,39.885707310267854,DERIVED_FROM_YFINANCE_GC=F
2024-05-13,2385.300048828125,2311.39990234375,2309.89990234375,37.699986049107146,DERIVED_FROM_YFINANCE_GC=F
2024-05-14,2385.300048828125,2312.89990234375,2311.39990234375,37.278564453125,DERIVED_FROM_YFINANCE_GC=F
2024-05-15,2385.300048828125,2337.60009765625,2336.10009765625,37.17857142857143,DERIVED_FROM_YFINANCE_GC=F
2024-05-16,2396.10009765625,2337.60009765625,2336.10009765625,37.021414620535715,DERIVED_FROM_YFINANCE_GC=F
2024-05-17,2402.699951171875,2340.5,2339.0,37.09999302455357,DERIVED_FROM_YFINANCE_GC=F
2024-05-20,2427.39990234375,2357.10009765625,2355.60009765625,38.649989536830354,DERIVED_FROM_YFINANCE_GC=F
2024-05-21,2454.199951171875,2375.199951171875,2373.699951171875,37.335693359375,DERIVED_FROM_YFINANCE_GC=F
2024-05-22,2454.199951171875,2377.800048828125,2376.300048828125,36.064261300223215,DERIVED_FROM_YFINANCE_GC=F
2024-05-23,2454.199951171875,2378.0,2376.5,36.828543526785715,DERIVED_FROM_YFINANCE_GC=F
2024-05-24,2438.199951171875,2328.10009765625,2326.60009765625,38.207101004464285,DERIVED_FROM_YFINANCE_GC=F
2024-05-28,2430.5,2326.300048828125,2324.800048828125,36.8785400390625,DERIVED_FROM_YFINANCE_GC=F
2024-05-29,2385.699951171875,2326.300048828125,2324.800048828125,37.678536551339285,DERIVED_FROM_YFINANCE_GC=F
2024-05-30,2365.5,2326.300048828125,2324.800048828125,38.485665457589285,DERIVED_FROM_YFINANCE_GC=F
2024-05-31,2365.5,2320.800048828125,2319.300048828125,37.585658482142854,DERIVED_FROM_YFINANCE_GC=F
2024-06-03,2363.699951171875,2319.0,2317.5,36.871372767857146,DERIVED_FROM_YFINANCE_GC=F
2024-06-04,2375.5,2319.0,2317.5,37.957101004464285,DERIVED_FROM_YFINANCE_GC=F
2024-06-05,2375.5,2319.0,2317.5,38.9071044921875,DERIVED_FROM_YFINANCE_GC=F
2024-06-06,2377.60009765625,2334.800048828125,2333.300048828125,38.428536551339285,DERIVED_FROM_YFINANCE_GC=F
2024-06-07,2397.800048828125,2335.10009765625,2333.60009765625,38.29282924107143,DERIVED_FROM_YFINANCE_GC=F
2024-06-10,2406.699951171875,2304.199951171875,2302.699951171875,42.0714111328125,DERIVED_FROM_YFINANCE_GC=F
2024-06-11,2406.699951171875,2304.199951171875,2302.699951171875,40.907139369419646,DERIVED_FROM_YFINANCE_GC=F
2024-06-12,2406.699951171875,2304.199951171875,2302.699951171875,40.392857142857146,DERIVED_FROM_YFINANCE_GC=F
2024-06-13,2358.800048828125,2304.5,2303.0,38.94285365513393,DERIVED_FROM_YFINANCE_GC=F
2024-06-14,2358.800048828125,2310.89990234375,2309.39990234375,37.450020926339285,DERIVED_FROM_YFINANCE_GC=F
2024-06-17,2358.800048828125,2310.89990234375,2309.39990234375,38.3714599609375,DERIVED_FROM_YFINANCE_GC=F
2024-06-18,2352.300048828125,2310.89990234375,2309.39990234375,37.878609793526785,DERIVED_FROM_YFINANCE_GC=F
2024-06-20,2352.300048828125,2316.699951171875,2315.199951171875,37.77146693638393,DERIVED_FROM_YFINANCE_GC=F
2024-06-21,2379.5,2320.199951171875,2318.699951171875,38.65004185267857,DERIVED_FROM_YFINANCE_GC=F
2024-06-24,2382.60009765625,2320.199951171875,2318.699951171875,39.96433803013393,DERIVED_FROM_YFINANCE_GC=F
2024-06-25,2382.60009765625,2329.199951171875,2327.699951171875,37.49290248325893,DERIVED_FROM_YFINANCE_GC=F
2024-06-26,2382.60009765625,2327.10009765625,2325.60009765625,36.392892020089285,DERIVED_FROM_YFINANCE_GC=F
2024-06-27,2349.699951171875,2304.699951171875,2303.199951171875,36.307181222098215,DERIVED_FROM_YFINANCE_GC=F
2024-06-28,2349.699951171875,2304.699951171875,2303.199951171875,36.992885044642854,DERIVED_FROM_YFINANCE_GC=F
2024-07-01,2350.60009765625,2304.699951171875,2303.199951171875,31.164324079241073,DERIVED_FROM_YFINANCE_GC=F
2024-07-02,2350.60009765625,2306.800048828125,2305.300048828125,30.721470424107142,DERIVED_FROM_YFINANCE_GC=F
2024-07-03,2350.60009765625,2327.39990234375,2325.89990234375,30.428623744419642,DERIVED_FROM_YFINANCE_GC=F
2024-07-05,2374.5,2327.39990234375,2325.89990234375,31.064348493303573,DERIVED_FROM_YFINANCE_GC=F
2024-07-08,2401.5,2327.39990234375,2325.89990234375,31.178623744419642,DERIVED_FROM_YFINANCE_GC=F
2024-07-09,2401.5,2335.699951171875,2334.199951171875,31.5643310546875,DERIVED_FROM_YFINANCE_GC=F
2024-07-10,2401.5,2356.0,2354.5,31.385759626116073,DERIVED_FROM_YFINANCE_GC=F
2024-07-11,2399.300048828125,2356.0,2354.5,31.207188197544642,DERIVED_FROM_YFINANCE_GC=F
2024-07-12,2430.39990234375,2356.0,2354.5,32.107177734375,DERIVED_FROM_YFINANCE_GC=F
2024-07-15,2430.39990234375,2369.699951171875,2368.199951171875,30.228585379464285,DERIVED_FROM_YFINANCE_GC=F
2024-07-16,2445.0,2376.800048828125,2375.300048828125,31.721435546875,DERIVED_FROM_YFINANCE_GC=F
2024-07-17,2474.5,2396.10009765625,2394.60009765625,33.6785888671875,DERIVED_FROM_YFINANCE_GC=F
2024-07-18,2488.39990234375,2406.10009765625,2404.60009765625,33.80714634486607,DERIVED_FROM_YFINANCE_GC=F
2024-07-19,2488.39990234375,2424.5,2423.0,33.835728236607146,DERIVED_FROM_YFINANCE_GC=F
2024-07-22,2488.39990234375,2395.699951171875,2394.199951171875,36.67857142857143,DERIVED_FROM_YFINANCE_GC=F
2024-07-23,2478.5,2385.199951171875,2383.699951171875,37.2928466796875,DERIVED_FROM_YFINANCE_GC=F
2024-07-24,2448.39990234375,2385.199951171875,2383.699951171875,37.692836216517854,DERIVED_FROM_YFINANCE_GC=F
2024-07-25,2433.0,2385.199951171875,2383.699951171875,37.328543526785715,DERIVED_FROM_YFINANCE_GC=F
2024-07-26,2433.0,2351.89990234375,2350.39990234375,38.635689871651785,DERIVED_FROM_YFINANCE_GC=F
2024-07-29,2433.0,2351.89990234375,2350.39990234375,38.29282924107143,DERIVED_FROM_YFINANCE_GC=F
2024-07-30,2402.10009765625,2351.89990234375,2350.39990234375,39.18568638392857,DERIVED_FROM_YFINANCE_GC=F
2024-07-31,2409.300048828125,2354.60009765625,2353.10009765625,39.899972098214285,DERIVED_FROM_YFINANCE_GC=F
2024-08-01,2447.60009765625,2367.300048828125,2365.800048828125,39.271414620535715,DERIVED_FROM_YFINANCE_GC=F
2024-08-02,2506.60009765625,2373.800048828125,2372.300048828125,43.05714634486607,DERIVED_FROM_YFINANCE_GC=F
2024-08-05,2522.5,2402.800048828125,2401.300048828125,45.2357177734375,DERIVED_FROM_YFINANCE_GC=F
2024-08-06,2522.5,2403.800048828125,2402.300048828125,48.592860630580354,DERIVED_FROM_YFINANCE_GC=F
2024-08-07,2522.5,2403.800048828125,2402.300048828125,48.935721261160715,DERIVED_FROM_YFINANCE_GC=F
2024-08-08,2500.800048828125,2403.800048828125,2402.300048828125,48.42857142857143,DERIVED_FROM_YFINANCE_GC=F
2024-08-09,2467.89990234375,2418.800048828125,2417.300048828125,47.5,DERIVED_FROM_YFINANCE_GC=F
2024-08-12,2476.5,2418.800048828125,2417.300048828125,46.871425083705354,DERIVED_FROM_YFINANCE_GC=F
2024-08-13,2513.39990234375,2420.199951171875,2418.699951171875,48.757132393973215,DERIVED_FROM_YFINANCE_GC=F
2024-08-14,2517.300048828125,2456.10009765625,2454.60009765625,47.549996512276785,DERIVED_FROM_YFINANCE_GC=F
2024-08-15,2519.699951171875,2462.699951171875,2461.199951171875,46.09999302455357,DERIVED_FROM_YFINANCE_GC=F
2024-08-16,2519.699951171875,2469.199951171875,2467.699951171875,46.285714285714285,DERIVED_FROM_YFINANCE_GC=F
2024-08-19,2548.300048828125,2469.199951171875,2467.699951171875,48.092860630580354,DERIVED_FROM_YFINANCE_GC=F
2024-08-20,2549.89990234375,2469.199951171875,2467.699951171875,47.42857142857143,DERIVED_FROM_YFINANCE_GC=F
2024-08-21,2570.39990234375,2488.199951171875,2486.699951171875,46.74998256138393,DERIVED_FROM_YFINANCE_GC=F
2024-08-22,2570.39990234375,2523.699951171875,2522.199951171875,43.15712193080357,DERIVED_FROM_YFINANCE_GC=F
2024-08-23,2570.39990234375,2506.39990234375,2504.89990234375,41.414271763392854,DERIVED_FROM_YFINANCE_GC=F
2024-08-26,2558.0,2506.39990234375,2504.89990234375,37.185703822544646,DERIVED_FROM_YFINANCE_GC=F
2024-08-27,2563.199951171875,2506.39990234375,2504.89990234375,35.86427525111607,DERIVED_FROM_YFINANCE_GC=F
2024-08-28,2563.199951171875,2519.800048828125,2518.300048828125,35.464268275669646,DERIVED_FROM_YFINANCE_GC=F
2024-08-29,2564.300048828125,2527.800048828125,2526.300048828125,34.664271763392854,DERIVED_FROM_YFINANCE_GC=F
2024-08-30,2564.300048828125,2527.800048828125,2526.300048828125,35.0428466796875,DERIVED_FROM_YFINANCE_GC=F
2024-09-03,2564.300048828125,2526.60009765625,2525.10009765625,33.828560965401785,DERIVED_FROM_YFINANCE_GC=F
2024-09-04,2562.199951171875,2504.39990234375,2502.89990234375,34.97141810825893,DERIVED_FROM_YFINANCE_GC=F
2024-09-05,2560.10009765625,2502.699951171875,2501.199951171875,33.921421595982146,DERIVED_FROM_YFINANCE_GC=F
2024-09-06,2554.0,2502.699951171875,2501.199951171875,33.314278738839285,DERIVED_FROM_YFINANCE_GC=F
2024-09-09,2559.800048828125,2502.699951171875,2501.199951171875,32.299996512276785,DERIVED_FROM_YFINANCE_GC=F
2024-09-10,2559.800048828125,2513.89990234375,2512.39990234375,32.021432059151785,DERIVED_FROM_YFINANCE_GC=F
2024-09-11,2559.800048828125,2513.89990234375,2512.39990234375,30.828595842633927,DERIVED_FROM_YFINANCE_GC=F
2024-09-12,2558.0,2514.199951171875,2512.699951171875,30.771449497767858,DERIVED_FROM_YFINANCE_GC=F
2024-09-13,2588.5,2528.89990234375,2527.39990234375,31.114310128348215,DERIVED_FROM_YFINANCE_GC=F
2024-09-16,2614.60009765625,2529.0,2527.5,30.842878069196427,DERIVED_FROM_YFINANCE_GC=F
2024-09-17,2617.39990234375,2538.699951171875,2537.199951171875,30.535731724330358,DERIVED_FROM_YFINANCE_GC=F
2024-09-18,2617.39990234375,2585.0,2583.5,30.785731724330358,DERIVED_FROM_YFINANCE_GC=F
2024-09-19,2627.199951171875,2572.5,2571.0,32.085728236607146,DERIVED_FROM_YFINANCE_GC=F
2024-09-20,2627.199951171875,2572.5,2571.0,33.478585379464285,DERIVED_FROM_YFINANCE_GC=F
2024-09-23,2651.0,2572.5,2571.0,34.09287806919643,DERIVED_FROM_YFINANCE_GC=F
2024-09-24,2659.800048828125,2575.300048828125,2573.800048828125,33.100010463169646,DERIVED_FROM_YFINANCE_GC=F
2024-09-25,2689.39990234375,2608.699951171875,2607.199951171875,34.064278738839285,DERIVED_FROM_YFINANCE_GC=F
2024-09-26,2694.89990234375,2638.60009765625,2637.10009765625,33.435703822544646,DERIVED_FROM_YFINANCE_GC=F
2024-09-27,2708.699951171875,2647.10009765625,2645.60009765625,32.385689871651785,DERIVED_FROM_YFINANCE_GC=F
2024-09-30,2708.699951171875,2665.300048828125,2663.800048828125,33.049961635044646,DERIVED_FROM_YFINANCE_GC=F
2024-10-01,2708.699951171875,2646.199951171875,2644.699951171875,34.6856689453125,DERIVED_FROM_YFINANCE_GC=F
2024-10-02,2696.89990234375,2646.199951171875,2644.699951171875,35.53566196986607,DERIVED_FROM_YFINANCE_GC=F
2024-10-03,2694.699951171875,2646.199951171875,2644.699951171875,33.9927978515625,DERIVED_FROM_YFINANCE_GC=F
2024-10-04,2694.699951171875,2653.800048828125,2652.300048828125,33.392787388392854,DERIVED_FROM_YFINANCE_GC=F
2024-10-07,2690.60009765625,2651.60009765625,2650.10009765625,35.114222935267854,DERIVED_FROM_YFINANCE_GC=F
2024-10-08,2690.60009765625,2651.60009765625,2650.10009765625,34.792794363839285,DERIVED_FROM_YFINANCE_GC=F
2024-10-09,2690.60009765625,2623.39990234375,2621.89990234375,34.385654994419646,DERIVED_FROM_YFINANCE_GC=F
2024-10-10,2679.199951171875,2622.800048828125,2621.300048828125,32.59279087611607,DERIVED_FROM_YFINANCE_GC=F
2024-10-11,2672.39990234375,2618.800048828125,2617.300048828125,31.721348353794642,DERIVED_FROM_YFINANCE_GC=F
2024-10-14,2679.0,2618.800048828125,2617.300048828125,33.042776925223215,DERIVED_FROM_YFINANCE_GC=F
2024-10-15,2684.199951171875,2618.800048828125,2617.300048828125,31.749930245535715,DERIVED_FROM_YFINANCE_GC=F
2024-10-16,2685.89990234375,2645.300048828125,2643.800048828125,32.46421595982143,DERIVED_FROM_YFINANCE_GC=F
2024-10-17,2702.5,2654.39990234375,2652.89990234375,32.207083565848215,DERIVED_FROM_YFINANCE_GC=F
2024-10-18,2712.699951171875,2654.39990234375,2652.89990234375,31.699951171875,DERIVED_FROM_YFINANCE_GC=F
2024-10-21,2737.800048828125,2674.89990234375,2673.39990234375,30.914236886160715,DERIVED_FROM_YFINANCE_GC=F
2024-10-22,2755.39990234375,2688.199951171875,2686.699951171875,29.914236886160715,DERIVED_FROM_YFINANCE_GC=F
2024-10-23,2763.300048828125,2707.300048828125,2705.800048828125,30.028529575892858,DERIVED_FROM_YFINANCE_GC=F
2024-10-24,2772.60009765625,2722.10009765625,2720.60009765625,31.807111467633927,DERIVED_FROM_YFINANCE_GC=F
2024-10-25,2772.60009765625,2722.10009765625,2720.60009765625,30.992832728794642,DERIVED_FROM_YFINANCE_GC=F
2024-10-28,2772.60009765625,2722.10009765625,2720.60009765625,31.699968610491073,DERIVED_FROM_YFINANCE_GC=F
2024-10-29,2760.89990234375,2728.699951171875,2727.199951171875,29.728550502232142,DERIVED_FROM_YFINANCE_GC=F
2024-10-30,2787.699951171875,2729.10009765625,2727.60009765625,30.842843191964285,DERIVED_FROM_YFINANCE_GC=F
2024-10-31,2801.800048828125,2736.89990234375,2735.39990234375,30.171421595982142,DERIVED_FROM_YFINANCE_GC=F
2024-11-01,2801.800048828125,2741.800048828125,2740.300048828125,31.578560965401785,DERIVED_FROM_YFINANCE_GC=F
2024-11-04,2801.800048828125,2741.800048828125,2740.300048828125,31.978550502232142,DERIVED_FROM_YFINANCE_GC=F
2024-11-05,2801.199951171875,2739.39990234375,2737.89990234375,31.021414620535715,DERIVED_FROM_YFINANCE_GC=F
2024-11-06,2772.39990234375,2733.39990234375,2731.89990234375,30.914271763392858,DERIVED_FROM_YFINANCE_GC=F
2024-11-07,2759.5,2660.699951171875,2659.199951171875,36.171421595982146,DERIVED_FROM_YFINANCE_GC=F
2024-11-08,2759.5,2650.300048828125,2648.800048828125,38.84999302455357,DERIVED_FROM_YFINANCE_GC=F
2024-11-11,2758.800048828125,2650.300048828125,2648.800048828125,39.107142857142854,DERIVED_FROM_YFINANCE_GC=F
2024-11-12,2718.300048828125,2617.10009765625,2615.60009765625,42.528564453125,DERIVED_FROM_YFINANCE_GC=F
2024-11-13,2717.800048828125,2595.699951171875,2594.199951171875,41.61427525111607,DERIVED_FROM_YFINANCE_GC=F
2024-11-14,2693.39990234375,2578.10009765625,2576.60009765625,42.992832728794646,DERIVED_FROM_YFINANCE_GC=F
2024-11-15,2633.39990234375,2541.5,2540.0,43.935703822544646,DERIVED_FROM_YFINANCE_GC=F
2024-11-18,2625.0,2541.5,2540.0,43.97141810825893,DERIVED_FROM_YFINANCE_GC=F
2024-11-19,2619.5,2541.5,2540.0,45.064278738839285,DERIVED_FROM_YFINANCE_GC=F
2024-11-20,2643.39990234375,2558.89990234375,2557.39990234375,45.671421595982146,DERIVED_FROM_YFINANCE_GC=F
2024-11-21,2659.0,2568.5,2567.0,44.078578404017854,DERIVED_FROM_YFINANCE_GC=F
2024-11-22,2676.5,2614.199951171875,2612.699951171875,43.728585379464285,DERIVED_FROM_YFINANCE_GC=F
2024-11-25,2718.5,2621.89990234375,2620.39990234375,45.892857142857146,DERIVED_FROM_YFINANCE_GC=F
2024-11-26,2723.199951171875,2616.60009765625,2615.10009765625,51.64283970424107,DERIVED_FROM_YFINANCE_GC=F
2024-11-27,2723.199951171875,2605.300048828125,2603.800048828125,47.30711146763393,DERIVED_FROM_YFINANCE_GC=F
2024-11-29,2723.199951171875,2605.300048828125,2603.800048828125,45.064243861607146,DERIVED_FROM_YFINANCE_GC=F
2024-12-02,2664.300048828125,2605.300048828125,2603.800048828125,45.999965122767854,DERIVED_FROM_YFINANCE_GC=F
2024-12-03,2678.5,2620.699951171875,2619.199951171875,42.8785400390625,DERIVED_FROM_YFINANCE_GC=F
2024-12-04,2678.5,2620.699951171875,2619.199951171875,41.74281529017857,DERIVED_FROM_YFINANCE_GC=F
2024-12-05,2682.0,2644.5,2643.0,40.3785400390625,DERIVED_FROM_YFINANCE_GC=F
2024-12-06,2682.0,2646.300048828125,2644.800048828125,39.57139369419643,DERIVED_FROM_YFINANCE_GC=F
2024-12-09,2682.0,2635.60009765625,2634.10009765625,40.31422642299107,DERIVED_FROM_YFINANCE_GC=F
2024-12-10,2700.0,2635.60009765625,2634.10009765625,40.264229910714285,DERIVED_FROM_YFINANCE_GC=F
2024-12-11,2721.699951171875,2635.60009765625,2634.10009765625,41.107090541294646,DERIVED_FROM_YFINANCE_GC=F
2024-12-12,2759.699951171875,2649.699951171875,2648.199951171875,41.40708705357143,DERIVED_FROM_YFINANCE_GC=F
2024-12-13,2761.300048828125,2680.699951171875,2679.199951171875,44.24281529017857,DERIVED_FROM_YFINANCE_GC=F
2024-12-16,2761.300048828125,2663.300048828125,2661.800048828125,44.578526088169646,DERIVED_FROM_YFINANCE_GC=F
2024-12-17,2761.300048828125,2661.39990234375,2659.89990234375,38.535679408482146,DERIVED_FROM_YFINANCE_GC=F
2024-12-18,2716.39990234375,2646.10009765625,2644.60009765625,37.985682896205354,DERIVED_FROM_YFINANCE_GC=F
2024-12-19,2683.39990234375,2598.10009765625,2596.60009765625,40.335693359375,DERIVED_FROM_YFINANCE_GC=F
2024-12-20,2675.800048828125,2596.699951171875,2595.199951171875,41.26426478794643,DERIVED_FROM_YFINANCE_GC=F
2024-12-23,2667.60009765625,2596.699951171875,2595.199951171875,42.414271763392854,DERIVED_FROM_YFINANCE_GC=F
2024-12-24,2653.800048828125,2596.699951171875,2595.199951171875,42.54286411830357,DERIVED_FROM_YFINANCE_GC=F
2024-12-26,2653.800048828125,2603.699951171875,2602.199951171875,41.38572474888393,DERIVED_FROM_YFINANCE_GC=F
2024-12-27,2655.699951171875,2623.199951171875,2621.699951171875,40.521432059151785,DERIVED_FROM_YFINANCE_GC=F
2024-12-30,2655.699951171875,2624.199951171875,2622.699951171875,40.31431361607143,DERIVED_FROM_YFINANCE_GC=F
2024-12-31,2655.699951171875,2608.39990234375,2606.89990234375,39.028599330357146,DERIVED_FROM_YFINANCE_GC=F
2025-01-02,2654.60009765625,2608.39990234375,2606.89990234375,38.07859584263393,DERIVED_FROM_YFINANCE_GC=F
2025-01-03,2674.199951171875,2608.39990234375,2606.89990234375,37.850010463169646,DERIVED_FROM_YFINANCE_GC=F
2025-01-06,2681.0,2614.300048828125,2612.800048828125,35.471435546875,DERIVED_FROM_YFINANCE_GC=F
2025-01-07,2681.0,2624.60009765625,2623.10009765625,34.478585379464285,DERIVED_FROM_YFINANCE_GC=F
2025-01-08,2681.0,2624.60009765625,2623.10009765625,35.407156808035715,DERIVED_FROM_YFINANCE_GC=F
2025-01-09,2687.0,2624.60009765625,2623.10009765625,35.32859584263393,DERIVED_FROM_YFINANCE_GC=F
2025-01-10,2696.800048828125,2643.5,2642.0,32.107177734375,DERIVED_FROM_YFINANCE_GC=F
2025-01-13,2735.0,2658.39990234375,2656.89990234375,31.500034877232142,DERIVED_FROM_YFINANCE_GC=F
2025-01-14,2735.0,2673.699951171875,2672.199951171875,31.392892020089285,DERIVED_FROM_YFINANCE_GC=F
2025-01-15,2735.0,2672.0,2670.5,31.257167271205358,DERIVED_FROM_YFINANCE_GC=F
2025-01-16,2723.800048828125,2672.0,2670.5,33.314296177455354,DERIVED_FROM_YFINANCE_GC=F
2025-01-17,2757.89990234375,2672.0,2670.5,34.63572474888393,DERIVED_FROM_YFINANCE_GC=F
2025-01-21,2759.199951171875,2685.39990234375,2683.89990234375,34.67857142857143,DERIVED_FROM_YFINANCE_GC=F
2025-01-22,2762.0,2715.60009765625,2714.10009765625,35.685703822544646,DERIVED_FROM_YFINANCE_GC=F
2025-01-23,2774.39990234375,2715.60009765625,2714.10009765625,35.007132393973215,DERIVED_FROM_YFINANCE_GC=F
2025-01-24,2774.39990234375,2715.60009765625,2714.10009765625,34.421421595982146,DERIVED_FROM_YFINANCE_GC=F
2025-01-27,2794.800048828125,2741.0,2739.5,34.59999302455357,DERIVED_FROM_YFINANCE_GC=F
2025-01-28,2794.800048828125,2732.0,2730.5,35.149989536830354,DERIVED_FROM_YFINANCE_GC=F
2025-01-29,2794.800048828125,2732.0,2730.5,35.2642822265625,DERIVED_FROM_YFINANCE_GC=F
2025-01-30,2778.10009765625,2732.0,2730.5,34.44285365513393,DERIVED_FROM_YFINANCE_GC=F
2025-01-31,2829.5,2737.39990234375,2735.89990234375,36.964268275669646,DERIVED_FROM_YFINANCE_GC=F
2025-02-03,2838.0,2761.0,2759.5,35.957118443080354,DERIVED_FROM_YFINANCE_GC=F
2025-02-04,2872.0,2770.0,2768.5,37.471400669642854,DERIVED_FROM_YFINANCE_GC=F
2025-02-05,2877.10009765625,2802.199951171875,2800.699951171875,38.757132393973215,DERIVED_FROM_YFINANCE_GC=F
2025-02-06,2906.0,2802.199951171875,2800.699951171875,38.435703822544646,DERIVED_FROM_YFINANCE_GC=F
2025-02-07,2906.0,2837.39990234375,2835.89990234375,38.371425083705354,DERIVED_FROM_YFINANCE_GC=F
2025-02-10,2910.60009765625,2855.0,2853.5,38.69285365513393,DERIVED_FROM_YFINANCE_GC=F
2025-02-11,2938.10009765625,2855.0,2853.5,39.535731724330354,DERIVED_FROM_YFINANCE_GC=F
2025-02-12,2968.5,2876.10009765625,2874.60009765625,42.628592354910715,DERIVED_FROM_YFINANCE_GC=F
2025-02-13,2968.5,2879.89990234375,2878.39990234375,44.06431361607143,DERIVED_FROM_YFINANCE_GC=F
2025-02-14,2968.5,2886.5,2885.0,44.007167271205354,DERIVED_FROM_YFINANCE_GC=F
2025-02-18,2964.10009765625,2886.5,2885.0,45.957188197544646,DERIVED_FROM_YFINANCE_GC=F
2025-02-19,2964.10009765625,2887.60009765625,2886.10009765625,48.264317103794646,DERIVED_FROM_YFINANCE_GC=F
2025-02-20,2964.39990234375,2887.60009765625,2886.10009765625,49.23573521205357,DERIVED_FROM_YFINANCE_GC=F
2025-02-21,2973.39990234375,2887.60009765625,2886.10009765625,47.63572474888393,DERIVED_FROM_YFINANCE_GC=F
2025-02-24,2973.39990234375,2930.10009765625,2928.60009765625,47.67857142857143,DERIVED_FROM_YFINANCE_GC=F
2025-02-25,2974.0,2930.10009765625,2928.60009765625,45.34999302455357,DERIVED_FROM_YFINANCE_GC=F
2025-02-26,2974.0,2897.0,2895.5,47.757114955357146,DERIVED_FROM_YFINANCE_GC=F
2025-02-27,2974.0,2897.0,2895.5,47.957118443080354,DERIVED_FROM_YFINANCE_GC=F
2025-02-28,2970.39990234375,2879.0,2877.5,49.214268275669646,DERIVED_FROM_YFINANCE_GC=F
2025-03-03,2942.0,2844.10009765625,2842.60009765625,50.464268275669646,DERIVED_FROM_YFINANCE_GC=F
2025-03-04,2935.800048828125,2844.10009765625,2842.60009765625,50.442818777901785,DERIVED_FROM_YFINANCE_GC=F
2025-03-05,2939.800048828125,2844.10009765625,2842.60009765625,49.428536551339285,DERIVED_FROM_YFINANCE_GC=F
2025-03-06,2941.300048828125,2866.300048828125,2864.800048828125,48.564261300223215,DERIVED_FROM_YFINANCE_GC=F
2025-03-07,2941.300048828125,2892.5,2891.0,48.942818777901785,DERIVED_FROM_YFINANCE_GC=F
2025-03-10,2941.300048828125,2897.60009765625,2896.10009765625,46.03566196986607,DERIVED_FROM_YFINANCE_GC=F
2025-03-11,2938.800048828125,2885.199951171875,2883.699951171875,44.057094029017854,DERIVED_FROM_YFINANCE_GC=F
2025-03-12,2938.800048828125,2882.5,2881.0,45.1856689453125,DERIVED_FROM_YFINANCE_GC=F
2025-03-13,2948.89990234375,2882.5,2881.0,45.22853306361607,DERIVED_FROM_YFINANCE_GC=F
2025-03-14,3001.5,2882.5,2881.0,46.992832728794646,DERIVED_FROM_YFINANCE_GC=F
2025-03-17,3017.10009765625,2911.0,2909.5,46.371407645089285,DERIVED_FROM_YFINANCE_GC=F
2025-03-18,3017.10009765625,2942.199951171875,2940.699951171875,42.521414620535715,DERIVED_FROM_YFINANCE_GC=F
2025-03-19,3047.5,2988.60009765625,2987.10009765625,42.714268275669646,DERIVED_FROM_YFINANCE_GC=F
2025-03-20,3061.60009765625,2991.39990234375,2989.89990234375,40.8214111328125,DERIVED_FROM_YFINANCE_GC=F
2025-03-21,3065.199951171875,3008.199951171875,3006.699951171875,39.42140415736607,DERIVED_FROM_YFINANCE_GC=F
2025-03-24,3065.199951171875,3004.10009765625,3002.60009765625,38.92140415736607,DERIVED_FROM_YFINANCE_GC=F
2025-03-25,3065.199951171875,3004.10009765625,3002.60009765625,37.735682896205354,DERIVED_FROM_YFINANCE_GC=F
2025-03-26,3055.0,3004.10009765625,3002.60009765625,37.28566196986607,DERIVED_FROM_YFINANCE_GC=F
2025-03-27,3042.39990234375,3007.699951171875,3006.199951171875,35.857107979910715,DERIVED_FROM_YFINANCE_GC=F
2025-03-28,3071.300048828125,3010.800048828125,3009.300048828125,36.96425083705357,DERIVED_FROM_YFINANCE_GC=F
2025-03-31,3094.89990234375,3017.800048828125,3016.300048828125,36.442818777901785,DERIVED_FROM_YFINANCE_GC=F
2025-04-01,3132.5,3022.300048828125,3020.800048828125,36.442818777901785,DERIVED_FROM_YFINANCE_GC=F
2025-04-02,3177.0,3066.800048828125,3065.300048828125,37.607107979910715,DERIVED_FROM_YFINANCE_GC=F
2025-04-03,3201.60009765625,3086.0,3084.5,38.078543526785715,DERIVED_FROM_YFINANCE_GC=F
2025-04-04,3201.60009765625,3073.5,3072.0,44.835693359375,DERIVED_FROM_YFINANCE_GC=F
2025-04-07,3201.60009765625,3032.699951171875,3031.199951171875,52.549979073660715,DERIVED_FROM_YFINANCE_GC=F
2025-04-08,3196.60009765625,2970.39990234375,2968.89990234375,57.73570033482143,DERIVED_FROM_YFINANCE_GC=F
2025-04-09,3160.199951171875,2970.39990234375,2968.89990234375,60.164254324776785,DERIVED_FROM_YFINANCE_GC=F
2025-04-10,3118.5,2970.39990234375,2968.89990234375,67.50711495535714,DERIVED_FROM_YFINANCE_GC=F
2025-04-11,3195.0,2983.300048828125,2981.800048828125,72.12855747767857,DERIVED_FROM_YFINANCE_GC=F
2025-04-14,3263.0,2983.300048828125,2981.800048828125,76.0428466796875,DERIVED_FROM_YFINANCE_GC=F
2025-04-15,3263.0,3086.10009765625,3084.60009765625,77.56429617745536,DERIVED_FROM_YFINANCE_GC=F
2025-04-16,3263.0,3193.39990234375,3191.89990234375,78.07142857142857,DERIVED_FROM_YFINANCE_GC=F
2025-04-17,3358.39990234375,3208.699951171875,3207.199951171875,83.0,DERIVED_FROM_YFINANCE_GC=F
2025-04-21,3371.89990234375,3225.5,3224.0,85.971435546875,DERIVED_FROM_YFINANCE_GC=F
2025-04-22,3442.300048828125,3245.199951171875,3243.699951171875,90.78573172433036,DERIVED_FROM_YFINANCE_GC=F
2025-04-23,3509.89990234375,3296.39990234375,3294.89990234375,96.25714983258929,DERIVED_FROM_YFINANCE_GC=F
2025-04-24,3509.89990234375,3270.800048828125,3269.300048828125,102.16427176339286,DERIVED_FROM_YFINANCE_GC=F
2025-04-25,3509.89990234375,3270.800048828125,3269.300048828125,99.29282924107143,DERIVED_FROM_YFINANCE_GC=F
2025-04-28,3396.0,3270.800048828125,3269.300048828125,97.99283272879464,DERIVED_FROM_YFINANCE_GC=F
2025-04-29,3384.10009765625,3274.800048828125,3273.300048828125,95.97855050223214,DERIVED_FROM_YFINANCE_GC=F
2025-04-30,3384.10009765625,3274.800048828125,3273.300048828125,94.96428571428571,DERIVED_FROM_YFINANCE_GC=F
2025-05-01,3363.800048828125,3275.60009765625,3274.10009765625,89.7357177734375,DERIVED_FROM_YFINANCE_GC=F
2025-05-02,3359.300048828125,3209.39990234375,3207.89990234375,89.31429617745536,DERIVED_FROM_YFINANCE_GC=F
2025-05-05,3337.60009765625,3209.39990234375,3207.89990234375,87.12144252232143,DERIVED_FROM_YFINANCE_GC=F
2025-05-06,3346.699951171875,3209.39990234375,3207.89990234375,90.74285016741071,DERIVED_FROM_YFINANCE_GC=F
2025-05-07,3444.5,3229.5,3228.0,97.65713936941964,DERIVED_FROM_YFINANCE_GC=F
2025-05-08,3448.199951171875,3243.10009765625,3241.60009765625,95.028564453125,DERIVED_FROM_YFINANCE_GC=F
2025-05-09,3448.199951171875,3293.300048828125,3291.800048828125,98.82856096540179,DERIVED_FROM_YFINANCE_GC=F
2025-05-12,3448.199951171875,3278.89990234375,3277.39990234375,95.96426827566964,DERIVED_FROM_YFINANCE_GC=F
2025-05-13,3422.0,3211.199951171875,3209.699951171875,96.10714285714286,DERIVED_FROM_YFINANCE_GC=F
2025-05-14,3352.699951171875,3211.199951171875,3209.699951171875,89.08571079799107,DERIVED_FROM_YFINANCE_GC=F
2025-05-15,3295.5,3170.699951171875,3169.199951171875,89.63572474888393,DERIVED_FROM_YFINANCE_GC=F
2025-05-16,3270.39990234375,3123.300048828125,3121.800048828125,90.471435546875,DERIVED_FROM_YFINANCE_GC=F
2025-05-19,3261.300048828125,3123.300048828125,3121.800048828125,91.44287109375,DERIVED_FROM_YFINANCE_GC=F
2025-05-20,3255.800048828125,3123.300048828125,3121.800048828125,92.55714634486607,DERIVED_FROM_YFINANCE_GC=F
2025-05-21,3298.5,3156.39990234375,3154.89990234375,94.63572474888393,DERIVED_FROM_YFINANCE_GC=F
2025-05-22,3327.199951171875,3207.39990234375,3205.89990234375,89.84284319196429,DERIVED_FROM_YFINANCE_GC=F
2025-05-23,3346.800048828125,3207.39990234375,3205.89990234375,90.85712541852679,DERIVED_FROM_YFINANCE_GC=F
2025-05-27,3366.5,3277.800048828125,3276.300048828125,89.24285016741071,DERIVED_FROM_YFINANCE_GC=F
2025-05-28,3366.5,3277.800048828125,3276.300048828125,86.42857142857143,DERIVED_FROM_YFINANCE_GC=F
2025-05-29,3366.5,3273.5,3272.0,84.27143205915179,DERIVED_FROM_YFINANCE_GC=F
2025-05-30,3356.0,3242.39990234375,3240.89990234375,81.25001743861607,DERIVED_FROM_YFINANCE_GC=F
2025-06-02,3328.800048828125,3242.39990234375,3240.89990234375,79.34287806919643,DERIVED_FROM_YFINANCE_GC=F
2025-06-03,3408.10009765625,3242.39990234375,3240.89990234375,78.3714599609375,DERIVED_FROM_YFINANCE_GC=F
2025-06-04,3417.800048828125,3270.89990234375,3269.39990234375,79.10719517299107,DERIVED_FROM_YFINANCE_GC=F
2025-06-05,3417.800048828125,3319.39990234375,3317.89990234375,75.69290597098214,DERIVED_FROM_YFINANCE_GC=F
2025-06-06,3427.699951171875,3357.199951171875,3355.699951171875,71.72147042410714,DERIVED_FROM_YFINANCE_GC=F
2025-06-09,3427.699951171875,3328.800048828125,3327.300048828125,69.58574567522321,DERIVED_FROM_YFINANCE_GC=F
2025-06-10,3427.699951171875,3313.10009765625,3311.60009765625,68.17145647321429,DERIVED_FROM_YFINANCE_GC=F
2025-06-11,3398.300048828125,3313.10009765625,3311.60009765625,65.17143903459821,DERIVED_FROM_YFINANCE_GC=F
2025-06-12,3382.300048828125,3313.10009765625,3311.60009765625,65.47860281808036,DERIVED_FROM_YFINANCE_GC=F
2025-06-13,3419.800048828125,3321.300048828125,3319.800048828125,65.98575265066964,DERIVED_FROM_YFINANCE_GC=F
2025-06-16,3468.0,3335.39990234375,3333.89990234375,65.08574567522321,DERIVED_FROM_YFINANCE_GC=F
2025-06-17,3476.300048828125,3358.5,3357.0,64.55718122209821,DERIVED_FROM_YFINANCE_GC=F
2025-06-18,3476.300048828125,3384.39990234375,3382.89990234375,63.65004185267857,DERIVED_FROM_YFINANCE_GC=F
2025-06-20,3476.300048828125,3380.10009765625,3378.60009765625,60.257167271205354,DERIVED_FROM_YFINANCE_GC=F
2025-06-23,3422.699951171875,3356.199951171875,3354.699951171875,60.600027901785715,DERIVED_FROM_YFINANCE_GC=F
2025-06-24,3419.0,3356.199951171875,3354.699951171875,55.82859584263393,DERIVED_FROM_YFINANCE_GC=F
2025-06-25,3413.800048828125,3308.300048828125,3306.800048828125,57.69287109375,DERIVED_FROM_YFINANCE_GC=F
2025-06-26,3413.800048828125,3308.300048828125,3306.800048828125,56.478585379464285,DERIVED_FROM_YFINANCE_GC=F
2025-06-27,3385.0,3308.300048828125,3306.800048828125,54.76429966517857,DERIVED_FROM_YFINANCE_GC=F
2025-06-30,3363.89990234375,3266.5,3265.0,55.62144252232143,DERIVED_FROM_YFINANCE_GC=F
2025-07-01,3363.89990234375,3250.5,3249.0,57.421456473214285,DERIVED_FROM_YFINANCE_GC=F
2025-07-02,3370.5,3250.5,3249.0,58.40004185267857,DERIVED_FROM_YFINANCE_GC=F
2025-07-03,3371.0,3250.5,3249.0,57.464320591517854,DERIVED_FROM_YFINANCE_GC=F
2025-07-04,3376.89990234375,3313.699951171875,3312.199951171875,55.992885044642854,DERIVED_FROM_YFINANCE_GC=F
2025-07-07,3376.89990234375,3321.39990234375,3319.89990234375,52.69288853236607,DERIVED_FROM_YFINANCE_GC=F
2025-07-08,3376.89990234375,3304.39990234375,3302.89990234375,50.771449497767854,DERIVED_FROM_YFINANCE_GC=F
2025-07-09,3355.60009765625,3295.39990234375,3293.89990234375,52.335745675223215,DERIVED_FROM_YFINANCE_GC=F
2025-07-10,3355.60009765625,3290.199951171875,3288.699951171875,52.085763113839285,DERIVED_FROM_YFINANCE_GC=F
2025-07-11,3355.60009765625,3290.199951171875,3288.699951171875,49.821463448660715,DERIVED_FROM_YFINANCE_GC=F
2025-07-14,3381.60009765625,3290.199951171875,3288.699951171875,50.071463448660715,DERIVED_FROM_YFINANCE_GC=F
2025-07-15,3389.300048828125,3319.199951171875,3317.699951171875,46.792898995535715,DERIVED_FROM_YFINANCE_GC=F
2025-07-16,3389.300048828125,3327.300048828125,3325.800048828125,48.3857421875,DERIVED_FROM_YFINANCE_GC=F
2025-07-17,3389.300048828125,3326.10009765625,3324.60009765625,49.69288853236607,DERIVED_FROM_YFINANCE_GC=F
2025-07-18,3385.800048828125,3314.300048828125,3312.800048828125,47.071463448660715,DERIVED_FROM_YFINANCE_GC=F
2025-07-21,3385.800048828125,3314.300048828125,3312.800048828125,44.19288853236607,DERIVED_FROM_YFINANCE_GC=F
2025-07-22,3416.89990234375,3314.300048828125,3312.800048828125,44.414306640625,DERIVED_FROM_YFINANCE_GC=F
2025-07-23,3447.5,3337.199951171875,3335.699951171875,45.757167271205354,DERIVED_FROM_YFINANCE_GC=F
2025-07-24,3451.699951171875,3351.0,3349.5,46.157156808035715,DERIVED_FROM_YFINANCE_GC=F
2025-07-25,3451.699951171875,3355.199951171875,3353.699951171875,47.850027901785715,DERIVED_FROM_YFINANCE_GC=F
2025-07-28,3451.699951171875,3325.5,3324.0,48.03574916294643,DERIVED_FROM_YFINANCE_GC=F
2025-07-29,3401.10009765625,3300.0,3298.5,46.978585379464285,DERIVED_FROM_YFINANCE_GC=F
2025-07-30,3376.60009765625,3300.0,3298.5,46.342860630580354,DERIVED_FROM_YFINANCE_GC=F
2025-07-31,3345.39990234375,3263.89990234375,3262.39990234375,49.75001743861607,DERIVED_FROM_YFINANCE_GC=F
2025-08-01,3332.300048828125,3263.89990234375,3262.39990234375,48.550013950892854,DERIVED_FROM_YFINANCE_GC=F
2025-08-04,3416.89990234375,3263.89990234375,3262.39990234375,54.471435546875,DERIVED_FROM_YFINANCE_GC=F
2025-08-05,3439.5,3272.89990234375,3271.39990234375,54.007167271205354,DERIVED_FROM_YFINANCE_GC=F
2025-08-06,3444.89990234375,3331.39990234375,3329.89990234375,52.714303152901785,DERIVED_FROM_YFINANCE_GC=F
2025-08-07,3444.89990234375,3397.89990234375,3396.39990234375,51.571446010044646,DERIVED_FROM_YFINANCE_GC=F
2025-08-08,3483.800048828125,3403.300048828125,3401.800048828125,53.214303152901785,DERIVED_FROM_YFINANCE_GC=F
2025-08-11,3534.10009765625,3411.699951171875,3410.199951171875,54.8714599609375,DERIVED_FROM_YFINANCE_GC=F
2025-08-12,3534.10009765625,3393.0,3391.5,58.1357421875,DERIVED_FROM_YFINANCE_GC=F
2025-08-13,3534.10009765625,3379.10009765625,3377.60009765625,56.03574916294643,DERIVED_FROM_YFINANCE_GC=F
2025-08-14,3466.300048828125,3379.10009765625,3377.60009765625,54.892892020089285,DERIVED_FROM_YFINANCE_GC=F
2025-08-15,3423.800048828125,3375.5,3374.0,54.69288853236607,DERIVED_FROM_YFINANCE_GC=F
2025-08-18,3423.800048828125,3375.5,3374.0,52.671473911830354,DERIVED_FROM_YFINANCE_GC=F
2025-08-19,3423.800048828125,3368.0,3366.5,53.321480887276785,DERIVED_FROM_YFINANCE_GC=F
2025-08-20,3403.60009765625,3358.10009765625,3356.60009765625,50.728602818080354,DERIVED_FROM_YFINANCE_GC=F
2025-08-21,3403.60009765625,3353.39990234375,3351.89990234375,50.857177734375,DERIVED_FROM_YFINANCE_GC=F
2025-08-22,3394.39990234375,3353.39990234375,3351.89990234375,43.950038364955354,DERIVED_FROM_YFINANCE_GC=F
2025-08-25,3423.39990234375,3353.39990234375,3351.89990234375,45.307163783482146,DERIVED_FROM_YFINANCE_GC=F
2025-08-26,3423.39990234375,3362.800048828125,3361.300048828125,43.478602818080354,DERIVED_FROM_YFINANCE_GC=F
2025-08-27,3443.300048828125,3362.800048828125,3361.300048828125,44.792881556919646,DERIVED_FROM_YFINANCE_GC=F
2025-08-28,3452.5,3396.10009765625,3394.60009765625,43.114310128348215,DERIVED_FROM_YFINANCE_GC=F
2025-08-29,3478.699951171875,3396.10009765625,3394.60009765625,39.335728236607146,DERIVED_FROM_YFINANCE_GC=F
2025-09-02,3518.5,3422.199951171875,3420.699951171875,36.27858189174107,DERIVED_FROM_YFINANCE_GC=F
2025-09-03,3602.39990234375,3442.5,3441.0,40.90000697544643,DERIVED_FROM_YFINANCE_GC=F
2025-09-04,3640.10009765625,3463.0,3461.5,42.185721261160715,DERIVED_FROM_YFINANCE_GC=F
2025-09-05,3640.10009765625,3506.0,3504.5,43.15000697544643,DERIVED_FROM_YFINANCE_GC=F
2025-09-08,3655.5,3573.699951171875,3572.199951171875,46.221435546875,DERIVED_FROM_YFINANCE_GC=F
2025-09-09,3685.699951171875,3573.699951171875,3572.199951171875,48.25,DERIVED_FROM_YFINANCE_GC=F
2025-09-10,3715.199951171875,3595.39990234375,3593.89990234375,49.671439034598215,DERIVED_FROM_YFINANCE_GC=F
2025-09-11,3715.199951171875,3621.699951171875,3620.199951171875,50.04286411830357,DERIVED_FROM_YFINANCE_GC=F
2025-09-12,3715.199951171875,3651.0,3649.5,50.721435546875,DERIVED_FROM_YFINANCE_GC=F
2025-09-15,3697.5,3651.0,3649.5,48.407156808035715,DERIVED_FROM_YFINANCE_GC=F
2025-09-16,3724.89990234375,3651.0,3649.5,51.700003487723215,DERIVED_FROM_YFINANCE_GC=F
2025-09-17,3739.89990234375,3662.800048828125,3661.300048828125,50.33571079799107,DERIVED_FROM_YFINANCE_GC=F
2025-09-18,3744.0,3662.800048828125,3661.300048828125,52.778564453125,DERIVED_FROM_YFINANCE_GC=F
2025-09-19,3744.0,3660.5,3659.0,54.285714285714285,DERIVED_FROM_YFINANCE_GC=F
2025-09-22,3744.0,3660.5,3659.0,54.26429966517857,DERIVED_FROM_YFINANCE_GC=F
2025-09-23,3783.300048828125,3660.5,3659.0,52.914306640625,DERIVED_FROM_YFINANCE_GC=F
2025-09-24,3824.60009765625,3664.39990234375,3662.89990234375,53.22145298549107,DERIVED_FROM_YFINANCE_GC=F
2025-09-25,3824.60009765625,3718.10009765625,3716.60009765625,53.521449497767854,DERIVED_FROM_YFINANCE_GC=F
2025-09-26,3824.60009765625,3749.699951171875,3748.199951171875,52.114310128348215,DERIVED_FROM_YFINANCE_GC=F
2025-09-29,3814.39990234375,3749.699951171875,3748.199951171875,51.142874581473215,DERIVED_FROM_YFINANCE_GC=F
2025-09-30,3863.699951171875,3751.89990234375,3750.39990234375,53.050013950892854,DERIVED_FROM_YFINANCE_GC=F
2025-10-01,3899.199951171875,3764.0,3762.5,55.371425083705354,DERIVED_FROM_YFINANCE_GC=F
2025-10-02,3922.699951171875,3785.5,3784.0,56.299996512276785,DERIVED_FROM_YFINANCE_GC=F
2025-10-03,3923.300048828125,3820.60009765625,3819.10009765625,60.035714285714285,DERIVED_FROM_YFINANCE_GC=F
2025-10-06,3923.300048828125,3842.800048828125,3841.300048828125,59.578578404017854,DERIVED_FROM_YFINANCE_GC=F
2025-10-07,3994.5,3842.800048828125,3841.300048828125,63.685738699776785,DERIVED_FROM_YFINANCE_GC=F
2025-10-08,4014.60009765625,3861.10009765625,3859.60009765625,62.735752650669646,DERIVED_FROM_YFINANCE_GC=F
2025-10-09,4081.0,3909.199951171875,3907.699951171875,64.11432756696429,DERIVED_FROM_YFINANCE_GC=F
2025-10-10,4081.0,3957.89990234375,3956.39990234375,68.74288504464286,DERIVED_FROM_YFINANCE_GC=F
2025-10-13,4081.0,3957.89990234375,3956.39990234375,68.73575265066964,DERIVED_FROM_YFINANCE_GC=F
2025-10-14,4137.2001953125,3957.89990234375,3956.39990234375,74.77861676897321,DERIVED_FROM_YFINANCE_GC=F
2025-10-15,4190.89990234375,3961.199951171875,3959.699951171875,76.20003836495536,DERIVED_FROM_YFINANCE_GC=F
2025-10-16,4235.7998046875,4011.300048828125,4009.800048828125,78.92145647321429,DERIVED_FROM_YFINANCE_GC=F
2025-10-17,4346.7001953125,4105.0,4103.5,85.68575613839286,DERIVED_FROM_YFINANCE_GC=F
2025-10-20,4392.0,4157.2998046875,4155.7998046875,94.10004534040179,DERIVED_FROM_YFINANCE_GC=F
2025-10-21,4398.0,4196.0,4194.5,101.67864118303571,DERIVED_FROM_YFINANCE_GC=F
2025-10-22,4398.0,4093.0,4091.5,119.61436244419643,DERIVED_FROM_YFINANCE_GC=F
2025-10-23,4398.0,4021.199951171875,4019.699951171875,124.85008021763393,DERIVED_FROM_YFINANCE_GC=F
2025-10-24,4393.60009765625,4021.199951171875,4019.699951171875,128.45009068080358,DERIVED_FROM_YFINANCE_GC=F
2025-10-27,4175.0,4021.199951171875,4019.699951171875,129.71437290736608,DERIVED_FROM_YFINANCE_GC=F
2025-10-28,4171.5,3985.89990234375,3984.39990234375,136.90720912388392,DERIVED_FROM_YFINANCE_GC=F
2025-10-29,4159.0,3901.300048828125,3899.800048828125,140.92862374441964,DERIVED_FROM_YFINANCE_GC=F
2025-10-30,4123.7998046875,3901.300048828125,3899.800048828125,140.65719168526786,DERIVED_FROM_YFINANCE_GC=F
2025-10-31,4046.199951171875,3901.300048828125,3899.800048828125,143.44288853236608,DERIVED_FROM_YFINANCE_GC=F
2025-11-03,4059.89990234375,3925.10009765625,3923.60009765625,139.21428571428572,DERIVED_FROM_YFINANCE_GC=F
2025-11-04,4059.89990234375,3925.10009765625,3923.60009765625,138.2071533203125,DERIVED_FROM_YFINANCE_GC=F
2025-11-05,4059.89990234375,3937.10009765625,3935.60009765625,138.37857491629464,DERIVED_FROM_YFINANCE_GC=F
2025-11-06,4043.10009765625,3935.699951171875,3934.199951171875,132.65713936941964,DERIVED_FROM_YFINANCE_GC=F
2025-11-07,4028.699951171875,3935.699951171875,3934.199951171875,122.62142508370536,DERIVED_FROM_YFINANCE_GC=F
2025-11-10,4035.800048828125,3935.699951171875,3934.199951171875,113.29997907366071,DERIVED_FROM_YFINANCE_GC=F
2025-11-11,4124.0,3973.199951171875,3971.699951171875,100.38568987165179,DERIVED_FROM_YFINANCE_GC=F
2025-11-12,4155.0,3981.60009765625,3980.10009765625,93.12855747767857,DERIVED_FROM_YFINANCE_GC=F
2025-11-13,4218.5,4004.199951171875,4002.699951171875,93.69998604910714,DERIVED_FROM_YFINANCE_GC=F
2025-11-14,4250.0,4102.7998046875,4101.2998046875,93.5714111328125,DERIVED_FROM_YFINANCE_GC=F
2025-11-17,4250.0,4032.60009765625,4031.10009765625,95.75713239397321,DERIVED_FROM_YFINANCE_GC=F
2025-11-18,4250.0,4006.800048828125,4005.300048828125,93.46428571428571,DERIVED_FROM_YFINANCE_GC=F
2025-11-19,4215.10009765625,3997.39990234375,3995.89990234375,91.32857840401786,DERIVED_FROM_YFINANCE_GC=F
2025-11-20,4134.2998046875,3997.39990234375,3995.89990234375,88.63570731026786,DERIVED_FROM_YFINANCE_GC=F
2025-11-21,4134.2998046875,3997.39990234375,3995.89990234375,88.49286760602679,DERIVED_FROM_YFINANCE_GC=F
2025-11-24,4134.2998046875,4018.10009765625,4016.60009765625,89.28571428571429,DERIVED_FROM_YFINANCE_GC=F
2025-11-25,4138.2001953125,4018.10009765625,4016.60009765625,90.77859933035714,DERIVED_FROM_YFINANCE_GC=F
2025-11-26,4156.2998046875,4018.10009765625,4016.60009765625,90.57144601004464,DERIVED_FROM_YFINANCE_GC=F
2025-11-28,4171.0,4036.39990234375,4034.89990234375,89.71430315290179,DERIVED_FROM_YFINANCE_GC=F
2025-12-01,4263.10009765625,4106.7001953125,4105.2001953125,92.83572823660714,DERIVED_FROM_YFINANCE_GC=F
2025-12-02,4299.60009765625,4127.5,4126.0,88.4571533203125,DERIVED_FROM_YFINANCE_GC=F
2025-12-03,4299.60009765625,4174.60009765625,4173.10009765625,90.49998256138393,DERIVED_FROM_YFINANCE_GC=F
2025-12-04,4299.60009765625,4194.0,4192.5,86.0999755859375,DERIVED_FROM_YFINANCE_GC=F
2025-12-05,4273.2998046875,4194.0,4192.5,82.2642822265625,DERIVED_FROM_YFINANCE_GC=F
2025-12-08,4290.5,4203.2998046875,4201.7998046875,74.16428920200893,DERIVED_FROM_YFINANCE_GC=F
2025-12-09,4290.5,4203.2998046875,4201.7998046875,70.09999302455357,DERIVED_FROM_YFINANCE_GC=F
2025-12-10,4290.5,4197.7998046875,4196.2998046875,67.78573172433036,DERIVED_FROM_YFINANCE_GC=F
2025-12-11,4268.7998046875,4197.7998046875,4196.2998046875,66.52146693638393,DERIVED_FROM_YFINANCE_GC=F
2025-12-12,4317.2998046875,4197.7998046875,4196.2998046875,67.7357177734375,DERIVED_FROM_YFINANCE_GC=F
2025-12-15,4387.7998046875,4207.7998046875,4206.2998046875,69.08571079799107,DERIVED_FROM_YFINANCE_GC=F
2025-12-16,4387.7998046875,4231.2001953125,4229.7001953125,66.69996861049107,DERIVED_FROM_YFINANCE_GC=F
2025-12-17,4387.7998046875,4286.0,4284.5,67.29997907366071,DERIVED_FROM_YFINANCE_GC=F
2025-12-18,4384.2998046875,4297.39990234375,4295.89990234375,67.97140066964286,DERIVED_FROM_YFINANCE_GC=F
2025-12-19,4409.5,4297.39990234375,4295.89990234375,66.085693359375,DERIVED_FROM_YFINANCE_GC=F
2025-12-22,4409.5,4330.7001953125,4329.2001953125,65.67142159598214,DERIVED_FROM_YFINANCE_GC=F
2025-12-23,4484.5,4336.2998046875,4334.7998046875,68.22858537946429,DERIVED_FROM_YFINANCE_GC=F
2025-12-24,4530.7998046875,4336.2998046875,4334.7998046875,69.69998604910714,DERIVED_FROM_YFINANCE_GC=F
2025-12-26,4555.10009765625,4367.89990234375,4366.39990234375,72.05712890625,DERIVED_FROM_YFINANCE_GC=F
2025-12-29,4584.0,4457.7001953125,4456.2001953125,72.92142159598214,DERIVED_FROM_YFINANCE_GC=F
2025-12-30,4584.0,4316.0,4314.5,88.73570033482143,DERIVED_FROM_YFINANCE_GC=F
2025-12-31,4584.0,4316.0,4314.5,90.72140066964286,DERIVED_FROM_YFINANCE_GC=F
2026-01-02,4581.2998046875,4284.2998046875,4282.7998046875,93.64997209821429,DERIVED_FROM_YFINANCE_GC=F
2026-01-05,4420.5,4284.2998046875,4282.7998046875,93.82854352678571,DERIVED_FROM_YFINANCE_GC=F
2026-01-06,4467.60009765625,4284.2998046875,4282.7998046875,96.41427176339286,DERIVED_FROM_YFINANCE_GC=F
2026-01-07,4508.2998046875,4319.7001953125,4318.2001953125,96.55712890625,DERIVED_FROM_YFINANCE_GC=F
2026-01-08,4512.39990234375,4354.60009765625,4353.10009765625,97.19998604910714,DERIVED_FROM_YFINANCE_GC=F
2026-01-09,4512.39990234375,4415.0,4413.5,98.72855050223214,DERIVED_FROM_YFINANCE_GC=F
2026-01-12,4527.0,4415.0,4413.5,98.35710797991071,DERIVED_FROM_YFINANCE_GC=F
2026-01-13,4640.5,4415.0,4413.5,104.56424386160714,DERIVED_FROM_YFINANCE_GC=F
2026-01-14,4644.0,4461.7998046875,4460.2998046875,101.04279436383929,DERIVED_FROM_YFINANCE_GC=F
2026-01-15,4650.5,4520.7998046875,4519.2998046875,99.835693359375,DERIVED_FROM_YFINANCE_GC=F
2026-01-16,4650.5,4576.7001953125,4575.2001953125,97.8642578125,DERIVED_FROM_YFINANCE_GC=F
2026-01-20,4650.5,4539.10009765625,4537.60009765625,98.23566545758929,DERIVED_FROM_YFINANCE_GC=F
2026-01-21,4771.5,4539.10009765625,4537.60009765625,91.8642578125,DERIVED_FROM_YFINANCE_GC=F
2026-01-22,4891.10009765625,4539.10009765625,4537.60009765625,95.59995814732143,DERIVED_FROM_YFINANCE_GC=F
2026-01-23,4944.2998046875,4622.2001953125,4620.7001953125,100.57135881696429,DERIVED_FROM_YFINANCE_GC=F
2026-01-26,4991.39990234375,4757.10009765625,4755.60009765625,100.22136579241071,DERIVED_FROM_YFINANCE_GC=F
2026-01-27,5107.89990234375,4772.7001953125,4771.2001953125,99.52134486607143,DERIVED_FROM_YFINANCE_GC=F
2026-01-28,5190.7998046875,4901.2001953125,4899.7001953125,107.79990931919643,DERIVED_FROM_YFINANCE_GC=F
2026-01-29,5415.2001953125,4983.60009765625,4982.10009765625,125.87848772321429,DERIVED_FROM_YFINANCE_GC=F
2026-01-30,5586.2001953125,5004.5,5003.0,155.478515625,DERIVED_FROM_YFINANCE_GC=F
2026-02-02,5586.2001953125,4700.39990234375,4698.89990234375,206.44283621651786,DERIVED_FROM_YFINANCE_GC=F
2026-02-03,5586.2001953125,4423.2001953125,4421.7001953125,230.92853655133928,DERIVED_FROM_YFINANCE_GC=F
2026-02-04,5480.2001953125,4423.2001953125,4421.7001953125,252.22855050223214,DERIVED_FROM_YFINANCE_GC=F
2026-02-05,5113.89990234375,4423.2001953125,4421.7001953125,265.79994419642856,DERIVED_FROM_YFINANCE_GC=F
2026-02-06,5113.89990234375,4690.2001953125,4688.7001953125,280.95706612723217,DERIVED_FROM_YFINANCE_GC=F
2026-02-09,5113.89990234375,4670.0,4668.5,298.0427943638393,DERIVED_FROM_YFINANCE_GC=F
2026-02-10,5111.10009765625,4670.0,4668.5,294.84280831473217,DERIVED_FROM_YFINANCE_GC=F
2026-02-11,5111.10009765625,4670.0,4668.5,291.82139369419644,DERIVED_FROM_YFINANCE_GC=F
2026-02-12,5144.5,4988.60009765625,4987.10009765625,287.67142159598217,DERIVED_FROM_YFINANCE_GC=F
2026-02-13,5144.5,4900.0,4898.5,297.14285714285717,DERIVED_FROM_YFINANCE_GC=F
2026-02-17,5144.5,4900.0,4898.5,299.55716378348217,DERIVED_FROM_YFINANCE_GC=F
2026-02-18,5122.7998046875,4854.2001953125,4852.7001953125,301.9785853794643,DERIVED_FROM_YFINANCE_GC=F
2026-02-19,5074.39990234375,4854.2001953125,4852.7001953125,289.89285714285717,DERIVED_FROM_YFINANCE_GC=F
2026-02-20,5074.39990234375,4854.2001953125,4852.7001953125,260.0785435267857,DERIVED_FROM_YFINANCE_GC=F
2026-02-23,5131.0,4868.5,4867.0,213.92138671875,DERIVED_FROM_YFINANCE_GC=F
2026-02-24,5257.2998046875,4971.5,4970.0,192.06424386160714,DERIVED_FROM_YFINANCE_GC=F
2026-02-25,5269.39990234375,4999.2998046875,4997.7998046875,177.37852260044642,DERIVED_FROM_YFINANCE_GC=F
2026-02-26,5269.39990234375,5109.5,5108.0,167.03567940848214,DERIVED_FROM_YFINANCE_GC=F
2026-02-27,5269.39990234375,5109.5,5108.0,153.89285714285714,DERIVED_FROM_YFINANCE_GC=F
2026-03-02,5299.0,5135.89990234375,5134.39990234375,138.92857142857142,DERIVED_FROM_YFINANCE_GC=F
2026-03-03,5434.10009765625,5144.7998046875,5143.2998046875,142.84999302455358,DERIVED_FROM_YFINANCE_GC=F
2026-03-04,5434.10009765625,5005.0,5003.5,164.09999302455358,DERIVED_FROM_YFINANCE_GC=F
2026-03-05,5434.10009765625,5005.0,5003.5,164.95713588169642,DERIVED_FROM_YFINANCE_GC=F
2026-03-06,5394.2001953125,5005.0,5003.5,159.42857142857142,DERIVED_FROM_YFINANCE_GC=F
2026-03-09,5218.2998046875,5058.89990234375,5057.39990234375,156.0,DERIVED_FROM_YFINANCE_GC=F
2026-03-10,5210.39990234375,5021.2001953125,5019.7001953125,153.78571428571428,DERIVED_FROM_YFINANCE_GC=F
2026-03-11,5248.7001953125,5021.2001953125,5019.7001953125,152.471435546875,DERIVED_FROM_YFINANCE_GC=F
2026-03-12,5248.7001953125,5021.2001953125,5019.7001953125,153.53574916294642,DERIVED_FROM_YFINANCE_GC=F
2026-03-13,5248.7001953125,5058.2001953125,5056.7001953125,153.96428571428572,DERIVED_FROM_YFINANCE_GC=F
2026-03-16,5230.89990234375,5014.10009765625,5012.60009765625,149.81427873883928,DERIVED_FROM_YFINANCE_GC=F
2026-03-17,5197.7998046875,4970.10009765625,4968.60009765625,144.93572126116072,DERIVED_FROM_YFINANCE_GC=F
2026-03-18,5132.39990234375,4970.10009765625,4968.60009765625,142.86429268973214,DERIVED_FROM_YFINANCE_GC=F
2026-03-19,5049.39990234375,4809.2998046875,4807.7998046875,152.24285016741072,DERIVED_FROM_YFINANCE_GC=F
2026-03-20,5049.39990234375,4505.0,4503.5,171.89285714285714,DERIVED_FROM_YFINANCE_GC=F
2026-03-23,5022.0,4478.39990234375,4476.89990234375,177.15000697544642,DERIVED_FROM_YFINANCE_GC=F
2026-03-24,4868.7001953125,4100.0,4098.5,183.27141462053572,DERIVED_FROM_YFINANCE_GC=F
2026-03-25,4738.2001953125,4100.0,4098.5,187.11429268973214,DERIVED_FROM_YFINANCE_GC=F
2026-03-26,4601.0,4100.0,4098.5,190.94287109375,DERIVED_FROM_YFINANCE_GC=F
2026-03-27,4601.0,4306.2998046875,4304.7998046875,197.37855747767858,DERIVED_FROM_YFINANCE_GC=F
2026-03-30,4601.0,4348.2001953125,4346.7001953125,196.93572126116072,DERIVED_FROM_YFINANCE_GC=F
2026-03-31,4579.10009765625,4348.2001953125,4346.7001953125,198.414306640625,DERIVED_FROM_YFINANCE_GC=F
2026-04-01,4684.10009765625,4369.10009765625,4367.60009765625,204.79286411830358,DERIVED_FROM_YFINANCE_GC=F
2026-04-02,4821.0,4413.39990234375,4411.89990234375,207.20717075892858,DERIVED_FROM_YFINANCE_GC=F
2026-04-06,4825.89990234375,4508.60009765625,4507.10009765625,216.29289899553572,DERIVED_FROM_YFINANCE_GC=F
2026-04-07,4825.89990234375,4580.39990234375,4578.89990234375,217.3857421875,DERIVED_FROM_YFINANCE_GC=F
2026-04-08,4825.89990234375,4580.39990234375,4578.89990234375,220.34291294642858,DERIVED_FROM_YFINANCE_GC=F
2026-04-09,4888.0,4626.2001953125,4624.7001953125,219.67145647321428,DERIVED_FROM_YFINANCE_GC=F
2026-04-10,4888.0,4631.89990234375,4630.39990234375,199.40000697544642,DERIVED_FROM_YFINANCE_GC=F
2026-04-13,4888.0,4718.60009765625,4717.10009765625,185.64997209821428,DERIVED_FROM_YFINANCE_GC=F
2026-04-14,4826.0,4626.0,4624.5,163.25711495535714,DERIVED_FROM_YFINANCE_GC=F
2026-04-15,4870.2998046875,4626.0,4624.5,157.79994419642858,DERIVED_FROM_YFINANCE_GC=F
2026-04-16,4895.39990234375,4626.0,4624.5,149.83565848214286,DERIVED_FROM_YFINANCE_GC=F
2026-04-17,4895.39990234375,4767.60009765625,4766.10009765625,140.199951171875,DERIVED_FROM_YFINANCE_GC=F
2026-04-20,4917.7001953125,4785.89990234375,4784.39990234375,136.54282924107142,DERIVED_FROM_YFINANCE_GC=F
2026-04-21,4917.7001953125,4752.0,4750.5,133.82139369419642,DERIVED_FROM_YFINANCE_GC=F
2026-04-22,4917.7001953125,4685.7998046875,4684.2998046875,133.35710797991072,DERIVED_FROM_YFINANCE_GC=F
2026-04-23,4854.7998046875,4685.7998046875,4684.2998046875,126.05709402901786,DERIVED_FROM_YFINANCE_GC=F
2026-04-24,4854.7998046875,4680.10009765625,4678.60009765625,115.03564453125,DERIVED_FROM_YFINANCE_GC=F
2026-04-27,4790.7998046875,4672.2001953125,4670.7001953125,113.46421595982143,DERIVED_FROM_YFINANCE_GC=F
2026-04-28,4771.2998046875,4672.2001953125,4670.7001953125,109.94988141741071,DERIVED_FROM_YFINANCE_GC=F
2026-04-29,4757.10009765625,4567.60009765625,4566.10009765625,106.06417410714286,DERIVED_FROM_YFINANCE_GC=F
2026-04-30,4745.7998046875,4522.2001953125,4520.7001953125,105.68558175223214,DERIVED_FROM_YFINANCE_GC=F
2026-05-01,4716.5,4522.2001953125,4520.7001953125,108.59273856026786,DERIVED_FROM_YFINANCE_GC=F
2026-05-04,4673.0,4522.2001953125,4520.7001953125,104.42131696428571,DERIVED_FROM_YFINANCE_GC=F
2026-05-05,4673.0,4510.10009765625,4508.60009765625,107.10703822544643,DERIVED_FROM_YFINANCE_GC=F
2026-05-06,4673.0,4510.10009765625,4508.60009765625,106.19988141741071,DERIVED_FROM_YFINANCE_GC=F
2026-05-07,4734.60009765625,4510.10009765625,4508.60009765625,114.00704520089286,DERIVED_FROM_YFINANCE_GC=F
2026-05-08,4775.2001953125,4522.7001953125,4521.2001953125,110.44276646205357,DERIVED_FROM_YFINANCE_GC=F
2026-05-11,4775.2001953125,4556.10009765625,4554.60009765625,107.71418108258929,DERIVED_FROM_YFINANCE_GC=F
2026-05-12,4775.2001953125,4655.10009765625,4653.60009765625,103.02130998883929,DERIVED_FROM_YFINANCE_GC=F
2026-05-13,4783.39990234375,4645.2001953125,4643.7001953125,107.80702427455357,DERIVED_FROM_YFINANCE_GC=F
2026-05-14,4783.39990234375,4645.2001953125,4643.7001953125,105.49274553571429,DERIVED_FROM_YFINANCE_GC=F
2026-05-15,4783.39990234375,4645.2001953125,4643.7001953125,104.89275251116071,DERIVED_FROM_YFINANCE_GC=F
2026-05-18,4734.7998046875,4513.7998046875,4512.2998046875,112.52849469866071,DERIVED_FROM_YFINANCE_GC=F
2026-05-19,4725.7998046875,4483.5,4482.0,109.39993722098214,DERIVED_FROM_YFINANCE_GC=F
2026-05-20,4670.10009765625,4467.10009765625,4465.60009765625,111.1142578125,DERIVED_FROM_YFINANCE_GC=F
2026-05-21,4593.2001953125,4455.0,4453.5,110.78567940848214,DERIVED_FROM_YFINANCE_GC=F
2026-05-22,4593.2001953125,4455.0,4453.5,109.43568638392857,DERIVED_FROM_YFINANCE_GC=F
2026-05-26,4572.39990234375,4455.0,4453.5,103.6142578125,DERIVED_FROM_YFINANCE_GC=F
2026-05-27,4583.2998046875,4480.0,4478.5,105.64997209821429,DERIVED_FROM_YFINANCE_GC=F
2026-05-28,4583.2998046875,4398.5,4397.0,102.15712193080357,DERIVED_FROM_YFINANCE_GC=F
2026-05-29,4583.2998046875,4363.5,4362.0,106.95710100446429,DERIVED_FROM_YFINANCE_GC=F
2026-06-01,4627.10009765625,4363.5,4362.0,109.69998604910714,DERIVED_FROM_YFINANCE_GC=F
2026-06-02,4627.10009765625,4363.5,4362.0,110.67857142857143,DERIVED_FROM_YFINANCE_GC=F
2026-06-03,4627.10009765625,4476.0,4474.5,106.45002092633929,DERIVED_FROM_YFINANCE_GC=F
2026-06-04,4577.2998046875,4454.0,4452.5,107.32861328125,DERIVED_FROM_YFINANCE_GC=F
2026-06-05,4571.2998046875,4450.10009765625,4448.60009765625,108.51433454241071,DERIVED_FROM_YFINANCE_GC=F
2026-06-08,4543.2001953125,4336.60009765625,4335.10009765625,108.55719866071429,DERIVED_FROM_YFINANCE_GC=F
2026-06-09,4543.2001953125,4293.0,4291.5,107.08576311383929,DERIVED_FROM_YFINANCE_GC=F
2026-06-10,4508.7001953125,4259.89990234375,4258.39990234375,107.271484375,DERIVED_FROM_YFINANCE_GC=F
2026-06-11,4388.60009765625,4090.10009765625,4088.60009765625,113.90719168526786,DERIVED_FROM_YFINANCE_GC=F
2026-06-12,4388.60009765625,4046.199951171875,4044.699951171875,121.83574567522321,DERIVED_FROM_YFINANCE_GC=F
2026-06-15,4281.10009765625,4046.199951171875,4044.699951171875,128.60716029575892,DERIVED_FROM_YFINANCE_GC=F
2026-06-16,4391.5,4046.199951171875,4044.699951171875,132.13575962611608,DERIVED_FROM_YFINANCE_GC=F
2026-06-17,4391.5,4191.10009765625,4189.60009765625,126.43573869977679,DERIVED_FROM_YFINANCE_GC=F
2026-06-18,4403.60009765625,4237.39990234375,4235.89990234375,127.65717424665179,DERIVED_FROM_YFINANCE_GC=F
2026-06-22,4403.60009765625,4220.2998046875,4218.7998046875,130.03573172433036,DERIVED_FROM_YFINANCE_GC=F
2026-06-23,4403.60009765625,4151.39990234375,4149.89990234375,128.4285888671875,DERIVED_FROM_YFINANCE_GC=F
2026-06-24,4350.2001953125,4108.2001953125,4106.7001953125,130.4857177734375,DERIVED_FROM_YFINANCE_GC=F
2026-06-25,4238.10009765625,3975.699951171875,3974.199951171875,137.81427873883928,DERIVED_FROM_YFINANCE_GC=F
2026-06-26,4216.0,3975.699951171875,3974.199951171875,137.14283970424108,DERIVED_FROM_YFINANCE_GC=F
2026-06-29,4132.39990234375,3975.699951171875,3974.199951171875,132.94996861049108,DERIVED_FROM_YFINANCE_GC=F
2026-06-30,4111.5,3976.300048828125,3974.800048828125,133.4071044921875,DERIVED_FROM_YFINANCE_GC=F
2026-07-01,4111.5,3955.39990234375,3953.89990234375,132.97853306361608,DERIVED_FROM_YFINANCE_GC=F
2026-07-02,4131.0,3955.39990234375,3953.89990234375,130.24283272879464,DERIVED_FROM_YFINANCE_GC=F
2026-07-06,4157.10009765625,3955.39990234375,3953.89990234375,124.47141810825893,DERIVED_FROM_YFINANCE_GC=F
2026-07-07,4215.5,3973.0,3971.5,119.89998953683036,DERIVED_FROM_YFINANCE_GC=F
2026-07-08,4215.5,4042.800048828125,4041.300048828125,115.39995465959821,DERIVED_FROM_YFINANCE_GC=F
2026-07-09,4215.5,4032.5,4031.0,120.76424734933036,DERIVED_FROM_YFINANCE_GC=F
2026-07-10,4192.39990234375,4032.5,4031.0,114.9642333984375,DERIVED_FROM_YFINANCE_GC=F
2026-07-13,4148.39990234375,4032.5,4031.0,107.949951171875,DERIVED_FROM_YFINANCE_GC=F
2026-07-14,4148.39990234375,3992.89990234375,3991.39990234375,109.82854352678571,DERIVED_FROM_YFINANCE_GC=F
2026-07-15,4144.60009765625,3990.39990234375,3988.89990234375,110.84999302455357,DERIVED_FROM_YFINANCE_GC=F
2026-07-16,4112.5,3990.39990234375,3988.89990234375,103.14285714285714,DERIVED_FROM_YFINANCE_GC=F
2026-07-17,4112.5,3973.39990234375,3971.89990234375,104.20000348772321,DERIVED_FROM_YFINANCE_GC=F
2026-07-20,4089.10009765625,3963.0,3961.5,100.80714634486607,DERIVED_FROM_YFINANCE_GC=F
2026-07-21,4071.89990234375,3963.0,3961.5,98.56429617745536,DERIVED_FROM_YFINANCE_GC=F
2026-07-22,4092.5,3963.0,3961.5,96.17142159598214,DERIVED_FROM_YFINANCE_GC=F
2026-07-23,4171.39990234375,3986.5,3985.0,91.67142159598214,DERIVED_FROM_YFINANCE_GC=F
2026-07-24,4171.39990234375,4003.300048828125,4001.800048828125,91.3214111328125,DERIVED_FROM_YFINANCE_GC=F
2026-07-27,4171.39990234375,4024.0,4022.5,89.278564453125,DERIVED_FROM_YFINANCE_GC=F
2026-07-28,4144.0,4024.0,4022.5,86.59999302455357,DERIVED_FROM_YFINANCE_GC=F
2026-07-29,4119.2998046875,4011.10009765625,4009.60009765625,83.00713239397321,DERIVED_FROM_YFINANCE_GC=F
2026-07-30,4119.2998046875,3993.800048828125,3992.300048828125,85.60714285714286,DERIVED_FROM_YFINANCE_GC=F
2026-07-31,4118.5,3993.800048828125,3992.300048828125,87.5428466796875,DERIVED_FROM_YFINANCE_GC=F
2026-08-03,4170.7001953125,3993.800048828125,3992.300048828125,85.64998953683036,DERIVED_FROM_YFINANCE_GC=F
2026-08-04,4170.7001953125,4028.5,4027.0,82.03569684709821,DERIVED_FROM_YFINANCE_GC=F
2026-08-05,4170.7001953125,4074.0,4072.5,82.57139369419643,DERIVED_FROM_YFINANCE_GC=F
2026-08-06,4328.2001953125,4074.0,4072.5,90.29282924107143,DERIVED_FROM_YFINANCE_GC=F
2026-08-07,4363.7001953125,4098.2001953125,4096.7001953125,91.47855050223214,DERIVED_FROM_YFINANCE_GC=F
2026-08-10,4432.2998046875,4121.60009765625,4120.10009765625,97.53567940848214,DERIVED_FROM_YFINANCE_GC=F
2026-08-11,4453.7998046875,4281.2001953125,4279.7001953125,96.87139020647321,DERIVED_FROM_YFINANCE_GC=F
2026-08-12,4495.0,4288.0,4286.5,95.74994768415179,DERIVED_FROM_YFINANCE_GC=F
2026-08-13,4502.7001953125,4373.89990234375,4372.39990234375,93.74283272879464,DERIVED_FROM_YFINANCE_GC=F
2026-08-14,4509.10009765625,4400.0,4398.5,97.16427176339286,DERIVED_FROM_YFINANCE_GC=F
2026-08-17,4509.10009765625,4365.5,4364.0,99.80001395089286,DERIVED_FROM_YFINANCE_GC=F
2026-08-18,4509.10009765625,4365.5,4364.0,99.05718122209821,DERIVED_FROM_YFINANCE_GC=F
2026-08-19,4493.10009765625,4365.5,4364.0,98.22862025669643,DERIVED_FROM_YFINANCE_GC=F
2026-08-20,4582.7998046875,4378.0,4376.5,106.42860630580357,DERIVED_FROM_YFINANCE_GC=F
2026-08-21,4597.10009765625,4378.0,4376.5,106.20002092633929,DERIVED_FROM_YFINANCE_GC=F
2026-08-24,4690.39990234375,4378.0,4376.5,110.01429966517857,DERIVED_FROM_YFINANCE_GC=F
2026-08-25,4738.5,4506.0,4504.5,110.97147042410714,DERIVED_FROM_YFINANCE_GC=F
2026-08-26,4755.0,4565.5,4564.0,103.03574916294643,DERIVED_FROM_YFINANCE_GC=F
2026-08-27,4755.0,4638.2001953125,4636.7001953125,103.76429966517857,DERIVED_FROM_YFINANCE_GC=F
2026-08-28,4755.0,4616.0,4614.5,99.29289899553571,DERIVED_FROM_YFINANCE_GC=F
2026-08-31,4730.89990234375,4495.0,4493.5,107.37147739955357,DERIVED_FROM_YFINANCE_GC=F
2026-09-01,4697.7001953125,4445.60009765625,4444.10009765625,107.72862025669643,DERIVED_FROM_YFINANCE_GC=F
2026-09-02,4688.0,4369.7001953125,4368.2001953125,111.97858537946429,DERIVED_FROM_YFINANCE_GC=F
2026-09-03,4521.5,4329.2001953125,4327.7001953125,112.41427176339286,DERIVED_FROM_YFINANCE_GC=F
2026-09-04,4558.5,4329.2001953125,4327.7001953125,116.32854352678571,DERIVED_FROM_YFINANCE_GC=F
2026-09-08,4558.5,4329.2001953125,4327.7001953125,120.87852260044643,DERIVED_FROM_YFINANCE_GC=F
2026-09-09,4558.5,4381.0,4379.5,120.73563058035714,DERIVED_FROM_YFINANCE_GC=F
2026-09-10,4537.7998046875,4381.0,4379.5,112.88563755580357,DERIVED_FROM_YFINANCE_GC=F
2026-09-11,4488.7998046875,4354.7001953125,4353.2001953125,115.32132393973214,DERIVED_FROM_YFINANCE_GC=F
2026-09-14,4479.89990234375,4333.0,4331.5,114.39275251116071,DERIVED_FROM_YFINANCE_GC=F
2026-09-15,4479.89990234375,4293.0,4291.5,116.47844587053571,DERIVED_FROM_YFINANCE_GC=F
2026-09-16,4444.89990234375,4293.0,4291.5,113.69988141741071,DERIVED_FROM_YFINANCE_GC=F
2026-09-17,4413.10009765625,4273.2998046875,4271.7998046875,117.064208984375,DERIVED_FROM_YFINANCE_GC=F
2026-09-18,4423.2998046875,4273.2998046875,4271.7998046875,120.428466796875,DERIVED_FROM_YFINANCE_GC=F
2026-09-21,4439.7998046875,4273.2998046875,4271.7998046875,111.47129603794643,DERIVED_FROM_YFINANCE_GC=F
2026-09-22,4439.7998046875,4294.5,4293.0,110.06417410714286,DERIVED_FROM_YFINANCE_GC=F
2026-09-23,4439.7998046875,4327.60009765625,4326.10009765625,106.18561662946429,DERIVED_FROM_YFINANCE_GC=F
2026-09-24,4422.10009765625,4310.7001953125,4309.2001953125,104.871337890625,DERIVED_FROM_YFINANCE_GC=F
2026-09-25,4414.10009765625,4278.2998046875,4276.7998046875,98.85707310267857,DERIVED_FROM_YFINANCE_GC=F
